feature,excl_in_n_genes,min_enr,mean_enr,COL4A1_n_in,COL4A1_n_out,COL4A1_enr,COL4A2_n_in,COL4A2_n_out,COL4A2_enr,COL4A3_n_in,COL4A3_n_out,COL4A3_enr,COL4A4_n_in,COL4A4_n_out,COL4A4_enr,COL4A5_n_in,COL4A5_n_out,COL4A5_enr,COL4A6_n_in,COL4A6_n_out,COL4A6_enr
11876,5,1000.0,1051.073,46,0,1000.0,37,1,1306.44,14,0,1000.0,2,0,1000.0,36,0,1000.0,41,0,1000.0
9386,1,275.877,714.0,66,0,1000.0,50,6,294.24,29,1,1039.69,33,3,685.12,70,2,989.07,53,15,275.88
18111,0,240.203,4180.033,126,3,512.12,352,3,4142.94,36,4,322.66,315,2,9809.7,17,2,240.2,515,4,10052.58
6349,4,195.092,752.146,16,1,195.09,9,1,317.78,1,0,1000.0,1,0,1000.0,10,0,1000.0,9,0,1000.0
12347,5,141.237,856.873,7,0,1000.0,4,1,141.24,7,0,1000.0,3,0,1000.0,6,0,1000.0,7,0,1000.0
27948,2,71.703,427.658,6,1,73.16,9,0,1000.0,2,1,71.7,3,1,186.85,1,0,1000.0,6,2,234.23
3118,0,48.773,148.876,60,15,48.77,54,22,86.67,56,7,286.81,79,16,307.53,58,17,96.41,67,78,67.07
31095,3,46.174,533.392,14,0,1000.0,17,13,46.17,40,0,1000.0,20,0,1000.0,6,2,84.78,16,18,69.4
20512,0,39.955,138.95,64,4,195.09,43,38,39.96,62,17,130.75,36,17,131.9,52,6,244.91,35,30,91.09
27113,1,39.628,288.502,13,4,39.63,10,3,117.7,7,1,250.96,6,0,1000.0,7,4,49.45,14,4,273.27
30847,0,38.519,187.733,66,2,402.38,60,55,38.52,94,74,45.54,70,15,290.66,66,8,233.14,61,41,116.17
23834,0,35.309,144.122,14,4,42.68,8,8,35.31,7,1,250.96,2,1,124.57,14,4,98.91,8,2,312.31
3407,1,34.701,221.202,6,0,1000.0,12,7,60.53,3,2,53.78,3,2,93.43,3,1,84.78,8,18,34.7
11662,0,31.792,50.152,9,3,36.58,8,6,47.08,9,6,53.78,9,9,62.28,9,8,31.79,8,9,69.4
29833,0,31.354,122.624,18,7,31.35,19,6,111.81,22,7,112.68,41,9,283.74,15,7,60.56,33,19,135.61
91,0,30.483,72.17,5,2,30.48,5,4,44.14,9,2,161.33,5,3,103.81,4,2,56.52,8,17,36.74
16337,0,28.434,175.694,669,154,52.97,435,57,269.46,74,27,98.26,21,46,28.43,778,124,177.3,630,115,427.73
18282,0,24.668,61.488,49,24,24.89,51,73,24.67,68,21,116.09,44,25,109.62,54,51,29.92,40,49,63.74
32266,0,24.652,62.623,46,15,37.39,55,48,40.46,37,10,132.65,34,33,64.17,41,47,24.65,46,47,76.42
25018,0,24.638,327.879,2306,143,196.63,1196,1714,24.64,261,37,252.9,819,139,366.98,1150,59,550.82,1680,228,575.31
25881,0,24.387,76.412,14,7,24.39,17,6,100.04,13,9,51.79,16,7,142.36,12,5,67.82,12,13,72.07
16793,0,22.064,686.703,38,21,22.06,31,13,84.2,27,40,24.2,44,34,80.6,28,2,395.63,45,1,3513.52
11206,0,19.306,44.185,19,12,19.31,20,25,28.25,22,19,41.51,14,33,26.42,17,5,96.08,24,35,53.54
15815,0,18.839,104.016,15,1,182.9,10,2,176.55,8,5,57.36,6,3,124.57,12,18,18.84,9,11,63.88
22548,0,16.028,30.865,82,29,34.48,54,40,47.67,52,58,32.14,38,86,27.52,76,134,16.03,55,157,27.35
17344,0,16.019,34.797,67,51,16.02,93,173,18.98,49,49,35.85,38,42,56.35,80,88,25.69,68,95,55.89
15763,0,15.654,53.699,95,74,15.65,111,159,24.65,72,44,58.67,88,47,116.62,83,129,18.18,94,83,88.43
5149,0,15.571,49.44,11,1,134.13,7,7,35.31,4,7,20.49,2,8,15.57,6,7,24.22,6,7,66.92
19957,0,15.571,41.927,8,1,97.55,5,3,58.85,6,7,30.73,2,8,15.57,6,9,18.84,5,13,30.03
12632,0,15.414,73.992,67,53,15.41,68,82,29.28,33,18,65.73,66,24,171.28,41,17,68.15,47,39,94.09
1407,0,15.057,129.965,20,5,48.77,62,6,364.86,12,6,71.7,28,13,134.15,478,93,145.25,1170,6067,15.06
1847,0,13.58,34.948,25,22,13.86,10,26,13.58,6,9,23.9,15,13,71.87,7,12,16.48,26,29,70.0
10185,0,13.564,27.684,13,11,14.41,11,9,43.16,7,12,20.91,5,8,38.93,12,25,13.56,9,20,35.14
30199,0,13.548,47.169,10,9,13.55,9,8,39.72,8,7,40.97,8,4,124.57,7,6,32.97,8,20,31.23
27966,0,13.543,28.144,41,26,19.23,28,73,13.54,32,70,16.39,29,35,51.61,24,46,14.74,41,60,53.35
15595,0,13.416,33.14,49,17,35.15,57,36,55.91,29,21,49.51,33,94,21.87,47,99,13.42,43,146,23.0
9304,0,13.037,34.292,9,7,15.68,10,6,58.85,8,22,13.04,11,11,62.28,7,5,39.56,9,43,16.34
3359,0,13.009,43.64,15,11,16.63,14,38,13.01,28,13,77.22,46,25,114.6,11,20,15.54,21,66,24.84
18515,0,12.845,127.508,12,1,146.32,9,7,45.4,8,1,286.81,10,3,207.61,10,22,12.85,11,13,66.07
16670,0,12.193,28.648,112,112,12.19,57,111,18.13,95,59,57.73,47,143,20.47,72,141,14.43,89,142,48.94
26070,0,12.111,24.396,12,10,14.63,10,22,16.05,7,15,16.73,7,12,36.33,9,21,12.11,11,17,50.52
1109,0,11.304,17.092,15,16,11.43,11,23,16.89,12,27,15.93,13,24,33.74,14,35,11.3,9,53,13.26
28003,0,10.426,422.226,68,7,118.45,144,4,1271.13,76,5,544.94,206,55,233.28,38,103,10.43,141,31,355.13
21653,0,10.161,48.414,10,12,10.16,7,11,22.47,8,16,17.93,17,6,176.47,6,9,18.84,12,21,44.62
16391,0,10.042,26.608,14,17,10.04,15,22,24.07,13,21,22.19,16,22,45.3,10,14,20.19,16,33,37.86
13051,0,9.38,125.311,510,173,35.95,132,90,51.79,45,172,9.38,70,79,55.19,144,73,55.74,599,86,543.82
21953,0,9.145,33.274,6,8,9.14,7,7,35.31,8,10,28.68,11,13,52.7,4,4,28.26,7,12,45.55
3999,0,9.145,23.781,12,16,9.14,10,12,29.42,16,15,38.24,10,33,18.87,11,27,11.51,15,33,35.49
22517,0,8.924,35.292,19,9,25.74,22,15,51.79,15,13,41.37,11,13,52.7,18,57,8.92,20,50,31.23
4611,0,8.812,62.513,24,5,58.53,34,5,240.1,11,17,23.2,7,29,15.03,29,93,8.81,29,77,29.41
6054,0,8.568,14.178,52,74,8.57,23,55,14.77,39,90,15.54,18,98,11.44,55,114,13.63,23,85,21.13
2723,0,8.54,37.496,479,591,9.88,550,996,19.5,187,785,8.54,68,62,68.31,546,540,28.57,895,775,90.17
3595,0,8.419,26.163,87,126,8.42,56,82,24.11,75,89,30.21,41,92,27.76,75,225,9.42,57,78,57.06
29623,0,8.383,98.245,11,16,8.38,19,21,31.95,11,16,24.65,19,3,394.46,9,7,36.33,12,10,93.69
26746,0,8.366,14.501,69,61,13.79,33,70,16.65,30,88,12.22,9,67,8.37,34,89,10.8,30,93,25.19
24071,0,8.357,37.94,61,89,8.36,51,60,30.01,40,42,34.14,39,37,65.65,52,85,17.29,49,53,72.19
8733,0,8.129,17.049,4,6,8.13,5,8,22.07,4,10,14.34,5,9,34.6,4,13,8.7,5,27,14.46
3176,0,8.114,12.537,48,61,9.59,46,154,10.55,14,55,9.13,26,68,23.81,29,101,8.11,30,167,14.03
5557,0,8.074,24.28,11,8,16.77,7,7,35.31,6,17,12.65,7,10,43.6,8,28,8.07,9,24,29.28
1359,1,8.074,183.219,6,0,1000.0,4,5,28.25,2,4,17.93,3,7,26.69,2,7,8.07,4,17,18.37
12387,0,8.074,28.899,10,6,20.32,13,12,38.25,5,8,22.41,8,11,45.3,8,28,8.07,9,18,39.04
28258,0,7.998,20.415,31,31,12.19,19,29,23.13,16,18,31.87,18,58,19.33,15,53,8.0,24,67,27.97
6489,0,7.998,21.214,76,113,8.2,70,91,27.16,61,100,21.87,68,121,35.0,60,212,8.0,79,228,27.05
19166,0,7.846,20.638,44,46,11.66,18,81,7.85,24,37,23.25,13,26,31.14,27,33,23.12,23,67,26.8
32368,0,7.846,33.432,10,12,10.16,2,9,7.85,11,13,30.34,16,11,90.59,9,18,14.13,14,23,47.53
5099,0,7.808,21.814,16,9,21.68,7,14,17.65,26,23,40.53,6,19,19.67,15,18,23.55,4,40,7.81
18666,0,7.804,13.974,32,50,7.8,20,56,12.61,27,57,16.98,16,72,13.84,28,74,10.69,16,57,21.92
16942,0,7.785,25.087,4,1,48.77,1,1,35.31,2,2,35.85,1,8,7.79,2,4,14.13,1,9,8.68
21355,0,7.707,50.325,18,11,19.95,26,8,114.75,13,17,27.42,15,32,29.2,12,44,7.71,29,22,102.92
18294,0,7.627,26.197,86,62,16.91,8,26,10.86,23,37,22.29,6,49,7.63,49,135,10.26,32,28,89.23
26721,0,7.548,22.299,52,84,7.55,23,38,21.37,39,69,20.26,30,69,27.08,33,71,13.13,29,51,44.4
10356,0,7.437,33.332,12,9,16.26,10,6,58.85,12,8,53.78,9,18,31.14,5,19,7.44,10,24,32.53
11184,0,7.316,12.556,6,10,7.32,3,11,9.63,5,12,14.94,3,17,10.99,4,13,8.7,7,23,23.76
7413,0,7.24,22.956,19,32,7.24,20,64,11.03,29,46,22.6,32,50,39.86,18,19,26.77,24,62,30.22
23015,0,7.17,29.876,7,1,85.35,2,8,8.83,1,5,7.17,1,7,8.9,3,5,16.96,4,6,52.05
9391,0,7.062,15.225,5,7,8.71,3,15,7.06,5,10,17.93,3,7,26.69,3,7,12.11,7,29,18.85
14458,0,6.968,18.236,12,21,6.97,14,43,11.5,14,35,14.34,12,33,22.65,15,19,22.31,15,37,31.65
22102,0,6.93,15.112,694,947,8.94,104,521,7.05,173,895,6.93,126,353,22.23,444,940,13.35,265,643,32.18
12956,0,6.924,18.278,65,59,13.43,88,101,30.76,68,164,14.87,56,141,24.74,86,351,6.92,74,305,18.94
8653,0,6.792,10.881,83,149,6.79,41,120,12.06,32,113,10.15,10,76,8.2,45,161,7.9,38,147,20.18
16926,0,6.774,12.51,5,9,6.77,5,8,22.07,2,9,7.97,2,8,15.57,2,8,7.06,5,25,15.62
31151,0,6.756,18.793,41,74,6.76,12,31,13.67,50,88,20.37,25,61,25.53,44,85,14.63,22,54,31.81
21023,0,6.728,15.526,20,13,18.76,11,36,10.79,10,40,8.96,10,30,20.76,10,42,6.73,16,46,27.16
28282,0,6.706,13.243,11,20,6.71,12,32,13.24,7,16,15.68,9,73,7.68,5,9,15.7,11,42,20.45
5050,0,6.704,34.573,173,53,39.8,124,50,87.57,77,67,41.2,44,323,8.48,93,392,6.7,165,544,23.68
21119,0,6.566,14.245,7,13,6.57,10,47,7.51,9,18,17.93,6,23,16.25,7,20,9.89,7,20,27.33
10799,0,6.556,17.018,32,34,11.48,33,64,18.21,14,16,31.37,2,19,6.56,20,28,20.19,11,60,14.31
8392,0,6.498,10.048,196,315,7.59,53,288,6.5,60,313,6.87,69,414,10.38,106,441,6.79,84,296,22.16
29219,0,6.4,12.013,185,306,7.37,172,949,6.4,224,979,8.2,190,797,14.85,215,299,20.32,172,899,14.94
20363,0,6.389,51.922,30,4,91.45,43,23,66.01,21,8,94.11,13,25,32.39,26,115,6.39,35,129,21.18
17858,0,6.3,18.529,31,60,6.3,31,108,10.14,38,93,14.65,36,95,23.6,35,32,30.91,38,116,25.58
2782,0,6.221,18.152,25,49,6.22,12,47,9.02,26,29,32.14,12,60,12.46,27,76,10.04,18,36,39.04
24750,0,6.153,11.437,23,29,9.67,19,35,19.17,18,40,16.13,11,93,7.37,27,124,6.15,17,131,10.13
27114,0,6.143,18.367,15,13,14.07,4,15,9.42,7,11,22.81,9,13,43.12,10,46,6.14,6,32,14.64
32222,0,6.138,26.562,86,59,17.77,115,86,47.22,54,66,29.33,65,185,21.88,96,442,6.14,92,194,37.03
10599,0,6.097,14.572,5,10,6.1,6,10,21.19,3,10,10.76,4,9,27.68,4,10,11.3,4,30,10.41
31020,0,6.095,29.504,23,14,20.03,17,12,50.02,20,22,32.59,15,27,34.6,11,51,6.1,22,51,33.68
10709,0,5.975,9.463,7,14,6.1,3,13,8.15,3,18,5.98,3,19,9.83,6,12,14.13,5,31,12.59
22073,0,5.949,11.492,8,12,8.13,12,52,8.15,14,25,20.08,7,30,14.53,8,38,5.95,9,58,12.12
29890,0,5.915,14.312,33,44,9.14,38,69,19.45,18,59,10.94,22,77,17.8,18,86,5.91,40,138,22.63
6912,0,5.873,8.843,250,506,6.02,126,526,8.46,99,554,6.41,81,859,5.87,168,704,6.74,142,567,19.55
880,0,5.738,12.639,236,258,11.15,72,194,13.1,74,353,7.52,48,521,5.74,188,516,10.3,84,234,28.03
31910,0,5.69,20.269,49,105,5.69,25,36,24.52,44,76,20.76,22,66,20.76,36,82,12.41,24,50,37.48
6610,0,5.652,11.275,2,3,8.13,1,3,11.77,4,6,23.9,1,8,7.79,1,5,5.65,2,15,10.41
9660,0,5.628,11.971,6,13,5.63,4,14,10.09,2,7,10.24,5,12,25.95,1,2,14.13,2,27,5.78
18786,0,5.585,20.015,58,58,12.19,74,73,35.79,61,118,18.53,45,118,23.75,67,339,5.59,54,174,24.23
10558,3,5.516,544.808,1,0,1000.0,1,0,1000.0,2,13,5.52,4,1,249.14,1,0,1000.0,2,11,14.2
6202,0,5.496,13.792,32,71,5.5,18,50,12.71,17,63,9.67,22,81,16.92,35,55,17.98,11,43,19.97
25229,0,5.411,11.348,17,24,8.64,10,28,12.61,12,45,9.56,9,56,10.01,9,47,5.41,14,50,21.86
23880,0,5.393,18.647,23,52,5.39,22,94,8.26,22,34,23.2,18,57,19.67,16,19,23.8,19,47,31.56
1522,0,5.364,10.077,255,565,5.5,109,430,8.95,106,556,6.83,67,778,5.36,143,752,5.37,185,508,28.43
5962,0,5.308,9.478,138,317,5.31,81,323,8.85,46,260,6.34,36,412,5.44,97,452,6.06,78,245,24.86
17598,0,5.299,16.864,6,8,9.14,7,8,30.9,3,15,7.17,4,10,24.91,3,16,5.3,7,23,23.76
11505,0,5.28,11.383,42,97,5.28,27,84,11.35,24,101,8.52,27,96,17.52,34,84,11.44,28,154,14.2
32517,0,5.272,34.081,15,8,22.86,16,10,56.49,5,34,5.27,18,44,25.48,11,7,44.41,16,25,49.97
26427,0,5.206,11.729,221,483,5.58,107,498,7.59,157,530,10.62,64,611,6.52,119,646,5.21,196,439,34.86
9329,0,5.19,17.724,12,17,8.61,15,15,35.31,6,34,6.33,10,22,28.31,9,49,5.19,11,38,22.6
23744,0,5.182,35.083,17,40,5.18,18,83,7.66,7,6,41.83,11,9,76.12,9,7,36.33,10,18,43.38
17067,0,5.146,16.399,46,109,5.15,54,77,24.76,19,77,8.85,23,93,15.4,27,122,6.25,54,111,37.98
16557,0,5.081,9.306,10,24,5.08,8,25,11.3,8,27,10.62,5,30,10.38,5,20,7.06,7,48,11.39
23696,0,5.025,8.73,75,182,5.02,48,224,7.57,57,202,10.12,48,278,10.75,65,269,6.83,46,297,12.09
27416,0,5.015,12.748,204,496,5.01,175,775,7.97,216,803,9.64,200,1010,12.33,210,351,16.91,227,720,24.62
8080,0,5.008,19.251,23,56,5.01,13,76,6.04,31,46,24.16,20,32,38.93,19,21,25.57,17,84,15.8
26024,0,4.984,11.659,14,14,12.19,5,21,8.41,16,19,30.19,6,46,8.12,6,28,6.06,3,47,4.98
24059,0,4.983,8.001,226,553,4.98,67,427,5.54,114,656,6.23,104,786,8.24,173,882,5.54,134,599,17.47
26541,0,4.977,9.069,20,49,4.98,16,112,5.04,17,71,8.58,11,57,12.02,18,50,10.17,15,86,13.62
11124,0,4.954,9.002,13,32,4.95,5,28,6.31,10,44,8.15,9,41,13.67,14,58,6.82,15,83,14.11
4208,0,4.954,24.611,13,32,4.95,11,29,13.39,15,17,31.63,11,27,25.37,18,23,22.12,18,28,50.19
21033,0,4.945,17.151,59,60,11.99,79,87,32.06,53,93,20.43,39,174,13.96,77,440,4.95,72,288,19.52
8404,0,4.927,35.753,12,4,36.58,6,43,4.93,14,12,41.83,15,10,93.43,6,20,8.48,9,24,29.28
10005,0,4.877,10.388,140,350,4.88,62,259,8.45,68,303,8.05,51,283,11.22,79,207,10.78,74,305,18.94
32495,0,4.877,12.393,16,40,4.88,14,23,21.49,15,67,8.03,10,41,15.19,16,58,7.8,15,69,16.97
25378,0,4.877,12.104,2,5,4.88,1,5,7.06,1,5,7.17,2,5,24.91,2,3,18.84,2,16,9.76
28870,0,4.825,18.388,11,11,12.19,12,13,32.59,5,11,16.3,5,15,20.76,7,41,4.82,10,33,23.66
19915,0,4.813,12.433,81,111,8.9,70,125,19.77,57,157,13.02,44,189,14.5,78,458,4.81,70,402,13.6
1055,0,4.789,7.327,370,942,4.79,97,659,5.2,89,611,5.22,82,790,6.46,208,1194,4.92,143,643,17.36
31534,0,4.772,5.821,24,60,4.88,15,111,4.77,20,114,6.29,12,110,6.79,19,107,5.02,17,185,7.17
26733,0,4.772,25.385,76,111,8.35,15,111,4.77,41,34,43.23,23,35,40.93,47,47,28.26,24,70,26.77
23470,0,4.753,9.676,115,295,4.75,139,626,7.84,73,428,6.11,111,377,18.34,107,339,8.92,109,704,12.09
22254,0,4.748,23.309,44,113,4.75,36,124,10.25,58,127,16.37,66,144,28.55,35,44,22.48,78,106,57.45
30610,0,4.746,40.905,24,21,13.94,57,22,91.48,37,27,49.13,41,58,44.03,22,131,4.75,48,89,42.11
24955,0,4.718,8.208,26,28,11.32,25,115,7.68,9,36,8.96,5,66,4.72,16,92,4.91,20,134,11.65
7254,0,4.69,9.838,15,39,4.69,10,56,6.31,11,43,9.17,14,59,14.78,11,39,7.97,13,63,16.11
3443,0,4.69,22.408,5,13,4.69,5,12,14.71,3,7,15.36,5,6,51.9,3,3,28.26,2,8,19.52
32062,0,4.55,13.618,36,44,9.98,32,47,24.04,29,76,13.68,27,98,17.16,38,236,4.55,26,165,12.3
27129,0,4.489,16.508,253,566,5.45,201,740,9.59,74,591,4.49,88,365,15.02,297,271,30.97,289,673,33.53
5042,0,4.48,40.149,29,36,9.82,24,27,31.39,31,25,44.46,59,31,118.54,13,82,4.48,33,80,32.21
7246,0,4.465,10.536,26,71,4.47,18,113,5.62,19,76,8.96,12,52,14.37,22,47,13.23,21,99,16.56
2786,0,4.458,11.838,42,48,10.67,67,109,21.7,45,103,15.66,20,112,11.12,53,336,4.46,30,316,7.41
32012,0,4.449,5.416,3,7,5.23,5,28,6.31,3,19,5.66,1,14,4.45,6,30,5.65,3,45,5.21
15311,0,4.434,41.567,4,11,4.43,15,9,58.85,14,10,50.19,17,12,88.24,4,9,12.56,9,20,35.14
21525,0,4.429,13.277,89,118,9.2,78,172,16.01,68,164,14.87,74,230,20.04,84,536,4.43,79,408,15.12
21971,0,4.336,16.194,117,329,4.34,60,141,15.03,43,283,5.45,29,287,6.29,137,325,11.91,86,124,54.15
28247,0,4.306,10.208,415,733,6.9,231,792,10.3,131,677,6.94,71,1027,4.31,232,1074,6.1,225,658,26.7
31742,0,4.302,193.621,55,12,55.89,65,53,43.3,3,25,4.3,48,5,597.92,8,1,226.07,66,22,234.23
15779,0,4.291,15.753,126,358,4.29,157,330,16.8,103,293,12.6,79,284,17.33,147,402,10.33,127,299,33.16
29731,0,4.253,14.458,15,43,4.25,14,42,11.77,15,45,11.95,14,45,19.38,13,23,15.97,12,40,23.42
28174,0,4.239,40.165,8,1,97.55,6,3,70.62,3,6,17.93,3,6,31.14,3,20,4.24,6,24,19.52
425,0,4.229,8.31,41,109,4.59,46,134,12.12,24,85,10.12,19,171,6.92,41,274,4.23,35,230,11.88
22639,0,4.222,9.306,107,309,4.22,97,683,5.01,109,519,7.53,107,460,14.49,108,305,10.01,98,525,14.57
1839,0,4.218,16.149,8,7,13.94,7,8,30.9,2,17,4.22,5,12,25.95,6,25,6.78,6,31,15.11
13987,0,4.187,10.242,7,15,5.69,7,20,12.36,7,16,15.68,3,14,13.35,8,54,4.19,6,46,10.18
7092,0,4.187,14.809,4,4,12.19,8,6,47.08,3,16,6.72,1,11,5.66,4,27,4.19,4,24,13.01
24074,0,4.181,10.09,12,35,4.18,14,64,7.72,15,63,8.54,14,69,12.64,17,30,16.01,11,75,11.45
627,0,4.177,14.072,58,66,10.72,59,148,14.08,48,121,14.22,56,189,18.45,51,345,4.18,61,209,22.79
28546,0,4.121,8.368,103,175,7.18,62,246,8.9,63,193,11.7,51,388,8.19,63,432,4.12,63,486,10.12
30296,0,4.105,7.369,227,405,6.83,65,397,5.78,45,368,4.38,29,440,4.11,101,620,4.6,82,346,18.5
12313,0,4.064,7.269,4,12,4.06,3,13,8.15,3,13,8.27,2,17,7.33,3,10,8.48,3,32,7.32
15842,0,4.064,10.719,4,12,4.06,7,19,13.01,2,8,8.96,4,13,19.16,2,5,11.3,1,10,7.81
3436,0,4.064,11.504,5,15,4.06,7,14,17.65,2,11,6.52,2,9,13.84,2,10,5.65,6,22,21.29
16900,0,4.037,15.603,7,10,8.54,5,12,14.71,8,11,26.07,5,14,22.24,8,56,4.04,9,39,18.02
30450,0,4.037,6.935,6,15,4.88,7,48,5.15,7,33,7.6,4,21,11.86,5,35,4.04,6,58,8.08
626,0,4.029,6.889,75,227,4.03,57,352,5.72,69,328,7.54,51,329,9.65,66,397,4.7,55,443,9.69
32537,0,3.988,6.943,35,107,3.99,18,130,4.89,22,145,5.44,14,126,6.92,28,125,6.33,24,133,14.09
19358,0,3.944,7.684,61,159,4.68,18,68,9.35,22,200,3.94,27,152,11.06,48,298,4.55,38,237,12.52
10071,0,3.909,34.06,42,48,10.67,181,149,42.89,163,187,31.25,125,111,70.14,35,253,3.91,88,151,45.5
3763,0,3.904,7.292,5,11,5.54,3,9,11.77,4,17,8.44,3,31,6.03,4,14,8.07,2,40,3.9
10681,0,3.873,10.967,49,89,6.71,71,183,13.7,81,186,15.61,52,291,11.13,71,518,3.87,49,259,14.77
26966,0,3.873,6.946,27,74,4.45,22,161,4.82,32,180,6.37,37,187,12.32,37,270,3.87,34,270,9.83
22326,0,3.854,22.268,21,20,12.8,27,26,36.67,20,21,34.14,25,69,22.57,18,132,3.85,32,106,23.57
17474,0,3.854,5.689,6,18,4.06,6,33,6.42,4,25,5.74,3,29,6.44,3,22,3.85,4,41,7.62
11719,0,3.841,25.066,27,23,14.31,14,15,32.96,33,19,62.27,15,56,16.68,14,103,3.84,25,96,20.33
16528,0,3.837,19.293,73,232,3.84,210,1012,7.33,55,355,5.55,204,279,45.54,17,36,13.34,665,1293,40.16
14326,0,3.832,11.033,11,35,3.83,11,55,7.06,13,42,11.1,13,46,17.6,7,18,10.99,12,60,15.62
29987,0,3.81,5.612,10,32,3.81,5,30,5.88,4,19,7.55,4,39,6.39,9,44,5.78,6,110,4.26
10284,0,3.802,6.77,207,623,4.05,108,882,4.32,103,685,5.39,64,951,4.19,113,840,3.8,129,534,18.86
31889,0,3.79,6.4,23,74,3.79,18,79,8.05,29,130,8.0,16,144,6.92,25,98,7.21,17,299,4.44
9105,0,3.718,15.852,15,18,10.16,20,27,26.15,11,15,26.29,6,31,12.05,5,38,3.72,12,56,16.73
4771,0,3.718,5.941,5,14,4.35,3,12,8.83,3,12,8.96,2,22,5.66,7,48,4.12,2,42,3.72
14172,0,3.702,5.345,17,56,3.7,11,70,5.55,9,57,5.66,6,51,7.33,11,72,4.32,6,85,5.51
29379,0,3.697,194.875,197,12,200.17,220,43,180.65,315,15,752.88,13,219,3.7,285,337,23.9,56,550,7.95
14170,0,3.686,8.379,4,5,9.75,8,19,14.87,3,13,8.27,3,26,7.19,3,23,3.69,3,36,6.51
16620,0,3.673,10.56,25,83,3.67,20,69,10.23,16,74,7.75,17,74,14.31,23,121,5.37,22,78,22.02
4429,0,3.67,21.844,93,85,13.34,118,99,42.09,75,91,29.55,60,198,18.87,90,693,3.67,95,315,23.55
30484,0,3.662,9.136,82,273,3.66,62,453,4.83,63,251,9.0,57,263,13.5,66,196,9.52,59,322,14.31
24107,0,3.658,8.467,3,10,3.66,3,15,7.06,4,9,15.93,2,21,5.93,4,16,7.06,3,21,11.15
13015,0,3.586,6.905,30,102,3.59,20,177,3.99,21,129,5.84,21,142,9.21,21,95,6.25,23,143,12.56
15019,0,3.565,11.689,82,104,9.61,67,161,14.69,75,195,13.79,52,209,15.5,68,539,3.57,62,373,12.98
9466,0,3.532,5.556,5,11,5.54,6,34,6.23,3,24,4.48,2,21,5.93,5,40,3.53,4,41,7.62
4214,0,3.531,13.226,3,8,4.57,2,20,3.53,5,12,14.94,3,6,31.14,3,15,5.65,2,8,19.52
30629,0,3.512,5.447,156,475,4.0,51,494,3.65,69,597,4.14,95,684,8.65,109,877,3.51,81,725,8.72
22050,0,3.506,7.175,449,1152,4.75,216,1193,6.39,174,1216,5.13,98,1741,3.51,238,1510,4.45,254,1054,18.82
10805,0,3.499,20.994,60,22,33.25,10,61,5.79,38,36,37.84,10,178,3.5,32,26,34.78,13,94,10.8
9808,0,3.498,9.005,14,31,5.51,8,31,9.11,4,41,3.5,5,24,12.98,9,30,8.48,10,54,14.46
15655,0,3.494,7.896,58,139,5.09,19,192,3.49,39,110,12.71,22,120,11.42,39,182,6.06,15,136,8.61
16979,0,3.488,5.961,246,860,3.49,70,577,4.28,75,582,4.62,64,952,4.19,182,1093,4.71,87,469,14.48
25860,0,3.437,10.392,95,337,3.44,87,259,11.86,69,350,7.07,72,498,9.0,46,350,3.71,139,398,27.27
32717,0,3.43,25.11,27,61,5.4,17,175,3.43,11,44,8.96,20,26,47.91,8,4,56.52,51,140,28.44
30225,0,3.414,9.043,5,8,7.62,3,5,21.19,2,21,3.41,3,28,6.67,4,32,3.53,5,33,11.83
11442,0,3.391,9.603,2,4,6.1,2,3,23.54,1,3,11.95,2,15,8.3,3,25,3.39,1,18,4.34
29769,0,3.367,23.228,6,5,14.63,6,2,105.93,1,6,5.98,2,37,3.37,6,49,3.46,5,65,6.01
25487,0,3.361,9.684,55,135,4.97,24,113,7.5,40,151,9.5,19,144,8.22,22,185,3.36,56,178,24.56
32179,0,3.355,6.487,253,825,3.74,137,664,7.29,97,834,4.17,60,1114,3.35,169,978,4.88,146,736,15.49
31393,0,3.343,8.867,17,62,3.34,12,86,4.93,15,70,7.68,11,61,11.23,18,37,13.75,11,70,12.27
11810,0,3.305,8.373,29,107,3.3,20,117,6.04,19,77,8.85,11,73,9.39,28,106,7.46,22,113,15.2
11972,0,3.297,10.857,30,80,4.57,18,65,9.78,18,58,11.13,22,57,24.04,14,120,3.3,15,95,12.33
9720,0,3.295,26.828,10,37,3.3,22,157,4.95,2,14,5.12,3,11,16.99,11,7,44.41,53,48,86.21
28758,0,3.286,33.955,5,5,12.19,11,5,77.68,1,4,8.96,11,8,85.64,5,43,3.29,9,44,15.97
21593,0,3.266,8.132,15,56,3.27,13,64,7.17,11,72,5.48,15,68,13.74,17,53,9.06,12,93,10.07
26784,0,3.256,10.489,35,49,8.71,22,62,12.53,24,69,12.47,19,95,12.46,25,217,3.26,27,156,13.51
5315,0,3.255,20.112,51,50,12.44,46,54,30.08,40,51,28.12,37,117,19.7,22,191,3.25,68,196,27.09
22700,0,3.237,5.693,47,138,4.15,42,202,7.34,39,218,6.41,26,235,6.89,48,419,3.24,33,421,6.12
11606,0,3.23,8.732,13,15,10.57,5,27,6.54,7,32,7.84,6,22,16.99,4,35,3.23,5,54,7.23
1050,0,3.229,8.755,134,506,3.23,64,393,5.75,130,368,12.66,60,427,8.75,115,447,7.27,71,373,14.86
31774,0,3.199,8.806,7,16,5.33,8,12,23.54,3,15,7.17,3,40,4.67,6,53,3.2,8,70,8.92
17600,0,3.193,6.326,11,42,3.19,10,75,4.71,14,61,8.23,7,60,7.27,9,53,4.8,10,80,9.76
28227,0,3.179,5.079,177,579,3.73,65,722,3.18,112,722,5.56,67,1030,4.05,102,874,3.3,104,762,10.66
32225,0,3.158,5.699,122,471,3.16,46,463,3.51,80,450,6.37,64,495,8.05,92,594,4.38,41,367,8.72
19167,0,3.153,8.578,15,58,3.15,15,56,9.46,12,67,6.42,13,61,13.27,12,34,9.97,10,85,9.19
5065,0,3.148,7.749,33,125,3.22,23,258,3.15,21,117,6.43,25,138,11.28,23,67,9.7,28,172,12.71
23136,0,3.14,15.274,21,12,21.34,17,46,13.05,17,14,43.53,6,119,3.14,21,127,4.67,14,185,5.91
23995,0,3.14,7.617,5,9,6.77,6,14,15.13,3,19,5.66,3,17,10.99,2,18,3.14,2,39,4.0
22385,0,3.14,9.928,10,32,3.81,8,27,10.46,8,47,6.1,10,26,23.96,12,108,3.14,11,71,12.1
30341,0,3.139,4.729,365,1418,3.14,148,1608,3.25,130,1161,4.01,93,1618,3.58,184,1258,4.13,134,1020,10.26
12935,0,3.13,14.031,65,76,10.43,39,56,24.59,57,102,20.03,33,247,8.32,34,307,3.13,53,234,17.68
16251,0,3.119,4.857,22,86,3.12,15,154,3.44,16,146,3.93,11,106,6.46,16,139,3.25,19,166,8.94
6996,0,3.114,8.076,6,15,4.88,3,14,7.57,6,10,21.51,1,20,3.11,4,21,5.38,2,26,6.01
6957,0,3.08,6.888,25,88,3.46,25,138,6.4,23,116,7.11,29,135,13.38,17,156,3.08,26,257,7.9
3075,0,3.072,11.901,24,28,10.45,35,49,25.22,12,44,9.78,13,87,9.31,25,230,3.07,28,161,13.58
991,0,3.048,5.914,17,68,3.05,13,120,3.83,17,81,7.52,9,94,5.96,16,75,6.03,12,103,9.1
31949,0,3.048,8.431,2,8,3.05,4,10,14.12,2,9,7.97,2,11,11.32,5,13,10.87,1,24,3.25
23036,0,3.048,12.899,16,28,6.97,7,23,10.75,15,24,22.41,10,34,18.32,11,102,3.05,11,54,15.9
9256,0,3.021,7.953,28,113,3.02,7,31,7.97,23,56,14.72,14,106,8.23,25,226,3.13,21,154,10.65
209,0,3.011,9.383,8,30,3.25,11,28,13.87,8,35,8.19,5,27,11.53,13,122,3.01,8,38,16.44
24337,0,2.982,7.106,48,164,3.57,13,115,3.99,14,145,3.46,12,116,6.44,21,199,2.98,27,95,22.19
25810,0,2.946,14.987,43,178,2.95,17,96,6.25,25,68,13.18,13,60,13.49,26,102,7.2,18,30,46.85
25280,0,2.936,8.601,17,17,12.19,9,24,13.24,6,36,5.98,4,40,6.23,8,77,2.94,13,92,11.03
3741,0,2.931,8.211,50,208,2.93,36,203,6.26,48,179,9.61,23,181,7.91,35,121,8.17,37,201,14.37
16163,0,2.918,9.591,82,236,4.24,108,287,13.29,102,456,8.02,110,499,13.73,105,1017,2.92,105,534,15.35
22622,0,2.913,10.332,15,31,5.9,9,23,13.82,16,41,13.99,6,58,6.44,10,97,2.91,16,66,18.93
32513,0,2.912,8.847,16,67,2.91,12,85,4.98,18,60,10.76,14,53,16.45,14,58,6.82,13,91,11.15
9134,0,2.91,5.623,165,616,3.27,59,433,4.81,71,524,4.86,55,630,5.44,90,874,2.91,82,514,12.46
8724,0,2.903,5.507,5,21,2.9,2,19,3.72,2,18,3.98,2,13,9.58,3,16,5.3,3,31,7.56
7798,0,2.903,15.569,5,21,2.9,13,53,8.66,13,19,24.53,7,16,27.25,7,15,13.19,8,37,16.88
12350,0,2.903,9.662,15,63,2.9,11,80,4.86,10,47,7.63,12,62,12.05,17,52,9.24,18,66,21.29
16698,0,2.902,9.651,26,39,8.13,22,47,16.53,12,52,8.27,16,97,10.27,23,224,2.9,26,172,11.8
10129,0,2.898,41.334,6,4,18.29,11,3,129.47,4,2,71.7,3,12,15.57,4,39,2.9,4,31,10.07
6241,0,2.898,9.479,8,12,8.13,6,17,12.46,2,22,3.26,2,7,17.8,4,39,2.9,3,19,12.33
31619,0,2.869,7.886,8,34,2.87,5,56,3.15,7,29,8.65,5,28,11.12,6,19,8.92,5,31,12.59
20278,0,2.854,8.023,77,329,2.85,74,540,4.84,64,316,7.26,66,297,13.84,77,278,7.83,64,434,11.51
21812,0,2.836,5.562,10,43,2.84,8,88,3.21,6,33,6.52,2,33,3.77,6,21,8.07,7,61,8.96
31227,0,2.827,4.073,32,138,2.83,11,111,3.5,14,87,5.77,8,155,3.21,24,156,4.35,9,147,4.78
27182,0,2.814,7.865,6,26,2.81,3,29,3.65,5,27,6.64,3,52,3.59,4,16,7.06,12,40,23.42
1002,0,2.814,7.275,6,26,2.81,10,73,4.84,7,47,5.34,5,43,7.24,5,13,10.87,9,56,12.55
12165,0,2.812,26.102,14,2,85.35,7,21,11.77,4,51,2.81,16,37,26.93,14,40,9.89,15,59,19.85
25930,0,2.801,5.56,17,74,2.8,15,127,4.17,11,70,5.63,8,83,6.0,12,115,2.95,13,86,11.8
3952,0,2.794,10.823,11,48,2.79,7,46,5.37,6,50,4.3,4,24,10.38,3,15,5.65,7,15,36.44
31914,0,2.793,7.601,19,56,4.14,17,78,7.7,13,82,5.68,17,76,13.93,17,172,2.79,23,158,11.37
28889,0,2.78,6.472,60,166,4.41,25,143,6.17,48,183,9.4,46,345,8.3,42,427,2.78,36,362,7.76
22076,0,2.774,5.733,16,44,4.43,16,45,12.55,10,81,4.43,12,146,5.12,16,163,2.77,12,184,5.09
17878,0,2.771,8.736,10,44,2.77,8,79,3.58,8,39,7.35,10,43,14.48,9,23,11.06,14,83,13.17
7921,0,2.769,4.994,32,136,2.87,38,253,5.3,24,197,4.37,22,164,8.36,34,347,2.77,28,347,6.3
23907,0,2.756,8.207,59,261,2.76,29,291,3.52,33,228,5.19,22,218,6.29,44,110,11.3,53,205,20.19
18807,0,2.748,7.091,16,71,2.75,21,108,6.87,8,88,3.26,14,81,10.77,12,72,4.71,16,88,14.2
8134,0,2.743,5.888,27,120,2.74,32,208,5.43,25,152,5.9,21,166,7.88,34,153,6.28,18,198,7.1
26198,0,2.735,10.29,8,8,12.19,4,10,14.12,5,12,14.94,2,16,7.79,3,31,2.73,6,47,9.97
7575,0,2.716,8.333,139,449,3.77,25,325,2.72,37,182,7.29,31,409,4.72,224,251,25.22,16,199,6.28
27750,0,2.716,12.281,36,123,3.57,12,156,2.72,78,103,27.15,23,123,11.65,68,78,24.64,3,59,3.97
18222,0,2.71,15.202,10,45,2.71,16,51,11.08,14,16,31.37,13,34,23.81,11,21,14.8,6,63,7.44
8667,0,2.703,8.909,22,26,10.32,16,86,6.57,27,89,10.88,39,128,18.98,11,115,2.7,24,467,4.01
6991,0,2.691,12.318,10,41,2.97,15,20,26.48,13,49,9.51,10,65,9.58,6,63,2.69,18,62,22.67
27230,0,2.691,8.382,11,38,3.53,15,39,13.58,6,26,8.27,5,25,12.46,6,63,2.69,6,48,9.76
29711,0,2.667,3.743,35,160,2.67,18,184,3.45,22,187,4.22,11,243,2.82,32,280,3.23,22,283,6.07
3432,0,2.667,7.124,60,113,6.47,64,218,10.37,51,215,8.5,42,349,7.5,67,710,2.67,61,658,7.24
1890,0,2.663,5.737,15,47,3.89,16,71,7.96,14,83,6.05,10,67,9.3,18,191,2.66,11,188,4.57
8391,1,2.66,208.769,14,0,1000.0,12,2,211.86,9,18,17.93,4,45,5.54,8,85,2.66,12,64,14.64
17557,0,2.654,6.935,442,1263,4.27,255,1357,6.64,108,1103,3.51,66,1549,2.65,245,1351,5.12,282,1134,19.42
24209,0,2.649,12.423,6,14,5.23,8,11,25.68,3,11,9.78,1,7,8.9,3,32,2.65,8,28,22.31
32694,0,2.636,5.942,83,384,2.64,64,668,3.38,67,464,5.18,52,383,8.46,90,335,7.59,60,557,8.41
22868,0,2.635,53.409,244,301,9.88,5,67,2.64,115,137,30.09,161,57,175.92,42,167,7.11,187,154,94.81
30461,0,2.632,5.988,20,47,5.19,16,57,9.91,17,141,4.32,15,126,7.41,19,204,2.63,22,266,6.46
1572,0,2.621,109.766,28,1,341.41,45,7,226.99,12,6,71.7,9,113,4.96,23,248,2.62,32,229,10.91
26495,0,2.6,9.661,157,369,5.19,126,351,12.68,81,469,6.19,75,596,7.84,53,576,2.6,141,469,23.47
26857,0,2.595,7.855,27,38,8.66,32,85,13.29,14,67,7.49,6,144,2.6,22,200,3.11,29,189,11.98
6998,0,2.587,4.452,19,88,2.63,12,129,3.28,25,150,5.98,16,174,5.73,13,142,2.59,18,216,6.51
5039,0,2.587,12.575,81,101,9.78,76,155,17.31,89,208,15.34,74,268,17.2,79,863,2.59,91,537,13.23
24123,0,2.581,4.371,66,154,5.23,35,250,4.94,40,301,4.76,28,401,4.35,61,668,2.58,37,662,4.36
20400,0,2.558,10.683,52,102,6.22,63,123,18.09,50,127,14.11,32,179,11.13,42,464,2.56,47,306,11.99
29915,0,2.54,7.408,15,72,2.54,17,106,5.66,17,88,6.93,22,99,13.84,20,81,6.98,11,101,8.5
6012,0,2.519,7.0,50,242,2.52,47,282,5.88,61,319,6.86,57,339,10.47,63,585,3.04,52,307,13.22
3770,0,2.495,4.159,98,479,2.49,65,624,3.68,70,684,3.67,53,632,5.22,97,913,3.0,69,782,6.89
18317,0,2.486,25.697,65,26,30.48,66,48,48.55,48,39,44.12,51,188,16.9,63,716,2.49,68,456,11.64
32010,0,2.468,10.879,50,140,4.35,59,160,13.02,43,109,14.14,54,194,17.34,40,458,2.47,52,291,13.95
26289,0,2.457,6.423,16,41,4.76,9,58,5.48,14,63,7.97,11,51,13.43,14,161,2.46,7,123,4.44
15597,0,2.439,5.023,14,70,2.44,8,91,3.1,9,64,5.04,8,59,8.45,10,37,7.64,4,90,3.47
2950,0,2.43,5.059,95,465,2.49,30,436,2.43,36,356,3.63,26,277,5.85,74,270,7.75,38,361,8.22
15084,0,2.379,8.339,96,492,2.38,128,582,7.77,168,655,9.2,92,460,12.46,101,449,6.36,75,493,11.88
13286,0,2.375,6.504,15,77,2.38,15,85,6.23,15,65,8.27,14,77,11.32,8,88,2.57,13,123,8.25
30833,0,2.371,4.919,14,72,2.37,9,108,2.94,7,55,4.56,7,63,6.92,17,108,4.45,9,85,8.27
0,0,2.368,5.048,81,417,2.37,80,765,3.69,51,587,3.11,72,569,7.88,98,509,5.44,91,912,7.79
30980,0,2.365,6.08,96,495,2.36,105,493,7.52,116,471,8.83,83,570,9.07,78,736,2.99,58,794,5.7
9151,0,2.355,17.714,10,12,10.16,13,13,35.31,3,20,5.38,5,34,9.16,4,48,2.35,9,16,43.92
21852,0,2.355,5.464,1,5,2.44,1,9,3.92,3,11,9.78,1,8,7.79,2,24,2.35,1,12,6.51
12773,0,2.355,5.737,12,38,3.85,7,43,5.75,13,64,7.28,9,70,8.01,10,120,2.35,8,87,7.18
12661,0,2.348,5.865,448,1400,3.9,171,1356,4.45,144,1223,4.22,61,1618,2.35,220,1291,4.82,221,1117,15.45
12688,0,2.341,4.281,31,146,2.59,12,181,2.34,22,146,5.4,12,142,5.26,27,153,4.99,13,199,5.1
11343,0,2.336,4.088,32,167,2.34,22,218,3.56,15,156,3.45,17,199,5.32,28,178,4.45,12,173,5.42
25052,0,2.326,6.156,33,173,2.33,14,165,3.0,13,86,5.42,15,99,9.44,14,127,3.12,18,103,13.64
15454,0,2.325,5.157,30,144,2.54,36,120,10.59,26,188,4.96,22,289,4.74,32,389,2.32,32,432,5.78
1692,0,2.319,5.284,101,267,4.61,51,356,5.06,54,273,7.09,22,490,2.8,49,597,2.32,56,445,9.83
31238,0,2.317,3.841,122,597,2.49,60,412,5.14,81,542,5.36,53,960,3.44,92,1122,2.32,60,1090,4.3
22580,0,2.315,5.435,72,272,3.23,16,244,2.32,31,154,7.22,20,208,5.99,42,329,3.61,26,198,10.25
5569,0,2.313,3.731,19,52,4.46,17,108,5.56,8,124,2.31,7,130,3.35,20,173,3.27,13,295,3.44
15551,0,2.307,6.202,7,37,2.31,8,43,6.57,5,46,3.9,2,36,3.46,6,38,4.46,11,52,16.52
29699,0,2.301,9.155,10,53,2.3,12,80,5.3,6,43,5.0,8,40,12.46,9,29,8.77,10,37,21.1
17112,0,2.3,7.421,37,87,5.19,22,80,9.71,54,134,14.45,16,111,8.98,28,344,2.3,6,120,3.9
3638,0,2.291,8.901,14,20,8.54,3,42,2.52,11,35,11.27,9,35,16.02,6,74,2.29,9,55,12.78
12934,0,2.281,38.115,290,62,57.03,56,37,53.44,8,82,3.5,50,198,15.73,31,384,2.28,327,264,96.71
22045,0,2.271,20.446,13,7,22.64,16,11,51.36,6,15,14.34,6,29,12.89,9,112,2.27,14,57,19.18
30250,0,2.264,8.021,67,235,3.48,48,197,8.6,59,206,10.27,60,303,12.33,29,362,2.26,55,384,11.18
7425,0,2.262,24.227,123,663,2.26,218,1283,6.0,29,140,7.43,68,45,94.12,2,12,4.71,467,1182,30.85
27769,0,2.261,6.641,5,16,3.81,8,15,18.83,2,23,3.12,2,22,5.66,4,50,2.26,3,38,6.16
5845,0,2.244,7.053,40,72,6.77,26,97,9.46,33,120,9.86,20,159,7.83,32,403,2.24,24,305,6.14
14732,0,2.242,7.204,16,87,2.24,32,85,13.29,18,96,6.72,19,125,9.47,17,126,3.81,13,132,7.69
22427,0,2.224,6.502,54,296,2.22,35,236,5.24,71,330,7.71,31,252,7.66,56,290,5.46,35,255,10.72
19850,0,2.223,4.967,15,47,3.89,14,70,7.06,13,99,4.71,14,119,7.33,14,178,2.22,10,170,4.59
11452,0,2.217,6.173,4,22,2.22,4,23,6.14,3,19,5.66,1,18,3.46,2,20,2.83,3,14,16.73
31451,0,2.217,8.648,2,11,2.22,2,14,5.04,3,15,7.17,4,10,24.91,2,16,3.53,3,26,9.01
28457,0,2.208,18.407,10,15,8.13,7,12,20.6,6,4,53.78,5,27,11.53,5,64,2.21,6,33,14.2
8361,0,2.198,5.84,121,510,2.89,82,551,5.25,115,642,6.42,100,747,8.34,90,1157,2.2,108,849,9.93
15703,0,2.18,4.7,3001,12796,2.86,1644,13826,4.2,816,13418,2.18,881,21087,2.6,2184,13245,4.66,1504,10038,11.7
17380,0,2.178,3.969,287,1607,2.18,152,1920,2.8,115,802,5.14,57,1206,2.94,150,1054,4.02,93,1078,6.74
23447,0,2.174,12.172,2,3,8.13,2,2,35.31,2,6,11.95,1,18,3.46,2,26,2.17,2,13,12.01
15356,0,2.174,8.895,11,12,11.18,7,37,6.68,4,19,7.55,5,36,8.65,4,52,2.17,9,41,17.14
25934,0,2.159,4.719,17,96,2.16,10,104,3.4,18,120,5.38,7,93,4.69,18,87,5.85,10,114,6.85
19982,0,2.146,7.952,23,50,5.61,22,65,11.95,14,75,6.69,17,73,14.5,12,158,2.15,13,149,6.81
17423,0,2.131,4.961,51,287,2.17,21,348,2.13,16,176,3.26,17,168,6.3,15,86,4.93,18,128,10.98
5799,0,2.127,4.409,45,258,2.13,23,235,3.46,53,292,6.51,20,255,4.89,39,294,3.75,19,259,5.73
3110,0,2.125,5.021,232,1331,2.13,144,1675,3.04,174,1243,5.02,138,1733,4.96,271,1323,5.79,151,1282,9.2
17033,0,2.109,7.359,4,13,3.75,1,15,2.35,1,17,2.11,1,13,4.79,4,9,12.56,5,21,18.59
22572,0,2.093,5.931,5,27,2.26,5,41,4.31,2,15,4.78,5,21,14.83,2,27,2.09,3,32,7.32
31585,0,2.09,4.105,113,617,2.23,79,861,3.24,62,619,3.59,75,767,6.09,67,906,2.09,81,856,7.39
24108,0,2.085,13.684,38,65,7.13,32,109,10.37,24,31,27.76,8,239,2.08,26,40,18.37,25,119,16.4
31521,0,2.083,5.755,42,130,3.94,41,146,9.92,41,202,7.28,22,277,4.95,37,502,2.08,31,380,6.37
25849,0,2.077,7.021,11,38,3.53,6,102,2.08,9,38,8.49,8,34,14.66,6,26,6.52,5,57,6.85
4009,0,2.052,6.681,277,1646,2.05,264,2324,4.01,227,1367,5.95,247,1462,10.52,246,1178,5.9,286,1917,11.65
27013,0,2.051,3.027,20,85,2.87,11,158,2.46,16,159,3.61,10,167,3.73,9,124,2.05,11,249,3.45
26081,0,2.049,7.245,6,15,4.88,3,34,3.12,2,35,2.05,5,34,9.16,3,13,6.52,5,22,17.75
12622,0,2.049,4.381,5,21,2.9,4,37,3.82,2,35,2.05,4,28,8.9,5,45,3.14,4,57,5.48
21390,0,2.048,4.98,4,5,9.75,3,26,4.07,3,15,7.17,2,47,2.65,5,69,2.05,3,56,4.18
14442,0,2.038,9.95,14,10,17.07,9,20,15.89,5,27,6.64,10,75,8.3,15,208,2.04,13,104,9.76
29757,0,2.037,9.223,21,45,5.69,16,42,13.45,8,36,7.97,13,69,11.73,16,222,2.04,25,135,14.46
25466,0,2.032,4.29,23,138,2.03,16,204,2.77,11,148,2.66,9,142,3.95,17,100,4.8,20,164,9.52
18402,0,2.032,7.256,13,78,2.03,8,64,4.41,21,79,9.53,11,63,10.87,16,70,6.46,11,84,10.22
16857,0,2.032,9.948,11,66,2.03,7,82,3.01,7,46,5.46,11,32,21.41,12,45,7.54,14,54,20.24
31262,0,2.019,14.124,12,13,11.26,11,11,35.31,4,22,6.52,8,22,22.65,6,84,2.02,6,67,6.99
26959,0,2.018,4.467,91,383,2.9,24,333,2.54,36,324,3.98,14,432,2.02,54,491,3.11,43,274,12.25
16115,0,2.014,4.586,183,1108,2.01,75,979,2.7,84,644,4.68,34,386,5.49,87,339,7.25,48,696,5.38
658,0,2.003,7.434,22,41,6.54,21,56,13.24,15,108,4.98,13,81,10.0,19,268,2.0,25,249,7.84
31685,0,2.003,2.935,53,294,2.2,16,282,2.0,16,242,2.37,12,312,2.4,34,289,3.32,19,279,5.32
1455,0,2.0,5.34,82,500,2.0,69,684,3.56,84,600,5.02,66,572,7.19,107,502,6.02,71,672,8.25
32249,0,1.995,3.501,48,190,3.08,15,236,2.24,14,177,2.84,9,281,1.99,26,299,2.46,20,186,8.4
22495,0,1.992,22.536,8,11,8.87,10,14,25.22,1,18,1.99,6,8,46.71,3,18,4.71,22,36,47.71
28578,0,1.986,4.051,1797,6701,3.27,803,6490,4.37,504,9100,1.99,558,11337,3.07,1265,8757,4.08,890,9224,7.53
22172,0,1.977,5.359,12,74,1.98,8,77,3.67,9,75,4.3,5,44,7.08,11,67,4.64,9,67,10.49
10917,0,1.972,5.85,103,562,2.23,134,760,6.23,65,517,4.51,98,577,10.58,75,1075,1.97,109,888,9.58
2143,0,1.971,6.85,34,131,3.16,12,215,1.97,14,133,3.77,21,137,9.55,30,72,11.77,22,158,10.87
22757,0,1.971,3.849,16,99,1.97,18,136,4.67,22,216,3.65,20,165,7.55,18,208,2.45,19,529,2.8
5399,0,1.967,6.944,5,31,1.97,6,67,3.16,8,32,8.96,4,26,9.58,8,26,8.7,5,42,9.3
17653,0,1.961,7.601,42,118,4.34,41,122,11.87,24,111,7.75,26,221,7.33,17,245,1.96,38,240,12.36
5898,0,1.959,5.442,16,25,7.8,3,37,2.86,7,38,6.6,5,52,5.99,7,101,1.96,8,84,7.44
17197,0,1.953,4.489,74,239,3.78,76,425,6.31,67,492,4.88,56,772,4.52,92,1331,1.95,68,967,5.49
20952,0,1.951,4.122,4,25,1.95,7,66,3.74,5,39,4.6,3,22,8.49,3,32,2.65,3,71,3.3
29308,0,1.944,3.171,11,69,1.94,13,132,3.48,10,91,3.94,5,98,3.18,7,101,1.96,8,138,4.53
673,0,1.942,3.56,147,923,1.94,88,1307,2.38,97,1104,3.15,82,1168,4.37,120,852,3.98,103,1452,5.54
10851,0,1.93,5.248,44,240,2.24,51,268,6.72,30,236,4.56,27,355,4.74,31,454,1.93,63,435,11.31
15719,0,1.925,6.175,3,19,1.93,2,16,4.41,1,12,2.99,2,13,9.58,1,5,5.65,4,25,12.49
6291,0,1.92,17.901,130,774,2.05,23,423,1.92,46,113,14.59,9,7,80.08,69,976,2.0,15,173,6.77
13314,0,1.905,4.211,261,1671,1.9,148,1695,3.08,245,1670,5.26,131,1651,4.94,241,1666,4.09,125,1630,5.99
7380,0,1.904,5.529,3,14,2.61,2,5,14.12,2,19,3.77,2,15,8.3,4,46,2.46,1,41,1.9
26680,0,1.903,7.929,18,77,2.85,15,70,7.57,31,59,18.84,9,73,7.68,13,193,1.9,16,143,8.74
20503,0,1.892,14.466,25,78,3.91,6,112,1.89,23,20,41.23,1,28,2.22,11,9,34.54,2,52,3.0
30867,0,1.887,6.391,3,10,3.66,4,16,8.83,1,19,1.89,3,22,8.49,3,22,3.85,7,47,11.63
19959,0,1.887,3.879,4,15,3.25,3,16,6.62,1,19,1.89,2,28,4.45,5,67,2.11,4,63,4.96
16723,0,1.884,9.559,12,19,7.7,7,17,14.54,14,44,11.41,12,96,7.79,7,105,1.88,16,89,14.04
15898,0,1.884,7.809,4,14,3.48,7,25,9.89,5,22,8.15,10,35,17.8,8,120,1.88,5,69,5.66
22154,0,1.884,8.532,6,9,8.13,4,30,4.71,5,12,14.94,2,12,10.38,1,15,1.88,3,21,11.15
25894,0,1.879,4.647,448,2566,2.13,177,2065,3.03,188,3587,1.88,300,7466,2.5,340,2102,4.57,490,2777,13.78
10243,0,1.877,6.291,74,450,2.01,37,696,1.88,173,641,9.68,98,657,9.29,110,571,5.44,89,735,9.45
10633,0,1.876,12.737,4,26,1.88,5,37,4.77,11,23,17.15,12,26,28.75,5,13,10.87,4,24,13.01
28714,0,1.838,6.519,13,24,6.6,8,43,6.57,5,33,5.43,7,44,9.91,8,123,1.84,11,98,8.76
22449,0,1.829,7.249,24,160,1.83,24,193,4.39,16,131,4.38,25,122,12.76,35,161,6.14,31,173,13.99
14341,0,1.828,3.165,228,1521,1.83,147,2306,2.25,53,673,2.82,67,1230,3.39,42,495,2.4,104,1289,6.3
15680,0,1.824,5.774,228,1524,1.82,194,1729,3.96,208,1284,5.81,218,1348,10.07,213,1564,3.85,227,1941,9.13
21193,0,1.823,4.418,29,194,1.82,12,132,3.21,9,101,3.19,7,93,4.69,19,115,4.67,12,105,8.92
3813,0,1.822,7.223,13,87,1.82,10,144,2.45,13,84,5.55,12,92,8.12,13,37,9.93,20,101,15.46
21164,0,1.816,4.768,12,47,3.11,19,56,11.98,5,74,2.42,5,141,2.21,16,249,1.82,23,254,7.07
19346,0,1.806,3.267,4,27,1.81,4,22,6.42,3,32,3.36,1,23,2.71,1,9,3.14,1,36,2.17
31050,0,1.806,8.42,4,27,1.81,9,34,9.35,3,17,6.33,4,15,16.61,2,8,7.06,3,25,9.37
11310,0,1.8,38.125,41,35,14.28,26,63,14.57,36,28,46.09,28,18,96.89,10,157,1.8,60,85,55.11
509,0,1.799,4.293,58,262,2.7,22,234,3.32,17,266,2.29,8,277,1.8,41,282,4.11,30,203,11.54
14120,0,1.798,4.381,87,590,1.8,81,672,4.26,38,522,2.61,72,627,7.15,65,822,2.23,85,806,8.23
18955,0,1.793,7.811,10,68,1.79,11,165,2.35,9,39,8.27,11,50,13.7,7,22,8.99,14,93,11.75
13535,0,1.786,5.449,58,396,1.79,38,321,4.18,75,378,7.11,15,314,2.98,62,241,7.27,33,275,9.37
21384,0,1.785,6.585,18,47,4.67,16,61,9.26,19,77,8.85,15,90,10.38,12,190,1.78,11,188,4.57
21804,0,1.784,8.738,6,41,1.78,9,69,4.61,6,36,5.98,6,33,11.32,7,20,9.89,7,29,18.85
14882,0,1.781,4.489,13,89,1.78,16,88,6.42,13,99,4.71,15,132,7.08,13,116,3.17,12,248,3.78
29013,0,1.78,7.881,20,137,1.78,19,180,3.73,13,115,4.05,27,111,15.15,29,114,7.19,27,137,15.39
8590,0,1.78,12.749,17,19,10.91,31,52,21.05,7,23,10.91,1,35,1.78,19,31,17.32,8,43,14.53
30113,0,1.775,3.797,38,261,1.78,24,403,2.1,27,257,3.77,22,311,4.41,45,369,3.45,32,343,7.28
15813,0,1.77,3.543,36,248,1.77,8,112,2.52,17,226,2.7,15,226,4.13,29,218,3.76,12,147,6.37
13462,0,1.766,4.707,3,10,3.66,1,17,2.08,1,11,3.26,2,12,10.38,1,16,1.77,1,11,7.1
2546,0,1.766,6.072,80,294,3.32,55,332,5.85,13,235,1.98,53,257,12.84,15,240,1.77,110,805,10.67
663,0,1.765,6.812,6,9,8.13,1,20,1.77,5,19,9.43,3,18,10.38,4,29,3.9,4,43,7.26
26253,0,1.762,2.902,71,272,3.18,35,390,3.17,46,454,3.63,29,579,3.12,57,914,1.76,30,921,2.54
21954,0,1.762,3.592,74,512,1.76,37,536,2.44,27,412,2.35,21,348,3.76,72,530,3.84,50,527,7.41
19016,0,1.758,4.289,18,43,5.1,17,78,7.7,8,113,2.54,11,150,4.57,13,209,1.76,12,230,4.07
24711,0,1.752,7.466,25,174,1.75,25,134,6.59,55,176,11.2,49,235,12.99,22,289,2.15,25,193,10.11
25921,0,1.746,2.783,320,2050,1.9,141,2851,1.75,118,1890,2.24,112,3266,2.14,241,2146,3.17,143,2030,5.5
4762,0,1.742,2.96,49,328,1.82,26,527,1.74,21,365,2.06,24,351,4.26,43,340,3.57,28,508,4.3
2575,0,1.742,4.506,3,21,1.74,6,37,5.73,4,34,4.22,5,35,8.9,6,82,2.07,5,89,4.39
19619,0,1.742,4.717,12,84,1.74,6,71,2.98,8,41,7.0,3,60,3.11,8,61,3.71,6,48,9.76
7498,0,1.742,11.592,1,7,1.74,1,7,5.04,1,9,3.98,2,6,20.76,1,1,28.26,1,8,9.76
20693,0,1.741,17.127,242,225,13.11,287,327,30.99,446,958,16.69,416,1265,20.48,269,4366,1.74,328,1297,19.75
5293,0,1.731,4.152,121,572,2.58,55,535,3.63,24,497,1.73,52,734,4.41,121,673,5.08,96,1002,7.48
19892,0,1.728,6.189,16,53,3.68,7,143,1.73,11,58,6.8,10,65,9.58,13,45,8.16,8,87,7.18
20886,0,1.726,5.056,23,76,3.69,25,131,6.74,18,103,6.27,11,154,4.45,24,393,1.73,22,230,7.47
23667,0,1.714,6.394,22,82,3.27,5,103,1.71,30,59,18.23,5,82,3.8,29,158,5.19,6,76,6.16
14468,0,1.713,2.315,10,46,2.65,3,61,1.74,5,68,2.64,3,55,3.4,4,66,1.71,2,89,1.75
11183,0,1.713,3.25,14,48,3.56,9,83,3.83,7,76,3.3,4,84,2.97,8,132,1.71,9,170,4.13
18437,0,1.707,3.786,5,21,2.9,2,25,2.82,1,21,1.71,2,18,6.92,1,12,2.35,2,26,6.01
9954,0,1.699,6.113,52,114,5.56,40,130,10.86,49,201,8.74,47,581,5.04,41,682,1.7,43,703,4.78
9091,0,1.689,6.17,23,166,1.69,30,351,3.02,9,124,2.6,10,140,4.45,15,49,8.65,30,141,16.61
24476,0,1.688,2.974,3273,19380,2.06,1473,26456,1.97,935,19853,1.69,955,23306,2.55,2578,22230,3.28,1378,17070,6.3
3173,0,1.688,9.274,77,99,9.48,45,81,19.62,48,127,13.55,24,345,4.33,46,770,1.69,45,504,6.97
19722,0,1.682,2.636,13,60,2.64,13,95,4.83,6,106,2.03,4,120,2.08,10,168,1.68,7,214,2.55
25149,0,1.681,3.055,18,109,2.01,9,99,3.21,17,144,4.23,11,178,3.85,16,269,1.68,11,257,3.34
22788,0,1.677,4.177,11,80,1.68,15,67,7.91,10,113,3.17,5,84,3.71,5,78,1.81,12,138,6.79
27606,0,1.666,3.861,419,3066,1.67,267,3934,2.4,121,1858,2.33,120,1924,3.88,285,1612,5.0,272,2693,7.89
12542,0,1.662,2.538,12,48,3.05,6,78,2.72,4,56,2.56,2,65,1.92,3,51,1.66,2,47,3.32
20468,0,1.652,3.489,68,502,1.65,33,479,2.43,18,282,2.29,22,393,3.49,59,403,4.14,39,439,6.94
4498,0,1.646,4.113,18,87,2.52,13,194,2.37,16,101,5.68,18,158,7.1,12,206,1.65,11,160,5.37
16092,0,1.642,3.755,82,609,1.64,40,597,2.37,77,619,4.46,43,553,4.84,63,650,2.74,40,482,6.48
24641,0,1.64,9.011,91,173,6.41,87,209,14.7,74,214,12.4,65,425,9.53,65,1120,1.64,76,632,9.39
21637,0,1.635,8.606,12,23,6.36,17,22,27.28,5,30,5.98,5,79,3.94,7,121,1.63,8,97,6.44
9764,0,1.63,5.595,23,172,1.63,13,143,3.21,24,180,4.78,17,134,7.9,41,149,7.78,16,151,8.27
23935,0,1.63,6.867,52,236,2.69,32,96,11.77,4,88,1.63,10,94,6.63,22,254,2.45,30,146,16.04
26083,0,1.627,4.47,20,82,2.97,15,157,3.37,18,125,5.16,15,120,7.79,11,191,1.63,17,225,5.9
7700,0,1.626,3.675,2,15,1.63,2,20,3.53,3,28,3.84,1,17,3.66,3,27,3.14,4,50,6.25
18984,0,1.626,3.193,117,691,2.06,49,648,2.67,19,419,1.63,23,674,2.13,40,533,2.12,38,347,8.55
9313,0,1.617,6.996,160,234,8.34,117,337,12.26,90,392,8.23,69,1165,3.69,93,1625,1.62,137,1364,7.84
21974,0,1.617,3.491,139,1048,1.62,51,1040,1.73,53,835,2.28,41,999,2.56,79,1064,2.1,91,666,10.67
9222,0,1.605,7.117,2,11,2.22,1,22,1.6,4,18,7.97,1,16,3.89,1,6,4.71,4,14,22.31
29950,0,1.605,3.763,5,16,3.81,1,22,1.6,5,18,9.96,1,31,2.01,3,24,3.53,1,47,1.66
12561,0,1.602,7.751,22,83,3.23,14,65,7.61,24,79,10.89,43,220,12.17,14,247,1.6,41,291,11.0
10987,0,1.6,3.107,1130,8609,1.6,414,7983,1.83,1262,11132,4.06,713,11237,3.95,1300,8322,4.41,331,9296,2.78
6181,0,1.6,5.484,23,131,2.14,21,116,6.39,19,118,5.77,12,146,5.12,9,159,1.6,21,138,11.88
6130,0,1.591,3.894,63,395,1.94,21,466,1.59,41,271,5.42,19,335,3.53,69,479,4.07,25,287,6.8
25956,0,1.587,2.847,128,833,1.87,40,890,1.59,126,935,4.83,63,1454,2.7,104,1218,2.41,39,828,3.68
32596,0,1.585,2.748,13,100,1.59,13,148,3.1,7,136,1.85,10,152,4.1,12,199,1.7,10,188,4.15
15279,0,1.585,3.368,13,100,1.59,9,149,2.13,11,93,4.24,5,91,3.42,22,115,5.41,6,137,3.42
27053,0,1.581,4.758,455,2063,2.69,279,2032,4.85,151,2088,2.59,67,2640,1.58,234,2015,3.28,278,1601,13.56
8449,0,1.577,3.978,41,161,3.11,17,187,3.21,27,284,3.41,36,355,6.32,24,430,1.58,37,462,6.25
25772,1,1.576,171.922,3,14,2.61,1,0,1000.0,4,91,1.58,10,74,8.42,31,182,4.81,15,83,14.11
29912,0,1.574,6.001,52,142,4.47,34,130,9.23,73,231,11.33,35,479,4.55,48,862,1.57,24,386,4.85
12742,0,1.572,7.049,84,89,11.51,45,142,11.19,45,191,8.45,39,500,4.86,50,899,1.57,40,662,4.72
4475,0,1.57,8.023,12,21,6.97,15,28,18.92,7,60,4.18,7,66,6.61,6,108,1.57,9,71,9.9
7455,0,1.567,6.235,26,23,13.78,12,35,12.11,4,52,2.76,4,159,1.57,9,153,1.66,9,127,5.53
17758,0,1.564,2.376,359,2337,1.87,132,2980,1.56,145,2376,2.19,103,3294,1.95,294,2685,3.09,104,2264,3.59
28571,0,1.564,5.608,63,183,4.2,12,271,1.56,23,199,4.14,20,186,6.7,34,140,6.86,24,184,10.18
31880,0,1.557,2.656,26,152,2.09,12,247,1.72,16,210,2.73,6,240,1.56,22,115,5.41,12,384,2.44
29997,0,1.55,8.18,21,21,12.19,19,44,15.25,8,36,7.97,12,199,3.76,13,237,1.55,21,196,8.37
17971,0,1.54,2.326,81,558,1.77,27,619,1.54,27,435,2.23,16,589,1.69,44,576,2.16,27,461,4.57
20736,0,1.535,3.319,16,94,2.08,3,69,1.54,5,111,1.61,5,102,3.05,8,65,3.48,7,67,8.16
913,0,1.535,2.746,52,248,2.56,12,276,1.54,40,349,4.11,14,449,1.94,44,459,2.71,13,280,3.63
3217,0,1.531,4.112,48,179,3.27,50,258,6.84,60,279,7.71,13,519,1.56,46,849,1.53,29,602,3.76
27427,0,1.524,4.535,43,100,5.24,33,164,7.1,16,174,3.3,15,218,4.29,33,612,1.52,32,434,5.76
22965,0,1.523,4.439,16,38,5.13,9,50,6.36,4,30,4.78,6,83,4.5,9,167,1.52,5,90,4.34
26539,0,1.514,7.801,20,50,4.88,25,51,17.31,15,72,7.47,21,119,10.99,21,392,1.51,15,252,4.65
20009,0,1.514,11.366,3,6,6.1,10,11,32.1,1,9,3.98,3,14,13.35,3,56,1.51,6,42,11.15
29459,0,1.511,2.205,58,468,1.51,38,733,1.83,43,870,1.77,36,843,2.66,103,895,3.25,39,1381,2.2
27076,0,1.511,5.392,120,750,1.95,148,1215,4.3,15,356,1.51,17,297,3.57,30,187,4.53,166,786,16.49
21324,0,1.504,6.799,43,95,5.52,41,118,12.27,40,175,8.19,30,228,8.2,34,639,1.5,30,458,5.11
27112,0,1.501,2.584,16,130,1.5,21,178,4.17,17,317,1.92,20,280,4.45,26,466,1.58,14,579,1.89
19273,0,1.497,4.508,7,57,1.5,3,32,3.31,8,45,6.37,3,36,5.19,9,52,4.89,2,27,5.78
5405,0,1.49,3.25,11,90,1.49,9,143,2.22,7,63,3.98,2,42,2.97,9,50,5.09,5,104,3.75
31110,0,1.487,3.812,10,26,4.69,9,35,9.08,3,51,2.11,2,62,2.01,6,114,1.49,6,134,3.5
2517,0,1.483,4.3,5,33,1.85,13,38,12.08,3,17,6.33,1,42,1.48,3,44,1.93,2,73,2.14
16710,0,1.482,3.511,788,5992,1.6,285,4490,2.24,329,7960,1.48,280,7899,2.21,1521,7872,5.46,437,4228,8.07
9616,0,1.478,5.963,12,99,1.48,21,146,5.08,14,100,5.02,20,100,12.46,15,109,3.89,16,159,7.86
19230,0,1.478,2.842,4,33,1.48,8,73,3.87,4,61,2.35,3,65,2.87,6,55,3.08,4,92,3.39
18288,0,1.467,4.245,178,1479,1.47,171,2231,2.71,243,2274,3.83,234,2000,7.29,96,934,2.9,155,1664,7.27
29506,0,1.467,2.686,35,291,1.47,24,322,2.63,11,181,2.18,12,226,3.31,12,226,1.5,19,295,5.03
13337,0,1.467,3.787,35,291,1.47,20,242,2.92,30,255,4.22,16,260,3.83,31,245,3.58,19,221,6.71
9473,0,1.466,2.12,407,2475,2.01,201,3037,2.34,133,2930,1.63,90,3823,1.47,247,3939,1.77,155,3443,3.51
15427,0,1.46,3.098,145,1211,1.46,171,2042,2.96,285,3795,2.69,242,3864,3.9,292,3495,2.36,244,3652,5.22
20268,0,1.457,42.587,72,30,29.26,42,33,44.94,101,149,24.3,139,62,139.64,23,446,1.46,83,407,15.92
16354,0,1.452,3.842,10,84,1.45,8,97,2.91,7,76,3.3,4,49,5.08,7,57,3.47,7,80,6.83
11909,0,1.452,3.233,10,84,1.45,9,140,2.27,5,72,2.49,3,77,2.43,10,50,5.65,7,107,5.11
3099,0,1.449,9.422,18,15,14.63,14,40,12.36,16,45,12.75,5,83,3.75,12,234,1.45,15,101,11.6
18020,0,1.448,16.382,47,26,22.04,8,96,2.94,40,72,19.92,28,49,35.59,27,527,1.45,31,148,16.35
4496,0,1.446,3.301,1530,12901,1.45,913,17521,1.84,282,5497,1.84,314,7564,2.59,706,3946,5.06,644,7145,7.04
11624,0,1.444,4.643,119,660,2.2,6,105,2.02,88,1298,2.43,172,1258,8.52,108,2114,1.44,81,562,11.25
19632,0,1.443,2.968,280,1688,2.02,140,2110,2.34,79,1515,1.87,52,2245,1.44,166,1851,2.53,144,1480,7.6
27223,0,1.442,2.993,11,93,1.44,6,102,2.08,9,111,2.91,3,119,1.57,13,82,4.48,8,114,5.48
28269,0,1.441,3.478,26,220,1.44,19,216,3.11,30,263,4.09,22,250,5.48,32,245,3.69,17,434,3.06
11175,0,1.44,5.703,48,91,6.43,32,137,8.25,31,126,8.82,15,277,3.37,27,530,1.44,27,357,5.91
30540,0,1.437,2.587,95,806,1.44,36,716,1.78,77,762,3.62,32,997,2.0,65,1085,1.69,41,641,4.99
27629,0,1.435,3.45,4,34,1.43,3,56,1.89,2,48,1.49,8,42,11.86,4,64,1.77,3,104,2.25
10989,0,1.435,6.301,18,153,1.43,19,205,3.27,13,136,3.43,24,131,11.41,30,128,6.62,24,161,11.64
32635,0,1.435,4.388,22,187,1.43,21,432,1.72,9,77,4.19,3,73,2.56,6,12,14.13,4,136,2.3
10169,0,1.433,6.843,80,272,3.59,81,299,9.57,123,544,8.11,100,692,9.0,96,1893,1.43,77,642,9.36
20900,0,1.43,4.392,17,145,1.43,8,111,2.54,18,162,3.98,9,140,4.0,25,122,5.79,13,118,8.6
30024,0,1.429,3.402,73,623,1.43,61,891,2.42,80,847,3.39,61,832,4.57,84,682,3.48,51,776,5.13
3879,0,1.427,7.889,14,17,10.04,6,27,7.85,11,29,13.6,3,61,3.06,5,99,1.43,8,55,11.36
21655,0,1.419,3.312,110,849,1.58,45,1120,1.42,90,811,3.98,50,1048,2.97,128,685,5.28,58,976,4.64
27210,0,1.417,2.347,53,456,1.42,58,597,3.43,45,819,1.97,52,874,3.71,57,786,2.05,17,878,1.51
16442,0,1.412,7.252,14,55,3.1,1,25,1.41,6,22,9.78,1,25,2.49,7,50,3.96,7,24,22.77
15253,0,1.406,4.275,8,41,2.38,10,83,4.25,2,51,1.41,5,49,6.36,4,29,3.9,13,138,7.36
22092,0,1.403,30.143,28,9,37.93,38,12,111.81,16,34,16.87,12,229,3.26,29,584,1.4,39,318,9.58
16475,0,1.389,3.739,477,2331,2.5,236,2282,3.65,148,2662,1.99,69,3093,1.39,342,2764,3.5,252,2091,9.41
30465,0,1.379,4.287,31,225,1.68,33,415,2.81,1,26,1.38,7,65,6.71,1,10,2.83,48,363,10.32
18238,0,1.378,6.075,17,35,5.92,15,44,12.04,10,50,7.17,7,92,4.74,6,123,1.38,10,150,5.21
13858,0,1.378,5.851,6,33,2.22,8,29,9.74,7,61,4.11,22,125,10.96,6,123,1.38,15,175,6.69
16987,0,1.373,4.121,33,293,1.37,23,515,1.58,6,127,1.69,9,229,2.45,1,18,1.57,57,277,16.07
4817,0,1.365,1.907,67,532,1.54,49,652,2.65,31,662,1.68,28,822,2.12,46,952,1.37,35,1308,2.09
5129,0,1.364,2.224,95,814,1.42,46,1102,1.47,45,766,2.11,53,947,3.49,38,787,1.36,48,1073,3.49
11435,0,1.362,4.649,20,51,4.78,6,39,5.43,4,35,4.1,6,52,7.19,4,83,1.36,6,93,5.04
23453,0,1.362,4.335,65,582,1.36,52,586,3.13,74,424,6.26,31,400,4.83,43,282,4.31,44,561,6.12
5475,0,1.359,4.216,11,51,2.63,10,56,6.31,5,64,2.8,8,77,6.47,5,104,1.36,8,109,5.73
10387,0,1.359,10.653,8,11,8.87,8,22,12.84,9,15,21.51,5,34,9.16,5,104,1.36,12,92,10.18
149,0,1.358,7.373,6,37,1.98,2,52,1.36,2,46,1.56,21,52,25.15,3,51,1.66,13,81,12.53
6860,0,1.358,6.639,28,45,7.59,25,87,10.15,19,138,4.94,17,119,8.9,16,333,1.36,23,260,6.91
12723,0,1.356,5.085,4633,6248,9.04,4767,124157,1.36,2716,64020,1.52,786,15499,3.16,3417,8430,11.45,2620,51397,3.98
2504,0,1.355,3.093,2,18,1.35,2,20,3.53,1,21,1.71,2,16,7.79,1,19,1.49,1,29,2.69
25878,0,1.355,3.778,3,27,1.35,2,21,3.36,4,18,7.97,1,30,2.08,1,17,1.66,2,25,6.25
5731,0,1.353,3.018,11,19,7.06,2,31,2.28,2,53,1.35,4,68,3.66,7,106,1.87,3,124,1.89
23507,0,1.346,2.584,18,163,1.35,17,262,2.29,13,197,2.37,13,231,3.51,28,258,3.07,9,240,2.93
14968,0,1.346,5.728,35,50,8.54,32,175,6.46,31,250,4.45,27,175,9.61,14,294,1.35,20,393,3.97
28389,0,1.346,8.774,6,15,4.88,7,8,30.9,2,11,6.52,1,35,1.78,4,84,1.35,5,54,7.23
25075,0,1.346,2.446,10,55,2.22,5,80,2.21,7,151,1.66,7,114,3.82,7,147,1.35,12,274,3.42
31770,0,1.342,3.3,12,109,1.34,9,139,2.29,3,68,1.58,8,76,6.56,13,78,4.71,4,94,3.32
20275,0,1.341,3.168,32,291,1.34,16,144,3.92,13,347,1.34,18,273,4.11,62,468,3.74,13,223,4.55
12283,0,1.334,3.97,7,64,1.33,5,107,1.65,10,62,5.78,5,57,5.46,6,32,5.3,5,91,4.29
12774,0,1.331,3.953,49,161,3.71,32,167,6.77,31,211,5.27,25,438,3.56,31,658,1.33,23,582,3.09
7081,0,1.331,4.492,28,148,2.31,35,208,5.94,29,213,4.88,33,263,7.82,31,658,1.33,29,484,4.68
31952,0,1.328,3.103,115,1056,1.33,51,904,1.99,118,1117,3.79,52,926,3.5,118,1038,3.21,53,862,4.8
21443,0,1.328,3.869,3,13,2.81,2,24,2.94,1,27,1.33,5,35,8.9,3,26,3.26,3,59,3.97
18137,0,1.328,6.093,6,14,5.23,2,17,4.15,1,27,1.33,4,24,10.38,3,27,3.14,3,19,12.33
20059,0,1.327,2.924,17,88,2.36,15,142,3.73,13,96,4.85,12,240,3.11,17,362,1.33,9,325,2.16
1538,0,1.325,4.515,10,92,1.33,10,116,3.04,9,69,4.68,4,60,4.15,8,61,3.71,9,69,10.18
12890,0,1.325,13.305,17,8,25.91,28,29,34.09,4,48,2.99,2,94,1.33,18,155,3.28,21,134,12.24
15958,0,1.323,2.236,10,75,1.63,3,80,1.32,11,100,3.94,5,103,3.02,6,78,2.17,1,59,1.32
28359,0,1.322,11.828,22,28,9.58,23,21,38.67,19,61,11.17,9,132,4.25,21,449,1.32,19,248,5.98
19402,0,1.313,4.167,38,353,1.31,27,349,2.73,23,145,5.69,11,122,5.62,9,95,2.68,21,235,6.98
22549,0,1.312,2.005,12,70,2.09,7,121,2.04,3,82,1.31,2,64,1.95,7,70,2.83,3,129,1.82
15794,0,1.309,2.765,143,1200,1.45,59,1592,1.31,68,1415,1.72,42,1850,1.41,205,756,7.66,70,1803,3.03
19451,0,1.308,2.129,6,45,1.63,2,54,1.31,2,40,1.79,6,99,3.77,2,23,2.46,2,86,1.82
4905,0,1.306,2.728,39,364,1.31,29,425,2.41,33,386,3.07,19,377,3.14,29,285,2.88,19,415,3.57
30817,0,1.304,2.623,5,38,1.6,3,55,1.93,2,55,1.3,2,75,1.66,3,64,1.32,7,69,7.92
28455,0,1.303,2.396,121,684,2.16,66,875,2.66,69,1015,2.44,51,1450,2.19,99,2147,1.3,90,1939,3.62
6479,0,1.301,3.467,4,19,2.57,3,23,4.61,3,33,3.26,3,26,7.19,2,30,1.88,1,60,1.3
8223,0,1.298,2.549,83,629,1.61,25,680,1.3,100,794,4.52,43,1009,2.65,63,748,2.38,20,550,2.84
3564,0,1.297,3.555,5,47,1.3,3,37,2.86,6,33,6.52,4,49,5.08,2,42,1.35,4,74,4.22
22627,0,1.295,2.607,203,1303,1.9,78,2126,1.3,93,1580,2.11,48,1759,1.7,187,1291,4.09,82,1409,4.54
8161,0,1.292,3.039,310,911,4.15,158,1275,4.38,90,1501,2.15,60,1921,1.95,120,2624,1.29,147,2657,4.32
27177,0,1.291,2.476,26,198,1.6,23,277,2.93,24,339,2.54,16,281,3.55,26,569,1.29,22,583,2.95
19068,0,1.29,2.07,63,531,1.45,21,575,1.29,23,416,1.98,13,611,1.33,33,520,1.79,26,443,4.58
18762,0,1.288,2.104,231,1739,1.62,75,1626,1.63,50,1392,1.29,45,1959,1.43,125,2006,1.76,85,1356,4.89
106,0,1.285,3.811,9,34,3.23,5,58,3.04,9,38,8.49,3,34,5.5,2,44,1.28,1,59,1.32
22948,0,1.284,3.091,2,16,1.52,2,55,1.28,4,22,6.52,2,39,3.19,4,27,4.19,2,85,1.84
24970,0,1.284,4.14,4,38,1.28,5,31,5.7,6,41,5.25,2,43,2.9,3,28,3.03,6,70,6.69
18062,0,1.284,3.013,2,19,1.28,3,21,5.04,2,19,3.77,1,45,1.38,2,21,2.69,2,40,3.9
23701,0,1.28,3.077,3,28,1.31,6,29,7.31,1,28,1.28,2,31,4.02,4,75,1.51,3,77,3.04
4494,0,1.28,3.558,7,45,1.9,6,79,2.68,2,56,1.28,3,31,6.03,4,28,4.04,5,72,5.42
27742,0,1.28,2.232,20,175,1.39,13,234,1.96,6,133,1.62,3,146,1.28,12,111,3.06,9,172,4.09
1137,0,1.278,5.981,28,30,11.38,11,64,6.07,12,71,6.06,9,122,4.59,9,199,1.28,13,156,6.51
5644,0,1.27,4.211,25,240,1.27,21,196,3.78,45,327,4.93,21,245,5.34,34,265,3.63,19,235,6.31
11734,0,1.269,4.007,56,538,1.27,63,601,3.7,53,616,3.08,72,641,7.0,85,1039,2.31,64,748,6.68
29216,0,1.264,3.823,74,281,3.21,39,356,3.87,54,556,3.48,73,688,6.61,50,1118,1.26,63,1092,4.5
2792,0,1.263,8.446,172,309,6.79,48,330,5.14,39,189,7.4,6,296,1.26,82,233,9.95,40,155,20.15
21661,0,1.261,3.152,3,29,1.26,3,32,3.31,3,56,1.92,5,42,7.41,4,80,1.41,4,87,3.59
16078,0,1.261,4.689,6,48,1.52,2,56,1.26,9,26,12.41,4,48,5.19,2,26,2.17,2,28,5.58
30120,0,1.261,3.416,2053,19854,1.26,1271,21420,2.1,413,9452,1.57,391,11342,2.15,1336,5330,7.08,855,10529,6.34
23118,0,1.256,4.314,33,142,2.83,4,75,1.88,5,109,1.64,12,103,7.26,4,90,1.26,11,78,11.01
17089,0,1.253,3.823,26,253,1.25,9,209,1.52,24,234,3.68,19,171,6.92,22,138,4.51,7,108,5.06
6756,0,1.248,2.405,48,358,1.63,30,501,2.11,31,459,2.42,33,553,3.72,39,883,1.25,41,971,3.3
26434,0,1.247,6.686,25,52,5.86,33,114,10.22,24,122,7.05,29,162,11.15,32,725,1.25,28,477,4.58
16593,0,1.244,6.626,36,113,3.88,34,88,13.64,37,162,8.19,28,335,5.21,31,704,1.24,38,391,7.59
9484,0,1.242,2.657,21,85,3.01,9,112,2.84,11,134,2.94,9,154,3.64,12,273,1.24,9,310,2.27
8317,0,1.236,8.128,8,38,2.57,6,42,5.04,1,29,1.24,5,39,7.99,7,25,7.91,8,26,24.02
5206,0,1.236,2.7,2,7,3.48,1,14,2.52,1,29,1.24,2,29,4.3,3,34,2.49,1,36,2.17
19181,0,1.236,2.762,22,217,1.24,19,265,2.53,16,253,2.27,11,238,2.88,24,225,3.01,17,286,4.64
12884,0,1.23,3.022,139,1378,1.23,193,2320,2.94,27,432,2.24,27,914,1.84,11,57,5.45,44,775,4.43
9273,0,1.223,4.05,22,53,5.06,12,76,5.58,14,80,6.27,8,159,3.13,10,231,1.22,8,206,3.03
17396,0,1.215,7.2,38,83,5.58,14,54,9.15,5,41,4.37,8,70,7.12,8,186,1.22,22,109,15.76
19974,0,1.215,2.241,8,31,3.15,5,44,4.01,3,66,1.63,3,100,1.87,8,186,1.22,3,149,1.57
11187,0,1.215,1.772,32,244,1.6,19,351,1.91,16,277,2.07,10,379,1.64,19,442,1.21,12,427,2.19
28098,0,1.214,2.574,43,432,1.21,31,466,2.35,32,387,2.96,23,450,3.18,34,672,1.43,29,526,4.3
28468,0,1.214,4.916,13,78,2.03,15,66,8.02,6,54,3.98,7,82,5.32,7,163,1.21,12,105,8.92
31316,0,1.212,2.793,106,1066,1.21,53,956,1.96,103,1088,3.39,49,954,3.2,99,1074,2.6,54,961,4.39
28077,0,1.212,2.571,17,118,1.76,23,177,4.59,15,202,2.66,14,357,2.44,19,443,1.21,17,480,2.77
5779,0,1.209,6.203,110,215,6.24,74,176,14.85,82,355,8.28,52,1188,2.73,85,1986,1.21,74,1476,3.91
21761,0,1.205,2.668,591,5978,1.21,302,8148,1.31,113,2599,1.56,114,3278,2.17,288,2353,3.46,280,3464,6.31
9802,0,1.205,59.888,38,44,10.53,36,16,79.45,25,15,59.75,21,9,145.33,9,211,1.21,42,52,63.06
6970,0,1.205,2.873,58,587,1.2,31,573,1.91,72,705,3.66,27,614,2.74,49,464,2.98,32,527,4.74
1070,0,1.204,3.626,24,243,1.2,22,304,2.56,19,213,3.2,19,253,4.68,30,261,3.25,22,250,6.87
22802,0,1.203,5.915,4,6,8.13,4,10,14.12,1,13,2.76,2,17,7.33,2,47,1.2,1,40,1.95
24033,0,1.197,1.84,7,59,1.45,2,59,1.2,4,91,1.58,4,118,2.11,9,92,2.76,6,241,1.94
2853,0,1.197,4.156,37,377,1.2,42,300,4.94,62,413,5.38,39,364,6.67,24,408,1.66,27,415,5.08
6783,0,1.196,4.703,77,785,1.2,88,892,3.48,70,628,4.0,57,564,6.29,76,372,5.77,76,794,7.47
5429,0,1.195,3.25,5,51,1.2,7,91,2.72,2,55,1.3,3,39,4.79,8,40,5.65,3,61,3.84
3885,0,1.194,4.019,8,18,5.42,2,18,3.92,2,26,2.76,1,48,1.3,3,71,1.19,5,41,9.52
912,0,1.189,1.868,299,2314,1.58,77,2286,1.19,89,2070,1.54,101,2946,2.14,225,3380,1.88,78,2112,2.88
23004,0,1.188,3.042,120,1232,1.19,61,1047,2.06,116,1146,3.63,67,1047,3.99,99,1097,2.55,60,968,4.84
3179,0,1.186,3.094,37,256,1.76,20,272,2.6,25,384,2.33,51,693,4.58,47,1120,1.19,59,755,6.1
11127,0,1.184,1.64,73,641,1.39,54,1114,1.71,26,787,1.18,36,1006,2.23,71,1516,1.32,42,1636,2.0
22430,0,1.18,5.847,41,79,6.33,48,96,17.65,19,144,4.73,13,654,1.24,35,838,1.18,35,692,3.95
3123,0,1.179,2.938,365,3774,1.18,210,5896,1.26,119,2627,1.62,99,2864,2.15,449,1579,8.04,124,2867,3.38
27998,0,1.177,17.918,2,1,24.39,3,5,21.19,2,5,14.34,2,12,10.38,1,24,1.18,6,13,36.04
5426,0,1.177,12.213,5,17,3.59,19,32,20.96,7,16,15.68,18,55,20.38,3,72,1.18,15,102,11.48
29589,0,1.177,2.902,14,58,2.94,3,90,1.18,7,87,2.88,7,100,4.36,16,94,4.81,3,189,1.24
1446,0,1.175,3.26,56,581,1.18,33,483,2.41,89,653,4.89,34,603,3.51,52,473,3.11,27,472,4.47
8287,0,1.175,5.595,2,4,6.1,2,25,2.82,2,5,14.34,1,53,1.18,5,29,4.87,3,55,4.26
8090,0,1.173,2.168,132,1256,1.28,55,1655,1.17,48,1367,1.26,40,1822,1.37,186,962,5.46,53,1681,2.46
23408,0,1.172,1.698,5,52,1.17,6,79,2.68,4,110,1.3,2,82,1.52,8,123,1.84,5,233,1.68
15519,0,1.169,3.353,14,146,1.17,17,167,3.59,15,162,3.32,10,142,4.39,15,149,2.84,12,195,4.8
12269,0,1.169,2.69,637,5541,1.4,191,5770,1.17,171,2704,2.27,102,3253,1.95,372,3063,3.43,172,2270,5.92
27502,0,1.168,2.907,29,160,2.21,21,221,3.36,18,216,2.99,17,238,4.45,26,629,1.17,21,501,3.27
6320,0,1.168,3.094,41,428,1.17,32,379,2.98,37,425,3.12,22,362,3.79,35,356,2.78,22,363,4.73
31010,0,1.166,4.412,10,39,3.13,8,54,5.23,19,72,9.46,9,151,3.71,13,315,1.17,12,248,3.78
25871,0,1.166,1.665,37,387,1.17,16,481,1.17,18,363,1.78,9,465,1.21,27,348,2.19,14,442,2.47
11960,0,1.166,3.13,39,408,1.17,20,384,1.84,46,437,3.77,28,406,4.3,42,366,3.24,22,385,4.46
25013,0,1.164,1.57,38,391,1.19,18,546,1.16,24,591,1.46,17,594,1.78,30,625,1.36,24,756,2.48
12628,0,1.163,2.154,73,297,3.0,20,352,2.01,21,549,1.37,13,674,1.2,50,1215,1.16,35,653,4.18
19450,0,1.158,2.192,55,579,1.16,99,622,5.62,31,802,1.39,40,1092,2.28,60,1130,1.5,27,1748,1.21
19494,0,1.158,2.767,15,116,1.58,13,143,3.21,8,215,1.33,15,170,5.5,10,244,1.16,13,265,3.83
30073,0,1.158,6.075,21,48,5.33,2,61,1.16,9,30,10.76,3,112,1.67,19,67,8.01,5,41,9.52
23169,0,1.156,32.522,2,21,1.16,13,13,35.31,1,31,1.16,8,5,99.65,6,21,8.07,102,160,49.77
28612,0,1.155,2.897,41,195,2.56,30,282,3.76,28,332,3.02,25,346,4.5,32,783,1.15,23,753,2.38
12583,0,1.154,2.962,290,3063,1.15,123,3582,1.21,63,1043,2.17,51,1267,2.51,151,1194,3.57,98,1069,7.16
18965,0,1.154,2.649,203,2145,1.15,91,2240,1.43,33,687,1.72,46,952,3.01,114,908,3.55,57,885,5.03
2426,0,1.153,5.856,14,22,7.76,14,44,11.23,2,36,1.99,4,77,3.24,6,147,1.15,13,104,9.76
17249,0,1.152,2.466,546,5780,1.15,223,6556,1.2,187,3075,2.18,97,3389,1.78,334,3699,2.55,171,2252,5.93
1072,0,1.149,2.791,9,25,4.39,3,54,1.96,4,43,3.34,4,90,2.77,10,246,1.15,6,149,3.14
3596,0,1.148,3.075,19,69,3.36,11,87,4.46,8,137,2.09,11,209,3.28,13,320,1.15,14,266,4.11
1894,0,1.148,1.959,32,340,1.15,15,384,1.38,17,329,1.85,12,448,1.67,29,415,1.97,14,293,3.73
20138,0,1.147,1.359,107,1075,1.21,52,1601,1.15,65,1441,1.62,28,1461,1.19,159,3371,1.33,52,2465,1.65
12618,0,1.146,4.976,11,117,1.15,24,237,3.58,4,83,1.73,9,68,8.24,11,59,5.27,103,813,9.89
19587,0,1.144,2.859,58,449,1.58,26,456,2.01,31,331,3.36,14,301,2.9,13,321,1.14,21,266,6.16
22259,0,1.141,3.658,12,92,1.59,24,117,7.24,9,182,1.77,17,151,7.01,9,223,1.14,15,367,3.19
26338,0,1.14,2.267,253,2366,1.3,112,2905,1.36,118,1956,2.16,51,2786,1.14,169,1810,2.64,109,1704,4.99
20627,0,1.14,3.581,53,296,2.18,61,443,4.86,45,400,4.03,43,533,5.02,52,1289,1.14,53,975,4.24
23372,0,1.139,5.77,16,19,10.27,15,65,8.15,9,68,4.75,3,164,1.14,13,165,2.23,20,193,8.09
7916,0,1.139,3.186,83,397,2.55,14,434,1.14,28,277,3.62,13,359,2.26,44,327,3.8,17,231,5.75
12153,0,1.138,4.157,21,225,1.14,26,296,3.1,14,177,2.84,20,191,6.52,25,169,4.18,19,207,7.17
29524,0,1.138,4.768,78,836,1.14,62,668,3.28,67,641,3.75,57,569,6.24,98,511,5.42,69,613,8.79
27651,0,1.136,1.973,36,272,1.61,10,277,1.27,13,229,2.04,6,329,1.14,18,299,1.7,13,249,4.08
13903,0,1.133,2.5,19,127,1.82,16,194,2.91,18,215,3.0,17,300,3.53,20,499,1.13,16,481,2.6
22841,0,1.132,15.194,6,1,73.16,2,12,5.88,1,6,5.98,1,55,1.13,6,116,1.46,2,44,3.55
5000,0,1.132,2.712,129,1390,1.13,67,1244,1.9,132,1413,3.35,67,1293,3.23,121,1353,2.53,66,1247,4.13
9172,0,1.13,2.403,2,12,2.03,2,13,5.43,1,18,1.99,1,34,1.83,2,50,1.13,1,39,2.0
183,0,1.127,3.595,10,106,1.15,6,188,1.13,17,116,5.25,10,121,5.15,11,77,4.04,11,177,4.85
32158,0,1.126,2.717,296,3204,1.13,160,3103,1.82,248,2780,3.2,130,2479,3.27,276,2344,3.33,113,2478,3.56
753,0,1.126,2.64,10,41,2.97,7,73,3.39,6,64,3.36,3,135,1.38,10,251,1.13,8,173,3.61
196,0,1.121,5.227,17,24,8.64,10,39,9.05,8,100,2.87,7,83,5.25,5,126,1.12,8,141,4.43
28859,0,1.119,3.246,10,45,2.71,6,67,3.16,3,44,2.44,4,65,3.83,4,101,1.12,7,88,6.21
7665,0,1.118,2.559,403,4395,1.12,194,4329,1.58,320,3960,2.9,166,3278,3.15,376,3256,3.26,142,3321,3.34
6952,0,1.117,3.328,71,247,3.5,33,222,5.25,37,312,4.25,30,636,2.94,45,1138,1.12,30,805,2.91
13899,0,1.116,3.176,15,109,1.68,12,137,3.09,32,185,6.2,25,303,5.14,19,481,1.12,7,299,1.83
5290,0,1.116,1.832,3064,33480,1.12,1475,38278,1.36,604,16515,1.31,462,18130,1.59,1090,12662,2.43,427,10464,3.19
3404,0,1.116,19.116,54,38,17.33,123,57,76.19,33,157,7.54,61,922,4.12,37,937,1.12,126,1171,8.4
9278,0,1.111,4.169,22,47,5.71,13,63,7.29,11,83,4.75,4,116,2.15,14,356,1.11,13,253,4.01
4328,0,1.111,2.276,150,999,1.83,32,1017,1.11,99,1112,3.19,48,1543,1.94,96,1453,1.87,40,840,3.72
15350,0,1.11,3.031,41,137,3.65,33,227,5.13,14,202,2.48,17,610,1.74,31,789,1.11,35,671,4.07
5147,0,1.108,2.564,12,132,1.11,10,167,2.11,7,109,2.3,11,150,4.57,13,142,2.59,7,202,2.71
25666,0,1.107,1.775,10,74,1.65,4,100,1.41,9,90,3.59,2,110,1.13,6,96,1.77,2,141,1.11
21184,0,1.101,1.454,64,703,1.11,36,774,1.64,24,774,1.11,27,745,2.26,44,1129,1.1,26,1353,1.5
13192,0,1.101,5.257,35,72,5.93,30,100,10.59,26,151,6.17,26,350,4.63,30,770,1.1,23,575,3.12
17062,0,1.1,3.82,21,83,3.09,18,106,6.0,15,117,4.6,12,181,4.13,20,514,1.1,20,389,4.01
659,0,1.099,1.772,81,604,1.64,19,590,1.14,26,497,1.88,12,680,1.1,52,795,1.85,18,463,3.04
4204,0,1.099,3.821,30,170,2.15,8,257,1.1,13,100,4.66,14,186,4.69,24,156,4.35,19,248,5.98
22270,0,1.098,3.676,47,522,1.1,57,948,2.12,42,710,2.12,16,500,1.99,142,335,11.98,17,484,2.74
5379,0,1.097,1.601,10,85,1.43,5,73,2.42,3,98,1.1,4,136,1.83,8,176,1.28,5,254,1.54
4186,0,1.097,1.543,18,178,1.23,9,223,1.43,18,310,2.08,9,308,1.82,16,412,1.1,11,536,1.6
8675,0,1.097,2.691,17,189,1.1,14,158,3.13,14,190,2.64,15,202,4.63,18,277,1.84,11,305,2.82
7005,0,1.093,2.285,10,68,1.79,5,84,2.1,3,47,2.29,1,57,1.09,8,59,3.83,2,60,2.6
19629,0,1.087,3.003,6,20,3.66,2,47,1.5,2,35,2.05,2,44,2.83,1,26,1.09,3,34,6.89
22895,0,1.085,3.364,88,989,1.08,53,744,2.52,89,859,3.71,55,757,4.53,97,784,3.5,45,725,4.85
13606,0,1.082,2.46,45,507,1.08,20,516,1.37,72,599,4.31,36,818,2.74,74,1265,1.65,41,888,3.6
25742,0,1.081,2.621,100,1128,1.08,56,958,2.06,94,1096,3.07,49,958,3.19,86,1044,2.33,45,880,3.99
9375,0,1.078,3.0,151,1708,1.08,47,1183,1.4,2,37,1.94,4,76,3.28,40,323,3.5,36,413,6.81
21802,0,1.076,1.793,15,170,1.08,4,126,1.12,10,108,3.32,7,146,2.99,10,252,1.12,2,138,1.13
2985,0,1.076,3.339,6,68,1.08,4,76,1.86,2,51,1.41,2,58,2.15,2,49,1.15,10,63,12.39
2309,0,1.075,2.727,115,1304,1.08,63,1140,1.95,115,1284,3.21,61,1185,3.21,106,1256,2.38,63,1085,4.53
18917,0,1.073,1.517,28,317,1.08,26,425,2.16,22,618,1.28,20,580,2.15,44,1159,1.07,22,1253,1.37
10813,0,1.073,8.345,20,37,6.59,32,58,19.48,15,64,8.4,16,120,8.3,23,606,1.07,25,314,6.22
9919,0,1.071,2.547,402,3492,1.4,103,3395,1.07,65,1281,1.82,55,1610,2.13,153,1280,3.38,68,968,5.48
14082,0,1.07,10.043,2,6,4.06,1,33,1.07,5,13,13.79,3,9,20.76,1,3,9.42,4,28,11.15
18913,0,1.067,1.477,97,1108,1.07,91,1395,2.3,53,1669,1.14,62,2045,1.89,125,3277,1.08,54,3040,1.39
32241,0,1.066,4.443,9,19,5.78,4,53,2.66,5,46,3.9,8,54,9.23,2,53,1.07,5,97,4.02
26758,0,1.066,4.941,20,95,2.57,14,116,4.26,23,97,8.5,20,190,6.56,10,265,1.07,18,210,6.69
899,0,1.066,1.92,626,5502,1.39,281,6799,1.46,224,4709,1.71,123,7187,1.07,385,5653,1.92,250,4910,3.98
29402,0,1.065,2.337,87,664,1.6,27,895,1.07,30,674,1.6,18,842,1.33,122,711,4.85,45,980,3.59
29838,0,1.063,3.575,21,128,2.0,11,165,2.35,17,171,3.56,30,275,6.79,12,319,1.06,21,289,5.67
21626,0,1.061,2.386,587,6749,1.06,310,8198,1.34,116,2454,1.69,131,3258,2.5,344,2949,3.3,212,3742,4.42
21116,0,1.06,3.576,2,23,1.06,1,24,1.47,2,21,3.41,2,23,5.42,2,12,4.71,2,29,5.38
16452,0,1.058,1.565,23,220,1.27,10,257,1.37,12,291,1.48,16,336,2.97,17,454,1.06,10,630,1.24
26190,0,1.058,2.215,12,87,1.68,13,150,3.06,10,134,2.68,8,189,2.64,7,187,1.06,6,215,2.18
10208,0,1.056,2.845,608,7021,1.06,307,8111,1.34,133,2093,2.28,127,2884,2.74,250,2336,3.02,212,2496,6.63
19174,0,1.056,1.997,8,25,3.9,3,56,1.89,3,66,1.63,1,59,1.06,3,78,1.09,3,97,2.41
3562,0,1.056,1.482,16,176,1.11,9,214,1.48,6,192,1.12,3,177,1.06,11,178,1.75,6,197,2.38
5026,0,1.055,2.833,79,913,1.06,67,1015,2.33,67,976,2.46,68,1016,4.17,92,1334,1.95,73,1133,5.03
4338,0,1.054,2.726,10,41,2.97,9,65,4.89,2,68,1.05,7,105,4.15,7,173,1.14,5,182,2.15
14892,0,1.054,2.284,8,39,2.5,4,56,2.52,2,68,1.05,2,50,2.49,7,129,1.53,6,130,3.6
24583,0,1.052,2.64,116,400,3.54,11,316,1.23,32,360,3.19,39,543,4.47,27,725,1.05,15,496,2.36
5184,0,1.051,2.238,5,58,1.05,4,84,1.68,3,67,1.61,4,66,3.77,7,100,1.98,5,117,3.34
24701,0,1.051,1.84,11,106,1.27,6,104,2.04,9,130,2.48,5,190,1.64,10,269,1.05,7,213,2.57
24678,0,1.048,3.235,52,567,1.12,34,1004,1.2,5,171,1.05,6,282,1.33,8,33,6.85,49,486,7.87
21993,0,1.046,2.474,41,216,2.31,37,297,4.4,16,355,1.62,7,417,1.05,25,386,1.83,26,558,3.64
27547,0,1.045,2.814,142,1657,1.04,83,1539,1.9,176,1730,3.65,78,1516,3.2,176,1537,3.24,82,1664,3.85
17170,0,1.044,1.709,95,470,2.46,50,829,2.13,24,662,1.3,17,1014,1.04,44,1089,1.14,36,1293,2.17
955,0,1.044,1.691,28,140,2.44,10,202,1.75,10,175,2.05,6,255,1.47,15,406,1.04,7,390,1.4
4264,0,1.043,1.67,28,214,1.6,15,384,1.38,19,535,1.27,25,467,3.33,40,809,1.4,12,898,1.04
1930,0,1.041,2.392,238,2787,1.04,148,3943,1.33,41,967,1.52,49,1305,2.34,28,310,2.55,101,1414,5.58
11404,0,1.039,3.325,66,457,1.76,44,526,2.95,2,69,1.04,4,141,1.77,1,14,2.02,8,60,10.41
25875,0,1.039,2.203,6,29,2.52,1,34,1.04,5,39,4.6,3,87,2.15,4,97,1.17,4,179,1.74
30626,0,1.038,2.177,30,270,1.35,12,300,1.41,18,252,2.56,5,300,1.04,23,380,1.71,15,235,4.98
3747,0,1.038,1.176,60,696,1.05,36,1225,1.04,11,362,1.09,11,484,1.42,11,298,1.04,9,495,1.42
18183,0,1.034,2.511,402,4741,1.03,199,5665,1.24,87,1667,1.87,69,2129,2.02,227,1999,3.21,136,1866,5.69
30584,0,1.034,1.549,23,259,1.08,11,277,1.4,16,323,1.78,11,414,1.65,18,492,1.03,19,632,2.35
6077,0,1.033,5.577,23,90,3.12,41,103,14.06,20,147,4.88,30,464,4.03,26,711,1.03,38,467,6.35
31788,0,1.033,2.747,100,1180,1.03,51,1088,1.66,105,1121,3.36,58,978,3.69,94,930,2.86,50,1005,3.88
30192,0,1.028,2.458,108,1281,1.03,56,1576,1.25,27,572,1.69,25,690,2.26,79,600,3.72,49,798,4.79
32314,0,1.027,2.1,398,4724,1.03,174,5158,1.19,138,2601,1.9,77,3089,1.55,337,3763,2.53,109,1935,4.4
6674,0,1.023,3.441,10,73,1.67,2,69,1.02,8,82,3.5,5,64,4.87,9,58,4.39,4,60,5.21
21043,0,1.022,1.39,31,370,1.02,19,471,1.42,16,354,1.62,9,476,1.18,26,639,1.15,16,642,1.95
8222,0,1.021,4.258,9,83,1.32,8,59,4.79,7,44,5.7,4,43,5.79,6,166,1.02,7,79,6.92
8321,0,1.021,1.933,811,4602,2.15,97,3355,1.02,258,5224,1.77,197,5984,2.05,596,7204,2.34,89,3059,2.27
12840,0,1.021,2.801,8,38,2.57,7,116,2.13,3,42,2.56,4,45,5.54,9,85,2.99,2,153,1.02
12170,0,1.016,5.277,2,24,1.02,6,26,8.15,4,37,3.88,5,41,7.6,5,37,3.82,6,65,7.21
14547,0,1.016,6.52,9,108,1.02,6,149,1.42,12,53,8.12,11,54,12.69,9,41,6.2,14,113,9.67
29492,0,1.011,2.452,23,188,1.49,17,242,2.48,30,338,3.18,24,325,4.6,36,522,1.95,9,695,1.01
22930,0,1.009,5.455,4,13,3.75,2,12,5.88,3,21,5.12,4,20,12.46,1,28,1.01,3,52,4.5
26530,0,1.009,2.55,26,108,2.94,5,175,1.01,5,84,2.13,4,106,2.35,10,62,4.56,4,135,2.31
17407,0,1.008,3.479,43,164,3.2,43,279,5.44,60,344,6.25,34,670,3.16,75,2103,1.01,24,1032,1.82
11475,0,1.005,13.436,7,6,14.23,17,15,40.02,8,14,20.49,2,124,1.0,11,250,1.24,9,193,3.64
4545,0,1.002,5.29,35,105,4.06,36,119,10.68,40,168,8.54,26,470,3.45,26,733,1.0,28,545,4.01
9462,0,1.001,2.286,118,540,2.66,66,882,2.64,65,865,2.69,34,1359,1.56,74,2090,1.0,85,2102,3.16
32710,0,0.998,1.001,11971,146123,1.0,5700,201610,1.0,4070,145869,1.0,3114,193711,1.0,8795,247428,1.0,3587,279564,1.0
11527,0,0.997,2.162,13,159,1.0,8,210,1.35,11,178,2.22,16,206,4.84,11,225,1.38,7,249,2.19
18249,0,0.996,3.028,259,1113,2.84,171,1391,4.34,167,1360,4.4,107,3351,1.99,197,5589,1.0,168,3641,3.6
10582,0,0.996,2.14,3,28,1.31,5,45,3.92,1,36,1.0,1,57,1.09,3,49,1.73,5,103,3.79
18267,0,0.995,2.174,479,4615,1.27,261,5196,1.77,173,4153,1.49,95,5945,1.0,413,4673,2.5,264,4108,5.02
13823,0,0.995,3.903,6,41,1.78,14,42,11.77,3,55,1.96,3,101,1.85,15,426,1.0,14,216,5.06
10840,0,0.994,3.106,23,282,0.99,17,297,2.02,33,260,4.55,31,331,5.83,19,512,1.05,19,354,4.19
13851,0,0.992,3.491,10,51,2.39,19,63,10.65,6,103,2.09,5,264,1.18,16,456,0.99,17,364,3.65
5503,0,0.989,3.705,58,171,4.14,38,222,6.04,38,277,4.92,26,553,2.93,42,1200,0.99,36,874,3.22
9683,0,0.989,3.43,7,40,2.13,5,29,6.09,6,47,4.58,1,63,0.99,5,60,2.35,5,88,4.44
19735,0,0.988,1.438,194,2394,0.99,104,3242,1.13,58,1707,1.22,46,2087,1.37,104,1808,1.63,78,2661,2.29
28846,0,0.985,3.01,69,405,2.08,79,624,4.47,48,640,2.69,67,862,4.84,69,1979,0.99,60,1563,3.0
11141,0,0.985,2.333,332,3041,1.33,108,3086,1.24,122,2884,1.52,55,3477,0.99,506,4112,3.48,195,2792,5.45
23285,0,0.984,1.986,33,409,0.98,23,526,1.54,15,319,1.69,10,391,1.59,27,366,2.08,17,330,4.02
31100,0,0.983,3.393,5,62,0.98,8,34,8.31,10,83,4.32,3,80,2.34,7,150,1.32,8,202,3.09
27056,0,0.982,1.084,357,4275,1.02,197,6241,1.11,86,3141,0.98,76,4470,1.06,142,4061,0.99,108,6283,1.34
26937,0,0.981,1.699,6,59,1.24,6,85,2.49,6,83,2.59,2,127,0.98,7,116,1.71,3,198,1.18
27518,0,0.981,3.387,24,94,3.11,21,136,5.45,5,152,1.18,12,213,3.51,11,317,0.98,17,218,6.09
18633,0,0.978,2.876,750,9350,0.98,483,11114,1.53,128,2788,1.65,148,3834,2.4,394,2881,3.86,367,4195,6.83
19935,0,0.978,1.43,110,1191,1.13,43,1553,0.98,27,880,1.1,22,1199,1.14,66,1069,1.74,35,1097,2.49
8297,0,0.978,2.936,57,711,0.98,38,587,2.29,65,670,3.48,32,559,3.57,53,528,2.84,31,541,4.47
28537,0,0.977,1.496,61,761,0.98,38,1251,1.07,10,296,1.21,11,557,1.23,14,188,2.1,24,787,2.38
2268,0,0.976,1.119,256,3157,0.99,148,4558,1.15,82,2660,1.11,85,3843,1.38,141,4084,0.98,85,5929,1.12
4604,0,0.975,1.442,68,850,0.98,42,1322,1.12,12,350,1.23,13,574,1.41,13,181,2.03,17,704,1.89
9650,0,0.975,1.639,29,266,1.33,13,471,0.97,11,227,1.74,6,210,1.78,12,155,2.19,9,385,1.83
16458,0,0.973,1.174,687,5261,1.59,248,8795,1.0,122,4233,1.03,123,5331,1.44,170,4757,1.01,81,6498,0.97
17955,0,0.972,1.125,754,9455,0.97,415,14859,0.99,140,5037,1.0,149,7099,1.31,196,5071,1.09,130,7259,1.4
4189,0,0.97,2.595,124,853,1.77,112,1065,3.71,177,1468,4.32,86,2328,2.3,156,4547,0.97,74,2320,2.49
13707,0,0.969,4.365,12,151,0.97,10,93,3.8,5,111,1.61,8,177,2.82,15,120,3.53,10,58,13.46
22814,0,0.968,3.58,10,126,0.97,12,164,2.58,7,71,3.53,9,93,6.03,9,70,3.63,6,99,4.73
27469,0,0.967,2.474,94,1185,0.97,44,1449,1.07,39,1004,1.39,40,1565,1.59,134,644,5.88,76,1507,3.94
19616,0,0.964,1.446,5,53,1.15,2,54,1.31,2,53,1.35,2,72,1.73,5,65,2.17,1,81,0.96
32026,0,0.963,5.485,53,124,5.21,58,194,10.56,39,207,6.75,31,496,3.89,39,1144,0.96,50,706,5.53
16214,0,0.96,1.814,12,74,1.98,3,100,1.06,3,112,0.96,3,141,1.33,7,93,2.13,8,182,3.43
13657,0,0.959,1.037,2851,33315,1.04,1358,49991,0.96,869,29838,1.04,719,40484,1.11,1524,44744,0.96,833,58698,1.11
2795,0,0.959,1.218,252,2351,1.31,110,3628,1.07,154,5759,0.96,122,6174,1.23,208,5143,1.14,184,8996,1.6
5151,0,0.955,4.074,28,97,3.52,17,97,6.19,13,155,3.01,6,243,1.54,12,355,0.96,31,262,9.24
26934,0,0.954,4.035,12,37,3.95,7,63,3.92,10,40,8.96,10,176,3.54,8,237,0.95,7,190,2.88
12696,0,0.954,1.389,75,959,0.95,39,1347,1.02,18,584,1.11,17,809,1.31,34,443,2.17,29,1276,1.77
16813,0,0.953,2.684,34,214,1.94,30,353,3.0,10,329,1.09,20,566,2.2,23,682,0.95,47,530,6.92
14942,0,0.952,1.858,22,128,2.1,11,163,2.38,15,318,1.69,10,357,1.74,16,475,0.95,16,547,2.28
16406,0,0.95,1.803,304,3034,1.22,99,3679,0.95,67,1863,1.29,62,2830,1.36,210,1529,3.88,80,2959,2.11
25822,0,0.948,2.058,31,186,2.03,19,212,3.16,13,206,2.26,10,430,1.45,25,745,0.95,17,533,2.49
16433,0,0.947,2.491,60,363,2.02,48,440,3.85,47,617,2.73,32,787,2.53,59,1761,0.95,51,1389,2.87
12276,0,0.946,1.728,57,387,1.8,25,568,1.55,21,528,1.43,27,645,2.61,31,926,0.95,28,1072,2.04
8805,0,0.946,1.137,54,696,0.95,40,1239,1.14,7,262,0.96,7,363,1.2,4,109,1.04,7,355,1.54
12461,0,0.942,2.453,4,37,1.32,4,39,3.62,1,28,1.28,1,21,2.97,1,30,0.94,3,51,4.59
5070,0,0.942,2.629,2,10,2.44,1,21,1.68,2,22,3.26,2,27,4.61,1,30,0.94,2,55,2.84
5981,0,0.942,1.08,307,3548,1.06,152,5343,1.0,95,2882,1.18,73,4155,1.09,131,3930,0.94,88,5708,1.2
22207,0,0.938,18.685,3,39,0.94,8,49,5.76,1,10,3.59,14,11,79.27,4,15,7.54,5,26,15.02
9887,0,0.937,1.077,237,2728,1.06,116,3807,1.08,71,2243,1.13,54,3186,1.06,102,3076,0.94,70,4550,1.2
17202,0,0.935,7.631,14,37,4.61,17,29,20.7,15,55,9.78,13,168,4.82,14,423,0.94,15,237,4.94
8789,0,0.935,1.415,69,879,0.96,40,1243,1.14,9,345,0.94,9,513,1.09,14,186,2.13,20,697,2.24
27947,0,0.935,2.681,61,489,1.52,19,629,1.07,18,365,1.77,8,533,0.93,95,402,6.68,29,550,4.12
5745,0,0.932,1.173,283,3704,0.93,157,5822,0.95,70,2665,0.94,79,3602,1.37,117,2640,1.25,123,6030,1.59
16721,0,0.93,1.592,67,878,0.93,53,1252,1.49,16,348,1.65,15,537,1.74,16,244,1.85,22,912,1.88
6551,0,0.929,3.69,7,84,1.02,2,76,0.93,4,34,4.22,1,31,2.01,4,17,6.65,3,32,7.32
3285,0,0.928,4.907,186,419,5.41,147,441,11.77,79,625,4.53,59,1836,2.0,138,4204,0.93,120,1952,4.8
9526,0,0.924,2.236,8,38,2.57,5,56,3.15,7,64,3.92,3,99,1.89,5,147,0.96,2,169,0.92
350,0,0.924,1.893,10,132,0.92,14,197,2.51,9,151,2.14,6,135,2.77,7,194,1.02,7,273,2.0
28305,0,0.923,7.167,84,124,8.26,86,125,24.29,30,283,3.8,25,1023,1.52,66,2020,0.92,71,1318,4.21
31322,0,0.922,2.006,16,80,2.44,8,126,2.24,10,132,2.72,7,229,1.9,17,521,0.92,7,301,1.82
30791,0,0.921,1.997,20,118,2.07,3,115,0.92,3,91,1.18,5,172,1.81,11,136,2.29,4,84,3.72
3762,0,0.921,1.394,112,1483,0.92,64,2323,0.97,19,682,1.0,19,993,1.19,26,325,2.26,31,1199,2.02
3287,0,0.919,2.601,112,1486,0.92,59,1137,1.83,289,2985,3.47,129,2430,3.31,288,2856,2.85,132,3195,3.23
26140,0,0.917,1.204,207,2419,1.04,125,3977,1.11,58,1784,1.17,54,2484,1.35,77,2372,0.92,81,3864,1.64
13426,0,0.917,1.171,31,357,1.06,17,469,1.28,11,430,0.92,13,618,1.31,34,728,1.32,14,959,1.14
1771,0,0.916,2.0,75,674,1.36,42,963,1.54,11,273,1.44,5,340,0.92,4,29,3.9,7,192,2.85
10029,0,0.908,1.123,650,8259,0.96,361,11513,1.11,142,5604,0.91,136,7666,1.1,238,5433,1.24,201,11044,1.42
25938,0,0.908,1.496,33,443,0.91,17,542,1.11,6,226,0.95,11,283,2.42,6,145,1.17,12,387,2.42
25495,0,0.908,1.135,250,2686,1.13,129,4253,1.07,57,1845,1.11,54,2476,1.36,76,2365,0.91,42,2668,1.23
1574,0,0.907,2.057,14,90,1.9,7,133,1.86,4,122,1.18,7,160,2.72,7,218,0.91,9,186,3.78
9365,0,0.906,1.396,268,2979,1.1,105,4091,0.91,54,1883,1.03,42,2389,1.09,79,852,2.62,73,3502,1.63
29823,0,0.905,2.709,4,38,1.28,1,39,0.91,4,46,3.12,4,72,3.46,6,45,3.77,4,84,3.72
793,0,0.905,2.78,17,109,1.9,3,117,0.91,16,176,3.26,18,209,5.36,10,296,0.95,11,200,4.29
1004,0,0.905,1.285,73,677,1.31,67,945,2.5,43,1568,0.98,38,2366,1.0,116,3623,0.9,39,3037,1.0
9539,0,0.903,1.053,226,3051,0.9,126,4509,0.99,35,1274,0.98,35,1799,1.21,38,1105,0.97,29,1794,1.26
1405,0,0.903,1.376,2122,26968,0.96,921,33638,0.97,279,11076,0.9,287,15776,1.13,314,3907,2.27,281,10836,2.02
22785,0,0.903,1.464,51,689,0.9,37,698,1.87,30,727,1.48,26,1169,1.39,69,1476,1.32,35,1497,1.83
17712,0,0.902,1.061,815,9688,1.03,421,14737,1.01,235,8085,1.04,217,10985,1.23,365,11431,0.9,251,16940,1.16
24141,0,0.902,3.54,94,322,3.56,59,414,5.03,52,552,3.38,50,814,3.83,40,1253,0.9,60,1031,4.54
1218,0,0.9,1.048,311,3438,1.1,150,5287,1.0,82,3057,0.96,61,4220,0.9,172,4276,1.14,96,6337,1.18
25443,0,0.9,4.207,50,159,3.83,35,169,7.31,44,275,5.74,29,617,2.93,27,848,0.9,41,706,4.53
5973,0,0.898,1.187,33,448,0.9,14,423,1.17,16,392,1.46,7,437,1.0,26,480,1.53,9,662,1.06
24390,0,0.897,1.29,4,42,1.16,3,48,2.21,1,37,0.97,1,41,1.52,2,63,0.9,1,79,0.99
27340,0,0.897,1.29,210,2394,1.07,89,2713,1.16,63,2428,0.93,37,2570,0.9,153,1865,2.32,69,3938,1.37
5765,0,0.896,1.781,2,15,1.63,2,23,3.07,1,40,0.9,1,33,1.89,3,69,1.23,2,79,1.98
13992,0,0.896,1.792,16,147,1.33,9,157,2.02,7,265,0.95,15,238,3.93,9,284,0.9,9,431,1.63
5077,0,0.894,1.11,235,2785,1.03,108,4267,0.89,93,2526,1.32,80,3486,1.43,111,3459,0.91,71,5139,1.08
1829,0,0.892,2.164,3,41,0.89,3,48,2.21,2,46,1.56,3,43,4.35,3,44,1.93,2,76,2.05
14347,0,0.892,6.551,60,95,7.7,37,119,10.98,75,259,10.38,34,534,3.97,44,1394,0.89,49,710,5.39
27026,0,0.892,1.053,246,2386,1.26,112,3615,1.09,55,2048,0.96,39,2724,0.89,96,2797,0.97,59,4032,1.14
11651,0,0.891,1.409,35,397,1.07,28,537,1.84,12,483,0.89,19,624,1.9,25,630,1.12,20,958,1.63
3198,0,0.891,1.521,146,700,2.54,40,1586,0.89,32,684,1.68,13,664,1.22,20,339,1.67,8,553,1.13
3543,0,0.89,1.932,21,210,1.22,17,285,2.11,24,396,2.17,28,497,3.51,34,1079,0.89,21,968,1.69
10737,0,0.89,2.452,35,229,1.86,45,334,4.76,23,291,2.83,11,770,0.89,50,1077,1.31,37,945,3.06
11223,0,0.889,1.457,46,550,1.02,18,715,0.89,9,319,1.01,11,416,1.65,27,273,2.79,12,680,1.38
6667,0,0.886,1.422,63,867,0.89,35,1209,1.02,11,405,0.97,11,598,1.15,20,241,2.35,21,760,2.16
9465,0,0.885,3.73,10,61,2.0,14,58,8.52,2,81,0.89,5,65,4.79,4,101,1.12,7,108,5.06
32557,0,0.885,1.116,73,1006,0.88,38,1336,1.0,14,528,0.95,12,727,1.03,16,327,1.38,18,971,1.45
5814,0,0.884,0.969,2631,34206,0.94,1389,50897,0.96,738,29917,0.88,582,40943,0.89,1579,43981,1.01,825,57115,1.13
2958,0,0.884,2.915,113,525,2.62,90,598,5.31,83,802,3.71,70,1987,2.19,99,3164,0.88,82,2316,2.76
26941,0,0.884,2.631,34,469,0.88,27,418,2.28,15,427,1.26,13,501,1.62,25,432,1.64,46,443,8.11
18428,0,0.883,1.698,9,73,1.5,10,112,3.15,5,109,1.64,3,121,1.54,4,128,0.88,4,214,1.46
20657,0,0.882,1.214,21,162,1.58,13,289,1.59,14,442,1.14,12,633,1.18,43,1377,0.88,14,1195,0.91
19416,0,0.882,1.017,277,3368,1.0,127,4298,1.04,81,3293,0.88,93,4398,1.32,171,5209,0.93,81,6786,0.93
11129,0,0.88,1.316,362,4724,0.93,203,6467,1.11,75,3055,0.88,76,3832,1.24,142,2514,1.6,129,4709,2.14
30435,0,0.879,0.942,187,2406,0.95,91,3350,0.96,58,2366,0.88,56,3330,1.05,121,3735,0.92,56,4842,0.9
20439,0,0.878,1.139,168,1989,1.03,76,3056,0.88,33,1263,0.94,27,1795,0.94,49,724,1.91,28,1917,1.14
20785,0,0.877,27.058,9,2,54.87,10,4,88.27,2,7,10.24,1,71,0.88,8,94,2.41,8,110,5.68
20093,0,0.877,1.363,74,1029,0.88,46,1366,1.19,13,517,0.9,13,736,1.1,28,331,2.39,19,863,1.72
25296,0,0.875,1.315,46,641,0.88,43,908,1.67,9,280,1.15,8,422,1.18,13,175,2.1,9,771,0.91
10254,0,0.873,2.278,62,411,1.84,18,430,1.48,20,214,3.35,7,346,1.26,72,418,4.87,5,447,0.87
17537,0,0.873,1.143,22,224,1.2,6,239,0.89,8,165,1.74,3,214,0.87,8,192,1.18,3,238,0.98
6629,0,0.872,2.796,6,33,2.22,1,20,1.77,2,29,2.47,3,29,6.44,5,162,0.87,4,104,3.0
18896,0,0.87,1.843,61,274,2.71,30,446,2.38,30,437,2.46,12,859,0.87,36,1097,0.93,26,1187,1.71
8349,0,0.87,5.952,6,7,10.45,10,24,14.71,2,61,1.18,3,44,4.25,2,65,0.87,3,55,4.26
1625,0,0.869,1.127,50,439,1.39,22,484,1.6,17,605,1.01,12,860,0.87,35,1128,0.88,18,1386,1.01
17756,0,0.868,6.701,140,426,4.01,9,318,1.0,39,120,11.65,13,544,1.49,141,188,21.19,4,360,0.87
26016,0,0.867,1.184,87,1223,0.87,40,1457,0.97,21,833,0.9,31,1123,1.72,56,1152,1.37,34,2088,1.27
9266,0,0.867,1.259,6715,94408,0.87,3468,126575,0.97,1583,60274,0.94,1317,81855,1.0,4205,51757,2.3,2250,118610,1.48
3340,0,0.866,0.982,287,3061,1.14,118,4059,1.03,88,3644,0.87,76,4551,1.04,206,6641,0.88,90,7462,0.94
25653,0,0.865,1.021,112,1578,0.87,52,2022,0.91,32,1178,0.97,25,1427,1.09,54,1413,1.08,34,2199,1.21
14936,0,0.865,0.994,293,3509,1.02,113,4611,0.87,103,3376,1.09,95,4751,1.25,190,6176,0.87,80,7145,0.87
15807,0,0.864,1.244,168,2370,0.86,73,2879,0.9,40,1489,0.96,53,2014,1.64,83,1282,1.83,54,3314,1.27
27150,0,0.862,2.089,38,204,2.27,21,308,2.41,29,348,2.99,12,418,1.79,19,623,0.86,23,809,2.22
5620,0,0.861,2.754,10,23,5.3,1,41,0.86,5,55,3.26,4,83,3.0,10,211,1.34,4,113,2.76
25420,0,0.86,6.533,29,86,4.11,4,143,0.99,3,125,0.86,32,151,13.2,17,159,3.02,51,234,17.02
7453,0,0.86,1.63,85,1205,0.86,62,1734,1.26,27,774,1.25,23,944,1.52,43,688,1.77,43,1074,3.13
20305,0,0.858,1.762,75,879,1.04,73,1839,1.4,5,209,0.86,11,425,1.61,4,89,1.27,45,800,4.39
20276,0,0.856,5.044,6,14,5.23,2,23,3.07,2,13,5.52,3,24,7.79,1,33,0.86,3,30,7.81
2205,0,0.856,1.926,8,75,1.3,4,91,1.55,4,102,1.41,7,117,3.73,3,99,0.86,4,115,2.72
28603,0,0.856,1.12,206,2072,1.21,89,2591,1.21,73,2636,0.99,70,4285,1.02,149,4919,0.86,99,5415,1.43
31409,0,0.856,1.115,192,2609,0.9,79,3260,0.86,51,2007,0.91,45,2656,1.06,111,1668,1.88,61,4359,1.09
3545,0,0.854,1.183,169,2376,0.87,68,2810,0.85,54,2241,0.86,47,2774,1.06,149,1747,2.41,64,4769,1.05
24688,0,0.854,1.602,47,671,0.85,29,948,1.08,10,357,1.0,16,551,1.81,25,258,2.74,21,770,2.13
13044,0,0.854,1.198,53,744,0.87,23,951,0.85,15,511,1.05,10,605,1.03,26,333,2.21,12,795,1.18
19857,0,0.852,1.343,51,683,0.91,23,821,0.99,10,387,0.93,7,512,0.85,29,280,2.93,16,858,1.46
28218,0,0.85,1.67,6,67,1.09,5,66,2.67,2,60,1.2,4,115,2.17,4,133,0.85,4,153,2.04
597,0,0.849,1.867,177,2114,1.02,51,2120,0.85,45,771,2.09,27,995,1.69,93,951,2.76,24,672,2.79
8473,0,0.849,1.259,871,12507,0.85,488,17345,0.99,171,7031,0.87,169,9691,1.09,356,4669,2.15,274,13360,1.6
26189,0,0.848,0.945,912,10834,1.03,445,16473,0.95,277,11118,0.89,197,14464,0.85,597,17625,0.96,282,22180,0.99
32269,0,0.847,1.119,73,921,0.97,32,1334,0.85,24,761,1.13,25,1015,1.53,36,1009,1.01,23,1463,1.23
30875,0,0.846,2.098,7,45,1.9,7,67,3.69,6,124,1.73,8,156,3.19,15,345,1.23,4,369,0.85
8921,0,0.846,1.111,25,338,0.9,12,464,0.91,7,261,0.96,5,368,0.85,17,245,1.96,9,651,1.08
2970,0,0.846,1.517,724,10437,0.85,440,14608,1.06,125,5057,0.89,166,7752,1.33,255,2544,2.83,312,11390,2.14
6313,0,0.845,1.403,39,563,0.84,22,799,0.97,6,246,0.87,10,379,1.64,11,146,2.13,13,520,1.95
22669,0,0.844,22.677,9,6,18.29,19,11,60.99,12,13,33.09,14,77,11.32,4,134,0.84,9,61,11.52
17959,0,0.843,1.2,30,434,0.84,16,517,1.09,7,268,0.94,6,342,1.09,15,227,1.87,11,627,1.37
22312,0,0.842,1.561,107,1380,0.95,72,2311,1.1,14,596,0.84,28,922,1.89,28,329,2.41,42,1502,2.18
19108,0,0.842,2.285,8,42,2.32,2,49,1.44,6,45,4.78,1,74,0.84,4,94,1.2,3,75,3.12
21364,0,0.842,1.148,100,1384,0.88,49,1761,0.98,23,757,1.09,12,888,0.84,37,546,1.92,19,1259,1.18
5255,0,0.84,1.138,219,3178,0.84,123,4524,0.96,80,2499,1.15,95,3395,1.74,126,3184,1.12,71,5431,1.02
14932,0,0.839,1.441,32,465,0.84,22,647,1.2,4,152,0.94,7,230,1.9,10,103,2.74,3,229,1.02
32216,0,0.839,1.009,278,3973,0.85,159,5504,1.02,73,3120,0.84,79,4543,1.08,160,4212,1.07,95,6258,1.19
22947,0,0.838,2.155,59,283,2.54,54,466,4.09,30,644,1.67,32,1239,1.61,59,1989,0.84,44,1578,2.18
12584,0,0.838,1.171,385,5045,0.93,211,6376,1.17,105,4493,0.84,90,5169,1.08,194,3864,1.42,135,6642,1.59
19956,0,0.837,0.953,1233,15627,0.96,465,18701,0.88,326,13322,0.88,226,16814,0.84,855,18612,1.3,266,24007,0.87
9178,0,0.836,1.086,329,4289,0.94,196,6430,1.08,88,3774,0.84,94,5356,1.09,186,4630,1.14,129,6988,1.44
5688,0,0.834,2.713,8,117,0.83,6,190,1.12,2,44,1.63,4,38,6.56,6,35,4.84,1,60,1.3
5910,0,0.833,1.143,37,533,0.85,23,750,1.08,8,261,1.1,5,374,0.83,12,201,1.69,9,536,1.31
15939,0,0.832,1.2,44,588,0.91,26,646,1.42,29,869,1.2,28,999,1.75,39,1325,0.83,20,1430,1.09
9463,0,0.832,0.895,609,7421,1.0,295,11265,0.92,182,7847,0.83,133,9753,0.85,385,12039,0.9,162,14725,0.86
3786,0,0.83,1.037,47,515,1.11,33,776,1.5,5,195,0.92,3,225,0.83,2,65,0.87,5,394,0.99
8440,0,0.829,2.636,138,665,2.53,130,910,5.04,82,1384,2.12,80,2150,2.32,137,4670,0.83,110,2893,2.97
4331,0,0.829,1.896,13,133,1.19,5,213,0.83,6,147,1.46,4,134,1.86,5,36,3.92,5,185,2.11
7367,0,0.829,2.033,35,515,0.83,29,613,1.67,23,410,2.01,21,511,2.56,28,458,1.73,19,436,3.4
3056,0,0.828,1.493,130,1013,1.56,88,1173,2.65,48,1561,1.1,48,1958,1.53,100,3412,0.83,48,2914,1.29
14812,0,0.827,1.234,69,983,0.86,37,1338,0.98,16,603,0.95,10,753,0.83,32,471,1.92,27,1127,1.87
6061,0,0.827,1.387,1306,18973,0.84,650,27187,0.84,233,10105,0.83,262,14217,1.15,539,6216,2.45,531,18733,2.21
3746,0,0.827,1.351,47,559,1.03,21,897,0.83,12,288,1.49,9,375,1.49,6,204,0.83,10,321,2.43
9658,0,0.826,1.214,4258,53532,0.97,1835,68175,0.95,668,28978,0.83,570,37504,0.95,756,11644,1.83,615,27334,1.76
20522,0,0.826,1.078,30,289,1.27,11,470,0.83,9,220,1.47,4,260,0.96,6,159,1.07,4,352,0.89
21344,0,0.826,1.72,35,417,1.02,11,470,0.83,17,345,1.77,11,459,1.49,25,430,1.64,18,394,3.57
2627,0,0.826,4.506,38,79,5.87,19,93,7.21,35,211,5.95,28,480,3.63,24,821,0.83,26,572,3.55
13754,0,0.824,1.29,131,1939,0.82,89,2630,1.19,42,1485,1.01,31,1887,1.02,85,1171,2.05,65,3110,1.63
23356,0,0.823,2.293,89,1001,1.08,37,1588,0.82,28,1016,0.99,32,1525,1.31,147,578,7.19,57,1880,2.37
22906,0,0.821,1.21,1395,17334,0.98,519,22310,0.82,317,11459,0.99,212,13862,0.95,492,7499,1.85,314,14783,1.66
28741,0,0.821,1.99,15,123,1.49,19,204,3.29,30,281,3.83,6,455,0.82,31,700,1.25,13,803,1.26
28190,0,0.821,1.523,107,1140,1.14,24,1032,0.82,33,440,2.69,8,528,0.94,52,854,1.72,7,300,1.82
13401,0,0.82,1.709,75,996,0.92,53,1235,1.52,15,656,0.82,15,797,1.17,61,515,3.35,37,1165,2.48
31335,0,0.819,1.919,31,356,1.06,10,431,0.82,43,516,2.99,11,397,1.73,37,326,3.21,8,365,1.71
1068,0,0.819,1.135,76,1053,0.88,28,1207,0.82,25,754,1.19,12,899,0.83,45,687,1.85,21,1321,1.24
27721,0,0.818,1.83,21,240,1.07,6,259,0.82,8,128,2.24,6,194,1.93,7,111,1.78,6,149,3.14
8149,0,0.817,1.213,301,4233,0.87,128,4884,0.93,67,2939,0.82,48,3297,0.91,157,2011,2.21,83,4169,1.55
8337,0,0.817,1.828,101,1508,0.82,77,2185,1.24,25,593,1.51,18,779,1.44,43,442,2.75,42,1022,3.21
12794,0,0.815,1.999,4,44,1.11,3,42,2.52,1,44,0.81,2,49,2.54,3,46,1.84,3,74,3.17
24632,1,0.815,172.218,51,368,1.69,60,792,2.67,1,44,0.81,16,95,10.49,2,0,1000.0,82,363,17.64
5219,0,0.815,2.011,89,1139,0.95,84,1961,1.51,6,264,0.81,21,492,2.66,9,201,1.27,61,980,4.86
9299,0,0.814,1.203,72,1078,0.81,33,1221,0.95,20,765,0.94,20,960,1.3,58,770,2.13,19,1365,1.09
165,0,0.814,0.863,235,3025,0.95,83,3558,0.82,70,2953,0.85,60,4288,0.87,182,5914,0.87,65,6233,0.81
25719,0,0.814,1.372,36,538,0.82,21,666,1.11,15,251,2.14,4,306,0.81,5,109,1.3,8,305,2.05
8261,0,0.814,0.956,1563,18507,1.03,559,21634,0.91,447,17709,0.9,340,21130,1.0,827,21760,1.07,289,27728,0.81
13821,0,0.811,1.73,28,123,2.78,14,194,2.55,5,221,0.81,9,288,1.95,14,442,0.9,9,501,1.4
14719,0,0.81,1.428,49,614,0.97,36,940,1.35,8,354,0.81,13,531,1.52,18,227,2.24,19,890,1.67
31584,0,0.809,3.144,9,66,1.66,3,131,0.81,6,70,3.07,3,47,3.98,8,36,6.28,4,102,3.06
5963,0,0.808,0.985,34,513,0.81,17,615,0.98,7,284,0.88,5,319,0.98,12,261,1.3,5,404,0.97
11611,0,0.808,1.524,30,453,0.81,23,811,1.0,30,382,2.82,8,426,1.17,26,399,1.84,11,570,1.51
220,0,0.807,1.714,2,17,1.43,2,22,3.21,2,87,0.82,2,45,2.77,1,35,0.81,1,63,1.24
15876,0,0.807,4.346,4,9,5.42,3,10,10.59,1,20,1.79,1,18,3.46,1,35,0.81,2,39,4.0
4982,0,0.806,1.224,19,256,0.9,11,339,1.15,23,357,2.31,8,546,0.91,32,1122,0.81,10,617,1.27
9758,0,0.805,1.529,70,983,0.87,52,1277,1.44,9,401,0.8,19,660,1.79,23,228,2.85,19,1044,1.42
18072,0,0.804,1.141,198,2923,0.83,101,3737,0.95,72,3209,0.8,66,3966,1.04,190,2361,2.27,98,8048,0.95
15134,0,0.804,0.963,218,3308,0.8,118,4481,0.93,74,2762,0.96,63,4128,0.95,158,4109,1.09,74,5522,1.05
9098,0,0.804,1.327,40,607,0.8,20,858,0.82,12,300,1.43,7,446,0.98,19,196,2.74,10,658,1.19
16571,0,0.803,1.219,109,990,1.34,42,1544,0.96,58,1775,1.17,69,2266,1.9,81,2850,0.8,60,4115,1.14
18552,0,0.802,1.029,499,7181,0.85,200,8800,0.8,131,5536,0.85,88,6493,0.84,266,4483,1.68,132,8918,1.16
8200,0,0.802,1.23,321,4880,0.8,167,7313,0.81,67,2668,0.9,43,2848,0.94,90,1472,1.73,137,4857,2.2
6362,0,0.801,1.429,134,1918,0.85,101,2668,1.34,27,1099,0.88,21,1632,0.8,49,587,2.36,71,2363,2.35
18179,0,0.801,1.005,59,822,0.88,26,1031,0.89,15,633,0.85,12,876,0.85,42,674,1.76,13,1267,0.8
12498,0,0.801,2.143,86,1309,0.8,84,2209,1.34,8,336,0.85,12,515,1.45,7,139,1.42,56,626,6.98
15330,0,0.801,1.185,27,411,0.8,13,495,0.93,10,333,1.08,4,303,0.82,22,241,2.58,4,346,0.9
19868,0,0.8,1.09,39,553,0.86,15,662,0.8,12,405,1.06,8,558,0.89,27,436,1.75,13,863,1.18
10400,0,0.8,1.333,178,2713,0.8,113,3545,1.13,38,1589,0.86,26,1974,0.82,81,948,2.41,61,2407,1.98
13432,0,0.798,2.114,30,167,2.19,20,219,3.22,21,293,2.57,11,348,1.97,34,1204,0.8,18,727,1.93
17323,0,0.798,0.907,3577,44455,0.98,1430,56419,0.89,1193,44272,0.97,825,59751,0.86,2784,83639,0.94,881,86214,0.8
26763,0,0.798,1.164,92,1406,0.8,46,1626,1.0,29,1105,0.94,22,1317,1.04,77,1018,2.14,26,1899,1.07
11756,0,0.797,1.274,378,5782,0.8,121,4956,0.86,176,4929,1.28,104,7880,0.82,348,4137,2.38,167,8663,1.51
30632,0,0.797,2.596,17,123,1.69,8,130,2.17,10,161,2.23,15,165,5.66,11,390,0.8,12,309,3.03
27048,0,0.797,1.448,12,95,1.54,9,145,2.19,2,90,0.8,4,125,1.99,7,191,1.04,4,276,1.13
10119,0,0.797,2.551,24,216,1.35,9,265,1.2,4,180,0.8,4,194,1.28,65,235,7.82,11,301,2.85
982,0,0.797,1.293,48,630,0.93,31,832,1.32,9,405,0.8,7,545,0.8,21,271,2.19,18,815,1.72
7466,0,0.796,0.896,1527,21585,0.86,561,24872,0.8,410,16542,0.89,274,20346,0.84,825,19816,1.18,293,28034,0.82
12802,0,0.796,1.523,158,2161,0.89,91,3026,1.06,15,676,0.8,22,1110,1.23,26,286,2.57,52,1569,2.59
6782,0,0.795,1.077,103,1579,0.8,50,2146,0.82,23,1017,0.81,19,1315,0.9,54,755,2.02,30,2105,1.11
15047,0,0.795,3.007,3,46,0.8,3,58,1.83,5,47,3.81,4,48,5.19,4,35,3.23,2,49,3.19
28392,0,0.795,0.901,1055,12850,1.0,390,15695,0.88,285,11185,0.91,178,13634,0.81,528,14861,1.0,181,17775,0.8
31924,0,0.795,4.738,14,132,1.29,14,622,0.79,74,646,4.11,164,629,16.24,3,35,2.42,40,875,3.57
3405,0,0.794,1.249,60,700,1.05,45,1127,1.41,7,316,0.79,9,498,1.13,9,157,1.62,14,730,1.5
29756,0,0.793,1.031,242,3461,0.85,162,5253,1.09,66,2982,0.79,59,4039,0.91,149,3521,1.2,96,5581,1.34
10219,0,0.793,1.22,58,792,0.89,33,818,1.42,15,678,0.79,10,770,0.81,42,608,1.95,22,1184,1.45
1902,0,0.792,1.079,174,2680,0.79,74,3252,0.8,51,2299,0.8,38,2757,0.86,128,1872,1.93,74,4473,1.29
27482,0,0.791,1.396,29,355,1.0,10,430,0.82,23,359,2.3,9,418,1.34,33,438,2.13,6,592,0.79
10551,0,0.791,1.348,7,95,0.9,7,147,1.68,5,125,1.43,3,173,1.08,7,250,0.79,7,248,2.2
13281,0,0.791,1.646,43,663,0.79,38,844,1.59,8,231,1.24,10,364,1.71,9,128,1.99,14,428,2.55
23747,0,0.79,1.276,176,2632,0.82,80,3084,0.92,53,2406,0.79,63,2950,1.33,175,1862,2.66,71,4829,1.15
30481,0,0.789,2.177,29,448,0.79,21,350,2.12,32,433,2.65,14,366,2.38,28,369,2.14,15,393,2.98
20121,0,0.789,0.986,32,476,0.82,13,582,0.79,8,338,0.85,5,384,0.81,13,253,1.45,8,521,1.2
19663,0,0.789,1.272,6,56,1.31,2,57,1.24,3,113,0.95,3,90,2.08,4,89,1.27,1,99,0.79
6859,0,0.789,0.954,74,946,0.95,28,988,1.0,15,656,0.82,11,846,0.81,41,857,1.35,15,1485,0.79
23199,0,0.789,2.135,1955,24754,0.96,1462,39398,1.31,200,9092,0.79,395,13896,1.77,336,2193,4.33,841,17990,3.65
9714,0,0.789,2.953,14,160,1.07,13,219,2.1,8,155,1.85,25,211,7.38,6,215,0.79,14,241,4.54
24309,0,0.788,1.117,76,879,1.05,22,906,0.86,16,584,0.98,9,711,0.79,43,591,2.06,14,1137,0.96
26292,0,0.788,3.013,11,34,3.94,14,74,6.68,6,128,1.68,8,173,2.88,14,502,0.79,7,260,2.1
29743,0,0.788,0.918,75,1100,0.83,31,1055,1.04,24,935,0.92,16,1041,0.96,43,1250,0.97,14,1387,0.79
8877,0,0.788,1.055,1057,11722,1.1,465,16738,0.98,251,11425,0.79,294,14022,1.31,585,15321,1.08,300,21716,1.08
12784,0,0.788,1.176,2414,30194,0.97,1096,40465,0.96,431,18879,0.82,301,23806,0.79,887,13537,1.85,624,29247,1.67
17078,0,0.787,1.11,318,3377,1.15,189,4312,1.55,117,5165,0.81,149,5993,1.55,284,10196,0.79,109,10419,0.82
20909,0,0.787,1.494,189,2714,0.85,107,4405,0.86,16,729,0.79,28,1031,1.69,25,301,2.35,30,963,2.43
9884,0,0.787,1.666,4,62,0.79,2,63,1.12,4,60,2.39,2,70,1.78,3,49,1.73,3,107,2.19
8547,0,0.787,1.232,56,868,0.79,29,1061,0.97,10,385,0.93,9,529,1.06,18,305,1.67,19,748,1.98
32172,0,0.786,1.565,264,2696,1.19,92,3172,1.02,97,2390,1.46,42,3329,0.79,154,2421,1.8,85,2116,3.14
8308,0,0.786,1.168,73,944,0.94,25,1063,0.83,11,502,0.79,12,726,1.03,25,353,2.0,22,1213,1.42
18593,0,0.785,3.074,7,30,2.85,1,45,0.78,4,59,2.43,1,43,1.45,3,14,6.06,3,48,4.88
23684,0,0.785,3.551,65,190,4.17,38,204,6.58,49,398,4.41,54,1372,2.45,62,2233,0.78,55,1477,2.91
5009,0,0.784,1.279,51,793,0.78,26,1099,0.84,10,436,0.82,11,664,1.03,31,329,2.66,19,964,1.54
2402,0,0.784,1.0,102,1582,0.79,45,1912,0.83,15,686,0.78,13,968,0.84,20,430,1.31,27,1455,1.45
29884,0,0.784,1.15,256,3982,0.78,118,4799,0.87,67,2602,0.92,40,2905,0.86,96,1355,2.0,64,3404,1.47
13448,0,0.784,1.247,71,818,1.06,34,1163,1.03,8,366,0.78,13,520,1.56,17,292,1.65,8,445,1.4
19243,0,0.784,1.217,148,2303,0.78,92,3194,1.02,41,1544,0.95,38,2243,1.06,48,799,1.7,75,3259,1.8
5689,0,0.783,1.07,1504,16966,1.08,473,20428,0.82,370,16931,0.78,316,21554,0.91,721,14455,1.41,691,38145,1.41
24061,0,0.783,1.82,33,260,1.55,22,340,2.28,15,389,1.38,21,453,2.89,20,722,0.78,19,730,2.03
7662,0,0.782,1.14,67,847,0.96,27,941,1.01,21,700,1.08,10,796,0.78,40,633,1.79,14,896,1.22
16597,0,0.782,1.077,157,1675,1.14,74,2753,0.95,46,1389,1.19,36,1949,1.15,56,2023,0.78,45,2809,1.25
14162,0,0.782,2.334,5,78,0.78,17,85,7.06,4,130,1.1,4,127,1.96,4,127,0.89,5,177,2.21
21515,0,0.781,1.064,54,831,0.79,20,904,0.78,15,613,0.88,9,718,0.78,43,585,2.08,14,1016,1.08
3244,0,0.78,1.215,28,272,1.26,22,551,1.41,8,312,0.92,6,305,1.23,9,326,0.78,13,598,1.7
1966,0,0.78,1.07,80,1179,0.83,36,1289,0.99,29,1333,0.78,22,1549,0.88,72,1097,1.85,28,2011,1.09
23954,0,0.78,2.16,587,5008,1.43,679,18550,1.29,91,4185,0.78,144,4639,1.93,148,852,4.91,439,13098,2.62
14190,0,0.779,1.671,5,77,0.79,9,122,2.6,2,92,0.78,4,94,2.65,5,100,1.41,4,175,1.78
4256,0,0.779,2.167,97,820,1.44,38,1521,0.88,5,230,0.78,12,358,2.09,8,49,4.61,25,611,3.19
21188,0,0.778,1.314,312,4888,0.78,155,5987,0.91,107,3588,1.07,129,4364,1.84,218,2773,2.22,97,7135,1.06
6331,0,0.778,1.067,669,9422,0.87,331,12552,0.93,148,6822,0.78,128,8829,0.9,369,6603,1.58,211,12254,1.34
25939,0,0.777,1.237,20,314,0.78,10,380,0.93,7,281,0.89,5,312,1.0,12,155,2.19,8,381,1.64
17893,0,0.776,1.26,70,1033,0.83,33,1325,0.88,11,508,0.78,19,735,1.61,30,384,2.21,17,1051,1.26
702,0,0.776,0.946,261,3462,0.92,115,4056,1.0,72,3074,0.84,88,4502,1.22,199,6104,0.92,68,6840,0.78
7181,0,0.776,3.169,53,327,1.98,10,455,0.78,15,315,1.71,6,388,0.96,109,329,9.36,21,388,4.23
10221,0,0.776,2.309,984,5526,2.17,391,6823,2.02,415,19181,0.78,410,24732,1.03,1289,5285,6.89,1568,127641,0.96
8425,0,0.775,1.171,55,756,0.89,30,915,1.16,10,324,1.11,6,482,0.78,14,223,1.77,11,647,1.33
32598,0,0.775,2.388,41,471,1.06,63,678,3.28,71,874,2.91,70,1079,4.04,60,2187,0.78,45,1557,2.26
30235,0,0.775,1.197,165,2597,0.77,80,3398,0.83,62,2463,0.9,45,3069,0.91,194,2078,2.64,86,5969,1.12
3396,0,0.775,1.808,59,707,1.02,39,1036,1.33,7,324,0.77,19,478,2.48,17,189,2.54,30,865,2.71
21207,0,0.774,1.201,474,6570,0.88,272,8544,1.12,100,4630,0.77,152,6356,1.49,281,4892,1.62,165,9813,1.31
17481,0,0.774,1.962,4,63,0.77,5,79,2.23,3,77,1.4,2,58,2.15,3,66,1.28,6,119,3.94
19731,0,0.774,1.326,18,266,0.83,15,375,1.41,3,139,0.77,7,223,1.96,5,148,0.95,9,345,2.04
2553,0,0.773,1.072,148,1879,0.96,61,2222,0.97,63,2496,0.9,37,2639,0.87,179,2597,1.95,40,4038,0.77
23616,0,0.773,0.83,195,2724,0.87,98,4156,0.83,54,2504,0.77,41,3177,0.8,120,3777,0.9,49,4793,0.8
2331,0,0.773,1.382,3530,47555,0.91,2102,68615,1.08,504,23379,0.77,698,35299,1.23,1060,13547,2.21,1201,44893,2.09
7988,0,0.772,2.401,67,276,2.96,56,391,5.06,34,614,1.99,22,962,1.42,56,2049,0.77,43,1521,2.21
4373,0,0.772,1.208,45,614,0.89,30,943,1.12,8,319,0.9,6,484,0.77,15,220,1.93,18,860,1.63
15379,0,0.772,0.987,255,2815,1.1,109,3846,1.0,111,4257,0.93,78,4775,1.02,160,5858,0.77,114,8162,1.09
2390,0,0.772,2.435,95,608,1.91,107,759,4.98,63,951,2.38,55,1406,2.44,91,3333,0.77,55,2003,2.14
26087,0,0.771,3.87,354,878,4.92,313,1179,9.37,171,1736,3.53,133,5188,1.6,268,9820,0.77,264,6800,3.03
16566,0,0.771,1.12,87,1281,0.83,45,1677,0.95,20,930,0.77,14,1097,0.79,48,651,2.08,25,1504,1.3
24942,0,0.771,1.981,39,217,2.19,33,304,3.83,17,324,1.88,10,535,1.16,29,1063,0.77,29,1108,2.04
14851,0,0.771,1.058,22,348,0.77,9,368,0.86,7,257,0.98,7,246,1.77,9,222,1.15,3,286,0.82
1537,0,0.771,0.993,738,7206,1.25,266,9242,1.02,273,8567,1.14,147,10474,0.87,355,11100,0.9,147,14896,0.77
6267,0,0.768,1.697,5,61,1.0,7,56,4.41,3,140,0.77,4,145,1.72,13,261,1.41,3,267,0.88
17200,0,0.768,0.982,688,8981,0.93,357,12335,1.02,162,7560,0.77,134,9814,0.85,385,9135,1.19,198,13736,1.13
6531,0,0.768,1.113,1939,29603,0.8,1000,38997,0.91,323,15077,0.77,258,19594,0.82,426,7322,1.64,450,20157,1.74
27496,0,0.768,4.494,8,39,2.5,11,50,7.77,5,60,2.99,9,78,7.19,5,184,0.77,14,190,5.75
17545,0,0.767,2.352,30,58,6.31,8,109,2.59,4,117,1.23,2,156,0.8,6,221,0.77,8,258,2.42
18500,0,0.767,1.065,135,1751,0.94,96,2317,1.46,26,1215,0.77,24,1674,0.89,59,1535,1.09,35,2202,1.24
28426,0,0.767,3.342,28,94,3.63,20,187,3.78,18,186,3.47,21,255,5.13,22,811,0.77,23,548,3.28
19732,0,0.766,1.125,230,3421,0.82,93,4267,0.77,50,1994,0.9,32,2601,0.77,90,1275,1.99,66,3440,1.5
20898,0,0.765,3.564,63,171,4.49,62,294,7.45,35,307,4.09,11,895,0.77,57,1420,1.13,49,1107,3.46
20554,0,0.765,1.066,914,10705,1.04,432,14530,1.05,291,13629,0.77,234,16893,0.86,657,12962,1.43,428,26879,1.24
16810,0,0.765,1.142,186,2906,0.78,100,3722,0.95,38,1780,0.77,29,2249,0.8,80,1246,1.81,76,3414,1.74
17340,0,0.764,4.209,3,27,1.35,4,38,3.72,11,52,7.58,9,53,10.58,4,148,0.76,3,186,1.26
5593,0,0.764,1.749,3,22,1.66,2,24,2.94,3,84,1.28,2,55,2.26,2,74,0.76,2,99,1.58
10689,0,0.764,2.519,106,472,2.74,83,578,5.07,52,696,2.68,51,2068,1.54,89,3293,0.76,83,2784,2.33
14174,0,0.764,1.124,229,2736,1.02,123,3974,1.09,86,2240,1.38,61,3195,1.19,91,3368,0.76,74,4440,1.3
3022,0,0.763,1.909,29,167,2.12,17,207,2.9,14,272,1.85,15,598,1.56,28,1037,0.76,22,758,2.27
24890,0,0.762,1.129,1008,14510,0.85,513,19623,0.92,175,8235,0.76,201,11365,1.1,374,6554,1.61,298,15205,1.53
18195,0,0.762,0.99,237,3318,0.87,123,4157,1.04,64,3012,0.76,59,3522,1.04,196,4712,1.18,68,5091,1.04
19359,0,0.761,1.231,41,657,0.76,27,999,0.95,9,357,0.9,8,572,0.87,22,278,2.24,16,753,1.66
8172,0,0.76,1.479,54,683,0.96,22,947,0.82,7,330,0.76,13,480,1.69,24,212,3.2,13,703,1.44
28340,0,0.759,4.265,5,22,2.77,6,23,9.21,4,46,3.12,6,78,4.79,4,149,0.76,5,79,4.94
7195,0,0.758,2.766,47,304,1.89,9,419,0.76,19,326,2.09,19,413,2.87,37,328,3.19,27,363,5.81
713,0,0.757,0.977,126,1736,0.88,44,1874,0.83,15,710,0.76,14,893,0.98,10,289,0.98,12,653,1.43
12582,0,0.757,1.753,220,2603,1.03,45,2098,0.76,21,404,1.86,7,401,1.09,65,1326,1.39,17,302,4.4
4235,0,0.757,1.189,82,1219,0.82,48,1781,0.95,8,379,0.76,12,544,1.37,6,179,0.95,14,479,2.28
8155,0,0.757,1.641,34,548,0.76,20,897,0.79,5,225,0.8,10,354,1.76,9,111,2.29,22,497,3.46
1157,0,0.756,1.039,36,444,0.99,12,554,0.76,13,414,1.13,6,494,0.76,29,460,1.78,8,765,0.82
839,0,0.756,1.061,73,1156,0.77,32,1319,0.86,17,749,0.81,10,824,0.76,52,729,2.02,20,1356,1.15
16150,0,0.756,1.256,66,1065,0.76,45,1405,1.13,17,525,1.16,16,744,1.34,19,393,1.37,25,1096,1.78
12403,0,0.754,2.01,24,226,1.29,22,323,2.4,23,385,2.14,27,770,2.18,39,1462,0.75,38,904,3.28
30079,0,0.754,0.896,46,604,0.93,20,777,0.91,19,700,0.97,11,909,0.75,44,1183,1.05,13,1337,0.76
11412,0,0.754,3.352,38,190,2.44,18,216,2.94,22,317,2.49,32,589,3.38,18,675,0.75,68,655,8.11
13611,0,0.752,0.971,451,5980,0.92,167,7568,0.78,166,5391,1.1,64,5303,0.75,271,5379,1.42,68,6264,0.85
12734,0,0.751,1.939,2,23,1.06,1,47,0.75,6,39,5.52,1,59,1.06,2,42,1.35,1,41,1.9
7406,0,0.751,1.317,53,757,0.85,19,859,0.78,8,382,0.75,18,573,1.96,23,325,2.0,18,902,1.56
25317,0,0.751,1.057,258,3484,0.9,109,4739,0.81,53,2531,0.75,48,3167,0.94,111,1838,1.71,69,4406,1.22
29948,0,0.75,4.933,23,49,5.72,16,73,7.74,27,136,7.12,18,242,4.63,13,490,0.75,19,408,3.64
19895,0,0.749,1.054,213,2680,0.97,69,2894,0.84,47,2250,0.75,49,2647,1.15,138,2374,1.64,50,4039,0.97
5075,0,0.748,1.036,106,1575,0.82,40,1845,0.77,17,600,1.02,8,666,0.75,11,171,1.82,9,670,1.05
20387,0,0.748,2.439,29,103,3.43,20,191,3.7,15,347,1.55,15,358,2.61,31,1171,0.75,24,722,2.6
19531,0,0.748,1.092,432,5386,0.98,243,7493,1.15,106,5081,0.75,84,6115,0.86,242,3950,1.73,133,9507,1.09
14476,0,0.748,1.957,33,538,0.75,22,863,0.9,5,188,0.95,7,279,1.56,11,65,4.78,15,419,2.8
15015,0,0.748,1.17,145,2027,0.87,80,2631,1.07,47,2253,0.75,36,2834,0.79,129,1538,2.37,67,4497,1.16
18625,0,0.748,0.911,300,3668,1.0,123,4789,0.91,72,3452,0.75,54,4247,0.79,176,4638,1.07,81,6639,0.95
31829,0,0.747,0.963,123,1945,0.77,61,2347,0.92,31,1321,0.84,18,1500,0.75,39,912,1.21,29,1750,1.29
26395,0,0.747,0.889,3319,41700,0.97,1569,56954,0.97,1002,44325,0.81,658,54847,0.75,2634,75597,0.98,898,82647,0.85
15636,0,0.747,1.144,56,815,0.84,22,1040,0.75,16,693,0.83,11,832,0.82,56,683,2.32,20,1189,1.31
21003,0,0.747,5.512,10,25,4.88,16,35,16.14,1,48,0.75,5,66,4.72,4,99,1.14,9,129,5.45
30072,0,0.747,0.959,612,9038,0.83,290,10968,0.93,190,9120,0.75,174,10860,1.0,390,9357,1.18,212,15403,1.07
30711,0,0.747,1.609,132,752,2.14,59,1275,1.63,102,1503,2.43,53,2727,1.21,129,4882,0.75,61,3199,1.49
25991,0,0.747,1.076,54,653,1.01,18,746,0.85,12,484,0.89,7,584,0.75,37,497,2.1,10,912,0.86
5136,0,0.746,1.033,374,4817,0.95,138,5390,0.9,150,4395,1.22,108,5637,1.19,311,7432,1.18,82,8583,0.75
24278,0,0.746,1.22,49,725,0.82,20,947,0.75,13,499,0.93,9,651,0.86,45,406,3.13,10,950,0.82
27640,0,0.745,1.465,56,794,0.86,43,1072,1.42,9,433,0.75,9,622,0.9,22,198,3.14,18,815,1.72
24548,0,0.744,1.904,62,270,2.8,23,395,2.06,31,474,2.34,25,779,2.0,47,1784,0.74,23,1214,1.48
17569,0,0.744,1.005,86,1039,1.01,35,1447,0.85,32,796,1.44,13,1088,0.74,28,973,0.81,23,1540,1.17
18912,0,0.744,1.212,67,969,0.84,24,1139,0.74,17,666,0.92,17,877,1.21,63,739,2.41,20,1357,1.15
19584,0,0.744,1.218,55,866,0.77,35,1527,0.81,5,241,0.74,9,386,1.45,5,90,1.57,9,359,1.96
14570,0,0.744,1.628,86,468,2.24,34,606,1.98,39,769,1.82,36,1057,2.12,46,1748,0.74,15,1353,0.87
13697,0,0.743,2.456,196,1152,2.07,91,1171,2.74,92,1487,2.22,148,1982,4.65,94,3573,0.74,96,3250,2.31
24868,0,0.743,0.924,161,1897,1.03,88,3056,1.02,39,1875,0.75,39,2400,1.01,72,2737,0.74,46,3627,0.99
12963,0,0.743,0.939,173,2542,0.83,80,2724,1.04,61,2693,0.81,45,3112,0.9,166,3578,1.31,42,4412,0.74
11653,0,0.743,1.355,58,917,0.77,35,1161,1.06,8,386,0.74,9,504,1.11,22,215,2.89,14,707,1.55
2869,0,0.743,0.974,941,11932,0.96,310,14737,0.74,272,11713,0.83,247,15375,1.0,477,12741,1.06,371,23172,1.25
6549,0,0.743,1.209,85,997,1.04,44,1269,1.22,26,612,1.52,8,671,0.74,10,337,0.84,27,1118,1.89
5680,0,0.743,1.364,57,936,0.74,49,1205,1.44,7,299,0.84,8,505,0.99,15,157,2.7,16,845,1.48
18512,0,0.743,1.46,570,7989,0.87,398,10941,1.28,74,3573,0.74,91,5514,1.03,140,1659,2.38,250,7975,2.45
18226,0,0.742,1.04,48,789,0.74,20,922,0.77,8,381,0.75,6,458,0.82,24,295,2.3,9,813,0.86
8102,0,0.742,1.304,86,1190,0.88,44,1562,0.99,21,1015,0.74,29,1582,1.14,72,1017,2.0,46,1740,2.06
26704,0,0.741,1.17,154,2220,0.85,61,2905,0.74,29,1230,0.85,28,1595,1.09,60,804,2.11,36,2029,1.39
25936,0,0.74,1.074,23,379,0.74,13,581,0.79,6,260,0.83,5,361,0.86,13,173,2.12,7,497,1.1
19121,0,0.74,2.244,293,2011,1.78,71,1943,1.29,76,1629,1.67,24,2021,0.74,203,2480,2.31,125,1720,5.67
771,0,0.739,1.923,7,69,1.24,9,71,4.48,2,97,0.74,3,89,2.1,4,145,0.78,6,212,2.21
20499,0,0.739,1.071,52,676,0.94,30,928,1.14,8,388,0.74,6,496,0.75,15,305,1.39,13,694,1.46
28439,0,0.739,0.919,151,2260,0.81,63,2451,0.91,36,1710,0.75,23,1938,0.74,69,1613,1.21,35,2515,1.09
6222,0,0.739,3.788,2,33,0.74,1,29,1.22,4,26,5.52,3,28,6.67,4,22,5.14,3,68,3.44
14875,0,0.739,2.83,125,420,3.63,117,757,5.46,60,731,2.94,66,2258,1.82,96,3672,0.74,97,3167,2.39
13786,0,0.738,1.547,82,571,1.75,57,848,2.37,47,1204,1.4,42,1424,1.84,94,3600,0.74,44,2906,1.18
21929,0,0.738,3.055,17,281,0.74,16,299,1.89,18,190,3.4,18,230,4.87,15,220,1.93,17,241,5.51
28032,0,0.736,2.639,76,400,2.32,52,480,3.83,72,531,4.86,38,1242,1.91,61,2341,0.74,36,1283,2.19
26692,0,0.736,1.078,90,1060,1.04,32,1535,0.74,20,781,0.92,17,1040,1.02,36,770,1.32,34,1841,1.44
20225,0,0.736,1.061,87,654,1.62,29,1006,1.02,24,1147,0.75,30,1318,1.42,65,2227,0.82,24,2546,0.74
18946,0,0.735,1.847,92,1527,0.73,52,1233,1.49,64,1270,1.81,33,1247,1.65,73,1354,1.52,53,1066,3.88
25446,0,0.734,5.763,15,43,4.25,9,60,5.3,11,48,8.22,7,49,8.9,2,77,0.73,8,87,7.18
7864,0,0.734,1.021,209,2388,1.07,110,3497,1.11,42,2052,0.73,31,2627,0.73,91,2316,1.11,64,3658,1.37
21176,0,0.733,1.15,189,2580,0.89,60,2889,0.73,60,2444,0.88,47,2872,1.02,145,2016,2.03,83,4839,1.34
30137,0,0.733,1.227,548,7589,0.88,286,10735,0.94,101,4942,0.73,96,6540,0.91,210,2930,2.03,203,8477,1.87
651,0,0.731,1.03,292,3978,0.9,93,4490,0.73,92,4197,0.79,73,4746,0.96,295,4210,1.98,96,9027,0.83
5483,0,0.731,1.213,720,10396,0.84,251,12122,0.73,101,4124,0.88,70,4989,0.87,163,2379,1.94,146,5663,2.01
7465,0,0.731,1.257,355,5922,0.73,205,7707,0.94,71,2963,0.86,90,4030,1.39,137,1888,2.05,116,5765,1.57
27132,0,0.731,1.389,48,801,0.73,24,956,0.89,13,366,1.27,8,513,0.97,29,288,2.85,14,672,1.63
17962,0,0.731,1.84,89,940,1.15,27,1305,0.73,31,1181,0.94,26,1535,1.05,136,793,4.85,46,1555,2.31
7619,0,0.73,0.915,190,2480,0.93,90,3323,0.96,43,2112,0.73,31,2628,0.73,115,2589,1.26,47,4170,0.88
13467,0,0.73,1.117,32,529,0.74,16,720,0.78,8,393,0.73,6,481,0.78,28,333,2.38,14,841,1.3
23674,0,0.73,2.332,141,1087,1.58,53,1008,1.86,58,873,2.38,11,939,0.73,87,947,2.6,34,548,4.84
4842,0,0.729,1.772,37,619,0.73,21,678,1.09,71,863,2.95,40,897,2.78,69,1358,1.44,22,1042,1.65
24982,0,0.728,2.022,35,586,0.73,29,687,1.49,45,685,2.36,32,733,2.72,26,609,1.21,33,709,3.63
17356,0,0.728,0.87,199,2396,1.01,95,3465,0.97,69,3016,0.82,43,3680,0.73,161,5166,0.88,60,5795,0.81
9347,0,0.728,0.976,153,1552,1.2,71,2386,1.05,29,1429,0.73,29,1852,0.98,70,1833,1.08,29,2767,0.82
11959,0,0.727,1.103,201,2094,1.17,133,2956,1.59,93,3357,0.99,75,4088,1.14,156,6060,0.73,79,6190,1.0
692,0,0.726,1.418,42,705,0.73,26,922,1.0,9,347,0.93,16,522,1.91,23,264,2.46,13,683,1.49
13961,0,0.726,1.037,330,4525,0.89,130,4881,0.94,85,3820,0.8,46,3945,0.73,184,2951,1.76,84,5913,1.11
29233,0,0.726,2.108,4186,47786,1.07,1124,54672,0.73,1018,17549,2.08,546,17702,1.92,482,5922,2.3,144,2469,4.55
21782,0,0.726,1.401,35,576,0.74,17,827,0.73,7,281,0.89,7,415,1.05,19,189,2.84,16,580,2.15
841,0,0.726,1.314,26,413,0.77,17,421,1.43,5,247,0.73,6,293,1.28,18,210,2.42,8,494,1.26
15078,0,0.725,1.05,293,4727,0.76,152,5529,0.97,85,3440,0.89,48,4124,0.72,179,2886,1.75,91,5875,1.21
9811,0,0.725,6.313,279,525,6.48,240,363,23.34,86,948,3.25,64,4114,0.97,225,8774,0.72,202,5071,3.11
22243,0,0.725,1.679,44,257,2.09,21,364,2.04,34,659,1.85,27,855,1.97,35,1365,0.72,21,1162,1.41
13934,0,0.724,2.059,5,20,3.05,2,18,3.92,3,42,2.56,1,86,0.72,2,75,0.75,1,58,1.35
32267,0,0.724,1.072,502,8456,0.72,286,10706,0.94,117,5498,0.76,88,6958,0.79,251,3896,1.82,175,9810,1.39
17342,0,0.723,2.045,213,662,3.92,56,989,2.0,84,1316,2.29,29,1316,1.37,63,2461,0.72,56,2224,1.97
4247,0,0.723,0.998,72,846,1.04,32,995,1.14,15,744,0.72,14,843,1.03,38,863,1.24,14,1341,0.82
21829,0,0.723,1.104,38,583,0.79,15,733,0.72,9,331,0.97,9,470,1.19,16,282,1.6,13,759,1.34
10937,0,0.722,1.373,59,996,0.72,35,1206,1.02,12,414,1.04,8,572,0.87,27,297,2.57,22,854,2.01
23618,0,0.722,1.911,54,705,0.93,44,1058,1.47,3,149,0.72,4,287,0.87,5,40,3.53,17,337,3.94
16932,0,0.721,1.272,34,444,0.93,30,576,1.84,11,547,0.72,9,740,0.76,49,626,2.21,13,870,1.17
7542,0,0.721,1.071,145,1224,1.44,71,2151,1.17,37,1061,1.25,12,1037,0.72,20,700,0.81,13,978,1.04
23901,0,0.721,4.465,4,48,1.02,1,49,0.72,7,27,9.29,2,36,3.46,6,22,7.71,3,51,4.59
18075,1,0.721,169.247,8,50,1.95,2,98,0.72,1,18,1.99,2,20,6.23,2,0,1000.0,1,17,4.59
1376,0,0.72,1.332,207,2744,0.92,86,3712,0.82,30,1493,0.72,46,1982,1.45,79,996,2.24,71,3004,1.85
32410,0,0.72,1.69,29,196,1.8,9,210,1.51,14,256,1.96,14,308,2.83,12,471,0.72,6,357,1.31
14993,0,0.72,0.827,1510,21594,0.85,525,24916,0.74,327,15292,0.77,210,18170,0.72,610,16050,1.07,241,23412,0.8
3553,0,0.72,0.988,124,1757,0.86,53,2600,0.72,37,1504,0.88,38,2069,1.14,88,2243,1.11,46,2961,1.21
29115,0,0.72,0.924,403,5556,0.88,162,7088,0.81,76,3786,0.72,94,4883,1.2,179,5567,0.91,104,7908,1.03
29139,0,0.719,1.718,43,722,0.73,30,1093,0.97,6,299,0.72,12,477,1.57,15,127,3.34,36,941,2.99
22530,0,0.719,1.171,39,661,0.72,23,935,0.87,11,375,1.05,8,563,0.89,20,304,1.86,16,762,1.64
4113,0,0.719,1.194,112,1212,1.13,59,2022,1.03,13,648,0.72,24,965,1.55,18,427,1.19,30,1511,1.55
1780,0,0.719,0.834,49,745,0.8,31,1072,1.02,24,1197,0.72,16,1341,0.74,53,1609,0.93,23,2279,0.79
8416,0,0.718,2.673,15,64,2.86,13,80,5.74,2,79,0.91,3,81,2.31,3,118,0.72,4,89,3.51
17466,0,0.718,0.947,559,8399,0.81,207,9700,0.75,142,5949,0.86,80,6939,0.72,278,5090,1.54,125,9764,1.0
14453,0,0.718,2.522,155,1423,1.33,92,1959,1.66,28,1398,0.72,46,2426,1.18,198,882,6.34,119,2382,3.9
25570,0,0.718,1.347,82,1061,0.94,48,1471,1.15,18,899,0.72,43,1204,2.22,35,623,1.59,27,1446,1.46
7324,0,0.717,3.655,26,442,0.72,14,275,1.8,51,586,3.12,56,474,7.36,71,418,4.8,29,547,4.14
14627,0,0.717,3.63,1,17,0.72,3,35,3.03,1,25,1.43,5,27,11.53,2,30,1.88,2,49,3.19
20636,0,0.717,1.234,139,1974,0.86,90,2849,1.12,23,848,0.97,13,1130,0.72,40,487,2.32,30,1650,1.42
7867,0,0.716,1.271,33,312,1.29,21,404,1.84,15,467,1.15,14,744,1.17,34,1341,0.72,21,1121,1.46
8746,0,0.716,1.099,618,8973,0.84,224,9943,0.8,211,10565,0.72,166,13200,0.78,753,9252,2.3,391,26267,1.16
21641,0,0.716,1.169,29,444,0.8,11,504,0.77,8,307,0.93,4,348,0.72,18,212,2.4,8,447,1.4
28013,0,0.716,1.466,9,48,2.29,2,69,1.02,2,82,0.87,1,87,0.72,5,109,1.3,4,120,2.6
25155,0,0.715,1.395,102,1538,0.81,33,1629,0.72,24,787,1.09,24,1046,1.43,79,751,2.97,30,1730,1.35
2813,0,0.715,1.301,18,307,0.71,12,485,0.87,5,197,0.91,8,273,1.83,9,115,2.21,7,431,1.27
21801,0,0.715,0.843,284,3388,1.02,107,4445,0.85,74,3128,0.85,50,4224,0.74,160,5109,0.89,56,6119,0.71
5292,0,0.714,5.004,132,1678,0.96,101,2679,1.33,11,552,0.71,18,1070,1.05,7,9,21.98,65,1271,3.99
26210,0,0.714,2.148,32,396,0.99,7,346,0.71,25,566,1.58,13,285,2.84,42,465,2.55,28,519,4.21
9170,0,0.714,1.816,43,734,0.71,44,916,1.7,29,649,1.6,21,716,1.83,38,585,1.84,30,727,3.22
5418,0,0.714,2.181,14,239,0.71,13,270,1.7,14,165,3.04,4,185,1.35,15,131,3.24,8,205,3.05
26877,0,0.713,1.377,116,1826,0.77,69,2552,0.95,27,1357,0.71,37,1956,1.18,75,879,2.41,85,2978,2.23
25608,0,0.712,0.961,242,3598,0.82,118,4445,0.94,49,2466,0.71,38,3184,0.74,73,1716,1.2,78,4500,1.35
22141,0,0.712,1.103,464,6407,0.88,254,9384,0.96,100,5034,0.71,109,6512,1.04,258,4144,1.76,154,9514,1.26
10547,0,0.711,2.434,7,120,0.71,14,56,8.83,7,140,1.79,3,112,1.67,7,257,0.77,3,280,0.84
18914,0,0.711,1.039,29,398,0.89,14,367,1.35,7,353,0.71,10,391,1.59,16,524,0.86,6,564,0.83
11821,0,0.71,1.142,167,2193,0.93,74,2905,0.9,32,1615,0.71,40,1998,1.25,78,1430,1.54,52,2657,1.53
18686,0,0.71,2.281,7,43,1.98,9,54,5.88,3,54,1.99,3,143,1.31,5,199,0.71,4,173,1.81
11069,0,0.709,1.505,60,969,0.76,42,1333,1.11,9,455,0.71,12,564,1.33,26,280,2.62,25,780,2.5
7270,0,0.709,0.886,286,3588,0.97,123,4622,0.94,81,3453,0.84,52,4568,0.71,201,6089,0.93,75,6353,0.92
28611,0,0.708,1.453,165,1271,1.58,111,1407,2.79,52,2064,0.9,57,3017,1.18,134,5347,0.71,77,3855,1.56
2530,0,0.708,1.137,118,1580,0.91,39,1896,0.73,32,1620,0.71,26,1784,0.91,69,862,2.26,58,3466,1.31
21826,0,0.708,1.055,91,1275,0.87,32,1597,0.71,13,531,0.88,14,775,1.13,21,328,1.81,11,911,0.94
15204,0,0.707,1.056,80,1118,0.87,40,1363,1.04,32,1427,0.8,19,1673,0.71,84,1198,1.98,35,2926,0.93
28724,0,0.707,2.028,56,966,0.71,53,1506,1.24,2,99,0.72,7,181,2.41,1,9,3.14,5,99,3.94
25028,0,0.707,1.083,619,9797,0.77,310,12931,0.85,104,5209,0.72,76,6700,0.71,228,3244,1.99,166,8801,1.47
9223,0,0.706,7.349,8,21,4.65,8,14,20.18,1,17,2.11,3,16,11.68,1,40,0.71,3,49,4.78
22651,0,0.706,1.469,34,585,0.71,23,871,0.93,9,165,1.96,8,236,2.11,2,80,0.71,7,228,2.4
16845,0,0.706,1.248,588,8874,0.81,377,12383,1.07,78,3959,0.71,112,5979,1.17,149,2106,2.0,175,7898,1.73
13156,0,0.706,1.144,96,965,1.21,45,1434,1.11,10,508,0.71,9,726,0.77,28,401,1.97,12,857,1.09
24816,0,0.705,1.224,166,1810,1.12,54,2703,0.71,43,1660,0.93,61,2037,1.87,82,1633,1.42,47,2809,1.31
16676,0,0.705,1.775,17,294,0.71,19,512,1.31,2,85,0.84,4,117,2.13,3,31,2.73,6,160,2.93
20823,0,0.704,1.064,121,1734,0.85,45,2069,0.77,19,968,0.7,19,1101,1.07,44,711,1.75,27,1703,1.24
23625,0,0.703,1.916,6,40,1.83,3,33,3.21,1,43,0.83,2,48,2.6,7,85,2.33,1,111,0.7
27455,0,0.703,1.116,97,1566,0.76,37,1859,0.7,24,906,0.95,18,1155,0.97,35,615,1.61,34,1553,1.71
28304,0,0.703,1.185,80,958,1.02,22,1061,0.73,17,702,0.87,11,975,0.7,61,616,2.8,16,1264,0.99
13712,0,0.702,1.77,11,69,1.94,3,105,1.01,7,149,1.68,7,111,3.93,8,322,0.7,5,288,1.36
2620,0,0.702,3.887,186,590,3.84,183,791,8.17,135,1160,4.17,104,2585,2.51,139,5597,0.7,169,3358,3.93
30154,0,0.702,0.972,646,8592,0.92,298,11280,0.93,121,6183,0.7,110,7982,0.86,276,7412,1.05,198,11260,1.37
20757,0,0.701,1.162,226,3596,0.77,133,4635,1.01,64,3272,0.7,52,4103,0.79,205,2319,2.5,116,7539,1.2
11287,0,0.701,1.457,81,697,1.42,41,964,1.5,55,1405,1.4,57,1439,2.47,81,3266,0.7,47,2934,1.25
29808,0,0.7,1.574,21,185,1.38,11,274,1.42,17,288,2.12,18,505,2.22,17,686,0.7,11,535,1.61
1960,0,0.7,1.273,73,1272,0.7,45,1888,0.84,7,326,0.77,11,496,1.38,10,176,1.61,14,467,2.34
6238,0,0.7,1.149,47,819,0.7,25,1156,0.76,7,323,0.78,9,514,1.09,13,153,2.4,12,806,1.16
3189,0,0.7,1.058,61,1063,0.7,28,1079,0.92,17,672,0.91,14,854,1.02,39,611,1.8,16,1251,1.0
5698,0,0.699,1.017,23,401,0.7,10,461,0.77,4,195,0.74,5,262,1.19,5,124,1.14,7,348,1.57
30971,0,0.699,1.165,70,847,1.01,25,1166,0.76,10,513,0.7,14,685,1.27,22,340,1.83,19,1039,1.43
27300,0,0.699,1.255,49,623,0.96,32,661,1.71,14,535,0.94,7,624,0.7,30,434,1.95,13,800,1.27
16972,0,0.699,1.078,677,10253,0.81,362,13175,0.97,117,6005,0.7,108,8022,0.84,277,4462,1.75,202,11257,1.4
17750,0,0.697,1.017,50,720,0.85,23,795,1.02,16,682,0.84,9,804,0.7,45,762,1.67,14,1067,1.02
9101,0,0.697,5.367,14,245,0.7,38,1264,1.06,410,3792,3.88,253,1540,10.23,1124,2093,15.18,43,2897,1.16
15161,0,0.697,1.031,58,909,0.78,25,1218,0.72,11,566,0.7,10,752,0.83,28,415,1.91,19,1183,1.25
10419,0,0.696,1.171,145,2424,0.73,84,3433,0.86,21,1081,0.7,24,1645,0.91,56,644,2.46,38,2169,1.37
15466,0,0.696,2.698,10,28,4.35,5,38,4.65,5,36,4.98,2,179,0.7,8,298,0.76,2,207,0.75
5416,0,0.696,0.82,55,927,0.72,20,1015,0.7,15,549,0.98,9,676,0.83,13,369,1.0,6,671,0.7
28647,0,0.695,1.24,43,754,0.7,27,935,1.02,8,269,1.07,5,358,0.87,7,126,1.57,13,457,2.22
2738,0,0.695,1.158,43,754,0.7,29,880,1.16,16,569,1.01,10,681,0.91,28,448,1.77,13,725,1.4
12135,0,0.695,2.556,66,220,3.66,37,289,4.52,35,446,2.81,41,1428,1.79,56,2276,0.7,44,1845,1.86
22205,0,0.695,1.04,171,2387,0.87,78,3244,0.85,34,1754,0.69,39,2327,1.04,97,1782,1.54,58,3644,1.24
5993,0,0.695,1.52,40,279,1.75,22,373,2.08,24,510,1.69,20,753,1.65,51,2074,0.69,24,1497,1.25
23565,0,0.694,1.31,44,521,1.03,13,661,0.69,6,307,0.7,12,425,1.76,24,280,2.42,13,810,1.25
3706,0,0.694,0.924,84,1113,0.92,33,1258,0.93,22,1136,0.69,17,1278,0.83,53,1201,1.25,21,1770,0.93
22003,0,0.694,2.376,16,281,0.69,6,267,0.79,5,203,0.88,4,149,1.67,16,66,6.85,5,116,3.37
10499,0,0.694,1.129,108,1458,0.9,38,1933,0.69,21,877,0.86,21,1148,1.14,46,787,1.65,24,1226,1.53
5091,0,0.694,1.092,171,2534,0.82,65,3307,0.69,23,1177,0.7,27,1581,1.06,57,815,1.98,38,2295,1.29
2457,0,0.694,1.13,112,1969,0.69,73,2429,1.06,26,1029,0.91,19,1470,0.81,38,657,1.63,45,2088,1.68
15104,0,0.693,0.969,250,4397,0.69,125,4910,0.9,82,3752,0.78,54,4222,0.8,204,3451,1.67,77,6185,0.97
13954,0,0.693,1.052,253,3759,0.82,113,4329,0.92,80,3554,0.81,45,4046,0.69,217,3064,2.0,77,5612,1.07
15370,0,0.692,0.974,40,637,0.77,15,765,0.69,10,422,0.85,6,519,0.72,19,320,1.68,10,687,1.14
14433,0,0.692,3.39,9,23,4.77,1,51,0.69,2,29,2.47,3,43,4.35,5,34,4.16,2,40,3.9
12141,0,0.692,1.328,186,2403,0.94,119,3599,1.17,19,984,0.69,27,1298,1.3,22,447,1.39,23,725,2.48
28602,0,0.689,1.137,74,1309,0.69,58,1506,1.36,37,1894,0.7,52,1989,1.63,89,2249,1.12,68,3998,1.33
2234,0,0.689,5.481,2,19,1.28,5,11,16.05,3,24,4.48,3,40,4.67,2,82,0.69,3,41,5.71
17501,0,0.689,4.664,6,20,3.66,3,44,2.41,7,48,5.23,9,49,11.44,3,123,0.69,8,137,4.56
618,0,0.689,1.127,48,752,0.78,18,923,0.69,9,401,0.8,10,608,1.02,26,341,2.15,16,951,1.31
29926,0,0.687,1.118,339,2379,1.74,148,3963,1.32,180,4487,1.44,79,7065,0.7,268,11019,0.69,101,9523,0.83
5931,0,0.687,1.171,26,241,1.32,7,195,1.27,6,313,0.69,13,404,2.0,18,558,0.91,6,556,0.84
29938,0,0.687,1.03,4,54,0.9,3,82,1.29,4,117,1.23,2,181,0.69,8,329,0.69,5,282,1.38
5067,0,0.687,1.004,862,10288,1.02,346,12251,1.0,222,11583,0.69,192,14037,0.85,492,10615,1.31,274,18480,1.16
12951,0,0.687,1.074,382,3101,1.5,159,4551,1.23,197,5223,1.35,98,8417,0.73,349,14355,0.69,142,11741,0.94
4778,0,0.687,0.924,109,1849,0.72,47,2138,0.78,34,1442,0.85,18,1632,0.69,78,1367,1.61,26,2250,0.9
20749,0,0.687,0.81,686,9588,0.87,295,12171,0.86,188,9621,0.7,128,11607,0.69,429,13352,0.91,193,18074,0.83
32713,0,0.687,1.062,1719,14454,1.45,641,21376,1.06,906,25340,1.28,526,35469,0.92,1423,58562,0.69,617,49672,0.97
28324,0,0.686,1.286,177,2668,0.81,107,4209,0.9,17,888,0.69,32,1276,1.56,32,457,1.98,29,1270,1.78
11784,0,0.686,1.036,149,2017,0.9,57,2453,0.82,63,2282,0.99,26,2361,0.69,132,2152,1.73,60,4325,1.08
13022,0,0.685,1.117,44,525,1.02,17,822,0.73,9,307,1.05,9,406,1.38,14,216,1.83,4,456,0.68
15394,0,0.685,1.127,40,641,0.76,16,825,0.68,11,498,0.79,14,609,1.43,34,454,2.12,11,880,0.98
8928,0,0.685,0.928,21,374,0.68,14,530,0.93,9,454,0.71,7,538,0.81,9,299,0.85,15,741,1.58
9826,0,0.685,1.035,48,855,0.68,25,894,0.99,17,573,1.06,11,766,0.89,31,466,1.88,10,1117,0.7
27504,0,0.685,1.014,91,1621,0.68,45,2186,0.73,15,725,0.74,12,975,0.77,23,451,1.44,24,1089,1.72
19969,0,0.684,1.193,577,8092,0.87,281,11696,0.85,82,4299,0.68,131,5654,1.44,188,2866,1.85,178,9513,1.46
27788,0,0.683,0.842,422,5386,0.96,203,7160,1.0,168,7736,0.78,123,10056,0.76,403,13026,0.87,141,16113,0.68
26122,0,0.683,1.894,36,203,2.16,14,370,1.34,32,439,2.61,19,592,2.0,16,662,0.68,30,911,2.57
7754,0,0.683,1.027,48,838,0.7,20,1034,0.68,18,685,0.94,13,847,0.96,38,658,1.63,21,1311,1.25
1597,0,0.683,4.788,36,463,0.95,32,797,1.42,2,105,0.68,4,272,0.92,2,3,18.84,34,448,5.93
2465,0,0.683,2.396,47,418,1.37,42,755,1.96,2,105,0.68,7,258,1.69,1,18,1.57,63,693,7.1
28078,0,0.683,0.98,407,4981,1.0,213,7246,1.04,107,5291,0.73,60,5473,0.68,356,6440,1.56,106,9439,0.88
28339,0,0.683,0.964,4424,73966,0.73,1551,80224,0.68,911,45833,0.71,704,62281,0.7,2927,47591,1.74,1373,88014,1.22
5103,0,0.682,1.032,125,1538,0.99,64,1514,1.49,51,1705,1.07,19,1734,0.68,77,1860,1.17,19,1887,0.79
12383,0,0.682,1.326,23,411,0.68,22,607,1.28,4,180,0.8,4,315,0.79,11,131,2.37,12,461,2.03
32479,0,0.682,1.223,53,770,0.84,32,1079,1.05,9,473,0.68,9,628,0.89,18,260,1.96,21,854,1.92
10729,0,0.682,1.032,44,483,1.11,32,726,1.56,18,745,0.87,17,1159,0.91,49,2030,0.68,23,1686,1.07
23350,0,0.682,0.848,192,2510,0.93,72,3376,0.75,66,2605,0.91,38,3470,0.68,157,4433,1.0,53,5098,0.81
21440,0,0.682,1.203,32,372,1.05,19,564,1.19,4,201,0.71,3,274,0.68,8,85,2.66,5,423,0.92
16617,0,0.682,1.073,12,184,0.8,11,228,1.7,5,263,0.68,3,269,0.69,14,289,1.37,7,457,1.2
11886,0,0.681,1.688,77,356,2.64,30,560,1.89,34,639,1.91,29,1041,1.74,44,1825,0.68,23,1406,1.28
1337,0,0.681,1.205,10,179,0.68,6,303,0.7,14,357,1.41,4,285,0.87,15,245,1.73,9,382,1.84
19899,0,0.681,1.078,209,3385,0.75,130,4331,1.06,49,2579,0.68,36,3206,0.7,146,2151,1.92,81,4667,1.36
32590,0,0.681,2.146,5,66,0.92,4,88,1.6,2,48,1.49,1,40,1.56,2,83,0.68,5,59,6.62
3544,0,0.68,0.958,41,522,0.96,22,657,1.18,10,527,0.68,10,551,1.13,19,485,1.11,6,678,0.69
7316,0,0.68,3.236,57,216,3.22,34,297,4.04,48,311,5.53,24,590,2.53,35,1454,0.68,41,939,3.41
2708,0,0.68,1.126,212,1753,1.47,128,2694,1.68,77,3629,0.76,92,5146,1.11,221,9184,0.68,104,7730,1.05
1786,0,0.68,1.49,13,56,2.83,2,57,1.24,3,90,1.2,3,142,1.32,7,291,0.68,5,232,1.68
31552,0,0.68,0.852,273,3483,0.96,118,5067,0.82,63,3323,0.68,58,4177,0.86,172,4835,1.01,62,6162,0.79
23810,0,0.68,1.11,17,305,0.68,12,388,1.09,6,281,0.77,7,323,1.35,13,352,1.04,12,542,1.73
9600,0,0.679,1.766,21,377,0.68,12,556,0.76,4,141,1.02,8,199,2.5,11,81,3.84,6,261,1.79
19667,0,0.679,7.661,11,47,2.85,1,52,0.68,1,18,1.99,3,18,10.38,2,14,4.04,4,12,26.03
10535,0,0.679,0.897,4,49,1.0,1,52,0.68,2,67,1.07,1,90,0.69,3,89,0.95,2,157,0.99
6499,0,0.679,0.927,86,1172,0.89,21,1060,0.7,23,981,0.84,15,1222,0.76,66,1109,1.68,14,1610,0.68
23322,0,0.678,1.127,134,2018,0.81,54,2811,0.68,44,2016,0.78,38,2529,0.94,135,1530,2.49,57,4178,1.07
25388,0,0.678,1.014,41,583,0.86,23,942,0.86,5,225,0.8,10,353,1.76,3,125,0.68,4,277,1.13
27986,0,0.678,1.075,32,360,1.08,15,650,0.81,9,355,0.91,6,405,0.92,9,375,0.68,19,726,2.04
27894,0,0.677,9.621,1,18,0.68,1,27,1.31,1,14,2.56,2,3,41.52,1,4,7.06,1,17,4.59
28261,0,0.677,0.981,38,684,0.68,17,756,0.79,10,438,0.82,8,493,1.01,30,502,1.69,9,782,0.9
6510,0,0.677,3.211,2,36,0.68,4,63,2.24,2,20,3.59,4,32,7.79,1,21,1.35,2,43,3.63
1115,0,0.677,1.085,405,5137,0.96,186,7224,0.91,58,3071,0.68,52,3736,0.87,121,2187,1.56,89,4542,1.53
7773,0,0.677,1.793,76,385,2.41,57,582,3.46,27,792,1.22,29,1260,1.43,61,2546,0.68,44,2206,1.56
9441,0,0.677,1.08,217,3911,0.68,112,4571,0.87,87,3330,0.94,61,4235,0.9,180,2855,1.78,115,6802,1.32
11055,0,0.676,1.317,19,284,0.82,14,325,1.52,5,265,0.68,5,324,0.96,22,218,2.85,7,507,1.08
16732,0,0.676,1.789,22,215,1.25,23,420,1.93,3,159,0.68,4,283,0.88,19,143,3.75,17,593,2.24
16151,0,0.676,1.236,556,5002,1.36,259,5497,1.66,279,9357,1.07,199,11112,1.12,511,21349,0.68,309,15712,1.54
10732,0,0.675,0.865,282,3505,0.98,91,4380,0.73,78,3080,0.91,66,4337,0.95,182,5448,0.94,54,6245,0.68
15151,0,0.675,1.106,35,464,0.92,15,603,0.88,9,478,0.68,10,490,1.27,27,437,1.75,12,818,1.15
25767,0,0.674,1.3,38,687,0.67,18,899,0.71,8,413,0.69,15,614,1.52,22,292,2.13,20,753,2.07
26337,0,0.674,1.164,517,7658,0.82,333,11218,1.05,91,4840,0.67,112,6391,1.09,223,3391,1.86,197,10343,1.49
30297,0,0.674,1.332,123,870,1.72,75,1344,1.97,50,1339,1.34,39,1805,1.35,87,3648,0.67,32,2657,0.94
10418,0,0.674,1.487,56,877,0.78,30,1312,0.81,5,266,0.67,5,440,0.71,2,43,1.31,39,656,4.64
18890,0,0.674,1.623,199,2476,0.98,79,4140,0.67,70,2179,1.15,54,2845,1.18,245,1713,4.04,62,2838,1.71
12845,0,0.674,0.847,111,1053,1.29,31,1625,0.67,61,3084,0.71,40,3454,0.72,109,3729,0.83,72,6470,0.87
3183,0,0.673,0.889,116,1432,0.99,59,1705,1.22,50,2154,0.83,23,2127,0.67,74,2413,0.87,23,2396,0.75
18186,0,0.673,1.061,58,901,0.78,21,1101,0.67,20,570,1.26,9,674,0.83,26,480,1.53,14,851,1.28
28966,0,0.673,1.43,8,53,1.84,2,41,1.72,1,51,0.7,2,138,0.9,2,84,0.67,2,57,2.74
23445,0,0.673,2.798,3,39,0.94,8,42,6.73,3,43,2.5,3,81,2.31,4,168,0.67,7,150,3.64
17281,0,0.673,9.878,6,20,3.66,8,9,31.39,3,14,7.68,3,29,6.44,2,84,0.67,7,58,9.42
8264,0,0.673,5.969,6,18,4.06,5,29,6.09,6,32,6.72,5,34,9.16,1,42,0.67,7,60,9.11
2084,0,0.673,2.577,1,11,1.11,2,26,2.72,2,25,2.87,1,20,3.11,1,42,0.67,3,47,4.98
32047,0,0.673,1.028,278,4386,0.77,153,5153,1.05,54,2878,0.67,84,3852,1.36,88,2785,0.89,99,5422,1.43
26977,0,0.672,1.168,64,519,1.5,30,798,1.33,39,830,1.68,13,1204,0.67,30,1118,0.76,16,1177,1.06
15278,0,0.672,0.904,36,434,1.01,12,577,0.73,9,480,0.67,8,436,1.14,24,643,1.05,6,580,0.81
5168,0,0.672,0.86,240,4301,0.68,109,4560,0.84,69,2659,0.93,36,3336,0.67,129,2880,1.27,42,4267,0.77
21533,0,0.672,1.239,114,2070,0.67,75,2607,1.02,22,781,1.01,21,1236,1.06,21,425,1.4,44,1506,2.28
22723,0,0.671,0.901,229,2741,1.02,95,4117,0.81,48,2563,0.67,42,3493,0.75,118,3091,1.08,68,4952,1.07
1189,0,0.671,1.233,59,795,0.9,25,1090,0.81,8,309,0.93,6,557,0.67,13,191,1.92,20,723,2.16
6212,0,0.671,2.84,57,188,3.7,13,195,2.35,14,245,2.05,16,318,3.13,16,674,0.67,29,441,5.13
29598,0,0.671,0.907,35,472,0.9,11,579,0.67,15,530,1.01,9,625,0.9,21,686,0.87,10,718,1.09
6151,0,0.67,1.397,143,2205,0.79,90,3023,1.05,17,909,0.67,25,1358,1.15,37,420,2.49,60,2098,2.23
29477,0,0.67,3.639,575,5136,1.37,597,8414,2.51,70,3743,0.67,245,4858,3.14,380,1243,8.64,1968,27858,5.52
16541,0,0.67,1.236,64,1164,0.67,49,1648,1.05,12,479,0.9,16,666,1.5,15,307,1.38,26,1057,1.92
1046,0,0.67,1.246,157,2413,0.79,94,3126,1.06,35,1872,0.67,45,2319,1.21,105,1242,2.39,79,4568,1.35
23961,0,0.67,1.001,88,932,1.15,22,1082,0.72,26,1391,0.67,18,1533,0.73,64,1121,1.61,38,2651,1.12
13866,0,0.669,1.294,109,1764,0.75,63,2246,0.99,30,1608,0.67,38,1986,1.19,109,1058,2.91,71,4441,1.25
18089,0,0.669,0.915,747,9722,0.94,276,12535,0.78,249,9851,0.91,118,10988,0.67,462,11032,1.18,175,13410,1.02
25000,0,0.668,1.088,39,712,0.67,21,861,0.86,10,406,0.88,12,552,1.35,21,286,2.07,7,799,0.68
28534,0,0.666,0.797,2304,31591,0.89,851,41402,0.73,765,35987,0.76,484,45230,0.67,1982,57047,0.98,724,74901,0.75
2173,0,0.666,1.09,41,751,0.67,36,1023,1.24,8,356,0.81,7,543,0.8,13,214,1.72,14,837,1.31
30623,0,0.665,0.907,77,1336,0.7,27,1284,0.74,12,647,0.66,11,773,0.89,17,399,1.2,15,945,1.24
15048,0,0.664,1.019,1832,26268,0.85,831,34462,0.85,262,14148,0.66,245,16832,0.91,302,6152,1.39,299,16070,1.45
24117,0,0.664,4.372,27,81,4.06,10,94,3.76,1,54,0.66,1,83,0.75,19,36,14.91,2,75,2.08
475,0,0.664,1.297,53,814,0.79,35,1206,1.02,7,378,0.66,8,615,0.81,14,174,2.27,22,775,2.22
20258,0,0.664,1.807,16,117,1.67,11,121,3.21,3,162,0.66,8,184,2.71,8,229,0.99,5,243,1.61
31379,0,0.664,1.238,180,2828,0.78,118,3625,1.15,46,2484,0.66,51,3434,0.93,117,1356,2.44,108,5721,1.47
18278,0,0.664,1.031,44,708,0.76,22,917,0.85,6,324,0.66,8,453,1.1,14,243,1.63,10,658,1.19
5938,0,0.663,1.204,157,1951,0.98,67,2706,0.87,19,1027,0.66,19,1417,0.84,48,570,2.38,33,1728,1.49
10571,0,0.663,1.535,36,552,0.8,33,572,2.04,24,572,1.5,24,747,2.0,36,1534,0.66,30,1061,2.21
10318,0,0.663,1.041,165,2235,0.9,70,2352,1.05,50,2703,0.66,44,2956,0.93,180,2698,1.89,46,4381,0.82
28103,0,0.663,0.929,2181,32205,0.83,845,37528,0.8,290,15679,0.66,276,20841,0.82,404,8075,1.41,273,20223,1.05
9058,0,0.663,1.107,40,736,0.66,37,1033,1.26,8,321,0.89,8,522,0.95,10,262,1.08,15,656,1.79
23007,0,0.663,1.012,4,37,1.32,1,43,0.82,2,48,1.49,1,94,0.66,1,37,0.76,1,77,1.01
23227,0,0.662,1.156,62,1057,0.72,36,1268,1.0,8,433,0.66,7,587,0.74,26,342,2.15,22,1033,1.66
21314,0,0.662,1.019,107,1835,0.71,44,1956,0.79,18,975,0.66,27,1357,1.24,41,778,1.49,31,1985,1.22
17012,0,0.661,1.024,35,557,0.77,10,534,0.66,10,312,1.15,6,389,0.96,16,251,1.8,6,582,0.8
11858,0,0.661,0.829,90,1053,1.04,30,1197,0.88,20,1004,0.71,13,1225,0.66,54,1609,0.95,15,1620,0.72
28220,0,0.661,1.528,23,369,0.76,9,481,0.66,2,107,0.67,7,200,2.18,8,64,3.53,6,343,1.37
310,0,0.66,1.561,251,3064,1.0,41,2192,0.66,15,374,1.44,7,468,0.93,91,1490,1.73,30,649,3.61
17541,0,0.66,1.371,140,2585,0.66,95,3282,1.02,22,1027,0.77,29,1500,1.2,54,610,2.5,59,2223,2.07
2953,0,0.66,0.853,114,1304,1.07,43,1888,0.8,31,1637,0.68,37,2006,1.15,49,2097,0.66,27,2775,0.76
9115,0,0.66,0.817,354,4087,1.06,162,5817,0.98,179,8059,0.8,96,9053,0.66,401,15232,0.74,157,18573,0.66
13081,0,0.66,1.353,745,10395,0.87,478,15383,1.1,100,5436,0.66,190,7965,1.49,313,3920,2.26,324,14499,1.74
12908,0,0.659,0.999,84,1251,0.82,35,1681,0.74,18,729,0.89,9,850,0.66,24,392,1.73,15,1003,1.17
15203,0,0.659,1.147,67,990,0.83,34,1369,0.88,17,710,0.86,10,945,0.66,39,493,2.24,22,1204,1.43
15197,0,0.659,1.078,312,4421,0.86,112,5815,0.68,79,4299,0.66,81,5350,0.94,247,2986,2.34,111,8753,0.99
5357,0,0.658,1.736,42,280,1.83,40,357,3.96,23,559,1.48,9,852,0.66,28,1065,0.74,25,1111,1.76
12402,0,0.658,0.825,225,2751,1.0,84,3586,0.83,60,2841,0.76,43,3743,0.72,166,4721,0.99,47,5580,0.66
15787,0,0.658,1.028,39,642,0.74,23,773,1.05,12,539,0.8,7,663,0.66,35,474,2.09,10,937,0.83
22345,0,0.657,0.925,18,310,0.71,7,376,0.66,9,342,0.94,5,371,0.84,21,362,1.64,6,616,0.76
9417,0,0.657,1.332,2,26,0.94,3,63,1.68,3,45,2.39,1,49,1.27,1,43,0.66,1,74,1.06
14558,0,0.657,1.383,71,939,0.92,34,1058,1.13,9,491,0.66,18,709,1.58,39,415,2.66,20,1160,1.35
26771,0,0.657,1.058,180,1453,1.51,35,1758,0.7,35,1911,0.66,34,2508,0.84,99,1499,1.87,51,5202,0.77
20359,0,0.656,1.078,114,1438,0.97,55,2028,0.96,40,1709,0.84,21,1993,0.66,104,1474,1.99,46,3408,1.05
13267,0,0.656,1.23,463,7412,0.76,267,10607,0.89,74,4043,0.66,117,5364,1.36,144,2041,1.99,143,6491,1.72
5461,0,0.656,1.277,130,2159,0.73,63,3163,0.7,52,1878,0.99,25,2373,0.66,81,746,3.07,53,2744,1.51
17440,0,0.656,1.986,32,540,0.72,20,653,1.08,38,483,2.82,9,334,1.68,57,325,4.96,2,238,0.66
4336,0,0.656,1.216,675,9218,0.89,373,12778,1.03,97,5303,0.66,83,7115,0.73,262,3447,2.15,226,9569,1.84
6625,0,0.655,1.168,61,1135,0.66,38,1550,0.87,19,1031,0.66,19,1333,0.89,65,802,2.29,63,2981,1.65
30023,0,0.655,0.79,605,9396,0.79,283,13212,0.76,181,7079,0.92,105,8718,0.75,494,15954,0.88,100,11915,0.66
10525,0,0.654,1.498,45,283,1.94,21,376,1.97,9,493,0.65,20,633,1.97,33,1143,0.82,22,1049,1.64
9158,0,0.654,0.837,308,3769,1.0,99,4176,0.84,106,4084,0.93,57,5391,0.66,279,8334,0.95,65,7755,0.65
321,0,0.654,1.523,2170,36390,0.73,1094,49221,0.78,458,25113,0.65,711,39559,1.12,3141,23303,3.81,2015,77082,2.04
27493,0,0.653,0.771,641,7319,1.07,218,9865,0.78,225,10546,0.76,146,13385,0.68,421,17509,0.68,174,20796,0.65
11627,0,0.653,1.038,245,3405,0.88,78,4154,0.66,33,1684,0.7,26,2480,0.65,52,877,1.68,58,2730,1.66
15160,0,0.653,1.414,196,2401,1.0,80,3100,0.91,12,659,0.65,17,842,1.26,54,825,1.85,18,499,2.82
26626,0,0.652,1.001,69,905,0.93,23,1141,0.71,18,600,1.08,13,762,1.06,28,502,1.58,9,1078,0.65
11877,0,0.652,0.967,11,145,0.93,6,270,0.78,3,165,0.65,3,150,1.25,10,200,1.41,3,299,0.78
28188,0,0.652,1.713,554,9017,0.75,387,12559,1.09,67,3685,0.65,151,6073,1.55,214,1742,3.47,287,8085,2.77
17801,0,0.652,1.148,48,641,0.91,24,630,1.35,14,673,0.75,7,669,0.65,47,631,2.1,14,968,1.13
9982,0,0.652,1.984,7,131,0.65,5,130,1.36,3,45,2.39,1,41,1.52,1,12,2.35,2,43,3.63
28689,0,0.651,0.913,133,1826,0.89,64,2378,0.95,30,1651,0.65,32,1941,1.03,72,2055,0.99,38,3062,0.97
29886,0,0.651,0.899,160,2451,0.8,53,2873,0.65,36,1496,0.86,22,1812,0.76,66,1359,1.37,32,2619,0.95
1739,0,0.651,1.221,567,7712,0.9,375,11037,1.2,78,4296,0.65,112,6205,1.12,188,3023,1.76,199,9168,1.69
12692,0,0.651,1.165,192,2807,0.83,82,3162,0.92,24,1322,0.65,20,1802,0.69,62,841,2.08,60,2580,1.82
2053,0,0.65,1.133,47,634,0.9,14,760,0.65,11,411,0.96,7,533,0.82,28,329,2.41,9,662,1.06
14470,0,0.65,1.112,189,2676,0.86,85,3802,0.79,69,2390,1.04,30,2873,0.65,103,1496,1.95,57,3205,1.39
8135,0,0.649,1.934,75,312,2.93,46,522,3.11,29,680,1.53,37,1444,1.6,45,1958,0.65,36,1575,1.78
11198,0,0.649,0.974,570,4418,1.57,137,6638,0.73,115,4201,0.98,83,4912,1.05,176,5803,0.86,50,6013,0.65
29384,0,0.649,1.168,79,620,1.55,43,792,1.92,29,1015,1.02,17,1183,0.9,36,1051,0.97,11,1324,0.65
10379,0,0.648,1.275,1121,16463,0.83,656,23823,0.97,151,8355,0.65,220,11790,1.16,441,5331,2.34,371,17055,1.7
22178,0,0.647,0.997,370,5344,0.84,130,6418,0.72,50,2770,0.65,56,3712,0.94,143,2144,1.88,65,5320,0.95
24006,0,0.647,1.204,254,3763,0.82,130,4847,0.95,34,1884,0.65,42,2720,0.96,96,1362,1.99,89,3755,1.85
14662,0,0.647,1.595,7,132,0.65,3,116,0.91,3,129,0.83,5,119,2.62,10,104,2.72,5,212,1.84
3165,0,0.646,1.045,24,387,0.76,11,601,0.65,5,216,0.83,5,353,0.88,8,163,1.39,13,574,1.77
8729,0,0.646,0.954,109,1440,0.92,48,1919,0.88,27,1498,0.65,21,1758,0.74,93,1621,1.62,34,2929,0.91
20955,0,0.646,1.093,44,695,0.77,25,840,1.05,15,506,1.06,11,681,1.01,37,518,2.02,8,967,0.65
5932,0,0.646,1.21,36,680,0.65,24,889,0.95,8,351,0.82,9,485,1.16,18,222,2.29,12,672,1.39
17339,0,0.646,1.339,280,5289,0.65,179,6724,0.94,64,2100,1.09,47,3420,0.86,86,1277,1.9,150,4508,2.6
12481,0,0.645,0.958,201,2717,0.9,94,4006,0.83,46,2555,0.65,37,3186,0.72,123,2415,1.44,72,4659,1.21
19474,0,0.645,0.841,231,2904,0.97,96,3411,0.99,74,3576,0.74,49,4350,0.7,246,7005,0.99,53,6414,0.65
728,0,0.645,1.061,33,624,0.64,17,678,0.89,10,486,0.74,14,594,1.47,32,500,1.81,10,950,0.82
13800,0,0.644,0.983,96,1235,0.95,44,1385,1.12,19,1057,0.64,15,1321,0.71,61,1057,1.63,19,1754,0.85
18628,0,0.644,1.384,40,623,0.78,23,941,0.86,4,213,0.67,3,290,0.64,11,88,3.53,8,346,1.81
2930,0,0.644,0.926,197,2736,0.88,105,3857,0.96,48,2536,0.68,33,3190,0.64,137,2972,1.3,70,5011,1.09
13838,0,0.644,0.926,80,1238,0.79,33,1497,0.78,35,1352,0.93,15,1450,0.64,76,1359,1.58,21,1966,0.83
5757,0,0.644,0.958,72,988,0.89,26,1132,0.81,12,668,0.64,12,824,0.91,38,588,1.83,10,1166,0.67
30515,0,0.644,0.908,2294,22326,1.25,1114,36499,1.08,732,34788,0.75,405,39179,0.64,1457,48566,0.85,624,55722,0.87
25853,0,0.644,0.909,63,1126,0.68,35,1388,0.89,13,724,0.64,18,946,1.19,37,820,1.28,14,1411,0.77
1664,0,0.644,0.863,1706,24121,0.86,692,29615,0.83,456,21080,0.78,255,24674,0.64,902,21922,1.16,350,30168,0.91
8796,0,0.643,0.966,637,9386,0.83,326,12571,0.92,134,7476,0.64,125,9726,0.8,413,7600,1.54,201,14585,1.08
13353,0,0.642,1.223,33,405,0.99,19,495,1.36,10,558,0.64,11,620,1.11,21,463,1.28,18,717,1.96
16908,0,0.642,14.327,6,2,36.58,6,6,35.31,3,16,6.72,2,96,1.3,3,132,0.64,7,101,5.41
24993,0,0.642,2.336,4,16,3.05,2,35,2.02,2,24,2.99,2,29,4.3,1,44,0.64,1,76,1.03
32315,0,0.642,1.033,136,2313,0.72,83,3289,0.89,13,726,0.64,16,1099,0.91,18,238,2.14,23,1983,0.91
22630,0,0.642,3.973,5,95,0.64,2,70,1.01,19,99,6.88,17,96,11.03,6,220,0.77,8,178,3.51
5186,0,0.642,8.095,1,19,0.64,2,16,4.41,5,13,13.79,2,21,5.93,4,33,3.43,6,23,20.37
16081,0,0.642,1.103,115,1481,0.95,75,2172,1.22,15,838,0.64,12,1001,0.75,23,439,1.48,31,1528,1.58
24508,0,0.641,3.191,4414,44292,1.22,3041,70751,1.52,338,18897,0.64,823,33260,1.54,206,643,9.05,1611,24295,5.18
28501,0,0.641,0.874,39,742,0.64,26,947,0.97,8,363,0.79,6,550,0.68,10,301,0.94,12,764,1.23
4134,0,0.641,0.811,150,1968,0.93,57,2698,0.75,45,2046,0.79,40,2707,0.92,110,3702,0.84,34,4144,0.64
21855,0,0.64,1.214,50,725,0.84,28,1042,0.95,4,224,0.64,6,310,1.21,6,103,1.65,15,585,2.0
19864,0,0.64,1.206,649,9537,0.83,325,13835,0.83,108,6052,0.64,160,7934,1.26,341,4277,2.25,226,12372,1.43
3058,0,0.64,1.287,16,305,0.64,15,362,1.46,7,255,0.98,4,294,0.85,18,268,1.9,11,455,1.89
29571,0,0.639,0.972,1875,24703,0.93,628,34692,0.64,412,19274,0.77,327,25691,0.79,788,15606,1.43,691,42205,1.28
1333,0,0.639,1.201,38,546,0.85,45,671,2.37,19,1066,0.64,30,1192,1.57,42,1662,0.71,32,2337,1.07
27823,0,0.638,1.58,62,632,1.2,16,885,0.64,22,568,1.39,14,766,1.14,50,474,2.98,23,840,2.14
865,0,0.638,1.008,32,399,0.98,9,498,0.64,7,245,1.02,4,385,0.65,11,280,1.11,11,521,1.65
3197,0,0.638,0.991,212,2423,1.07,104,3692,0.99,32,1798,0.64,30,2366,0.79,79,1557,1.43,42,3214,1.02
25376,0,0.638,2.447,108,654,2.01,98,849,4.08,78,952,2.94,82,1891,2.7,91,4031,0.64,71,2391,2.32
16737,0,0.636,1.692,43,718,0.73,34,1183,1.01,5,282,0.64,5,436,0.71,13,94,3.91,32,794,3.15
1034,0,0.635,2.303,7,41,2.08,4,58,2.44,3,48,2.24,3,65,2.87,2,89,0.64,4,88,3.55
5628,0,0.635,1.214,5,58,1.05,4,87,1.62,3,88,1.22,3,133,1.4,2,89,0.64,2,116,1.35
5907,0,0.635,1.458,74,1421,0.63,45,1694,0.94,16,872,0.66,31,1380,1.4,70,653,3.03,79,2955,2.09
15948,0,0.634,0.918,41,628,0.8,19,646,1.04,13,533,0.87,6,589,0.63,25,493,1.43,6,643,0.73
25247,0,0.634,0.802,648,8122,0.97,191,10103,0.67,217,10059,0.77,185,13113,0.88,356,15865,0.63,227,20024,0.89
12146,0,0.634,0.939,184,2770,0.81,107,3952,0.96,40,2262,0.63,39,2978,0.82,111,2470,1.27,67,4562,1.15
29277,0,0.634,1.312,21,404,0.63,11,568,0.68,6,184,1.17,4,335,0.74,7,116,1.71,15,399,2.94
7655,0,0.633,1.16,42,701,0.73,20,1116,0.63,7,203,1.24,3,286,0.65,7,91,2.17,6,305,1.54
131,0,0.633,1.44,7,38,2.25,1,53,0.67,3,82,1.31,5,99,3.15,3,134,0.63,1,122,0.64
27201,0,0.632,0.803,176,2884,0.74,78,3501,0.79,63,2665,0.85,36,3396,0.66,141,3479,1.15,42,5187,0.63
32675,0,0.632,0.985,207,2602,0.97,110,4491,0.86,34,1929,0.63,36,2630,0.85,79,1856,1.2,72,4053,1.39
22765,0,0.631,1.747,84,472,2.17,82,1036,2.79,29,858,1.21,50,2165,1.44,74,3312,0.63,77,2689,2.24
9830,0,0.631,1.992,22,128,2.1,15,198,2.67,25,270,3.32,22,798,1.72,31,1389,0.63,18,928,1.51
28818,0,0.631,1.083,24,390,0.75,9,457,0.7,7,398,0.63,9,480,1.17,31,429,2.04,11,708,1.21
22690,0,0.631,1.373,146,2571,0.69,76,3612,0.74,21,1194,0.63,53,1759,1.88,63,668,2.67,52,2488,1.63
30059,0,0.631,3.904,39,158,3.01,3,168,0.63,7,190,1.32,7,640,0.68,30,168,5.05,23,141,12.74
15458,0,0.63,1.144,58,889,0.8,33,961,1.21,10,569,0.63,10,612,1.02,28,423,1.87,16,933,1.34
14393,0,0.629,1.117,190,2948,0.79,67,3759,0.63,33,1807,0.65,44,2255,1.22,113,1365,2.34,47,3405,1.08
30165,0,0.629,1.23,334,2482,1.64,158,3405,1.64,152,4193,1.3,88,5901,0.93,210,9430,0.63,129,8086,1.25
29256,0,0.629,7.864,54,156,4.22,7,56,4.41,12,176,2.44,1,99,0.63,86,343,7.09,72,198,28.39
17385,0,0.629,0.826,59,901,0.8,22,1235,0.63,12,512,0.84,6,543,0.69,8,300,0.75,14,879,1.24
25798,0,0.629,1.615,46,633,0.89,19,961,0.7,4,228,0.63,15,335,2.79,13,109,3.37,11,653,1.32
3286,0,0.629,2.609,5,36,1.69,4,82,1.72,1,57,0.63,1,44,1.42,4,27,4.19,4,52,6.01
16497,0,0.629,1.001,194,2915,0.81,80,3339,0.85,51,2352,0.78,25,2476,0.63,85,1399,1.72,57,3641,1.22
3270,0,0.628,1.271,84,1527,0.67,42,2078,0.71,12,685,0.63,13,1065,0.76,35,350,2.83,40,1541,2.03
24472,0,0.628,3.859,21,69,3.71,8,116,2.44,5,53,3.38,5,34,9.16,1,45,0.63,3,61,3.84
28116,0,0.628,1.777,6,64,1.14,4,64,2.21,4,59,2.43,2,73,1.71,2,90,0.63,3,92,2.55
30399,0,0.628,0.807,205,2876,0.87,86,3643,0.83,68,2904,0.84,38,3769,0.63,165,4869,0.96,50,5474,0.71
22728,0,0.628,0.845,186,2445,0.93,88,3460,0.9,69,2689,0.92,43,3522,0.76,143,4317,0.94,42,5225,0.63
29844,0,0.627,0.877,8009,90361,1.08,4099,134485,1.08,2202,87449,0.9,1599,117401,0.85,4018,181163,0.63,1571,168760,0.73
29562,0,0.627,1.314,22,428,0.63,20,731,0.97,7,192,1.31,9,286,1.96,4,110,1.03,16,625,2.0
19920,0,0.627,1.015,283,2442,1.41,88,4297,0.72,37,1773,0.75,49,1691,1.8,40,1455,0.78,16,1994,0.63
10887,0,0.626,1.531,34,662,0.63,32,998,1.13,6,329,0.65,19,479,2.47,17,178,2.7,16,780,1.6
31711,0,0.626,1.197,857,13387,0.78,541,19143,1.0,138,7907,0.63,167,10307,1.01,432,6001,2.03,449,20192,1.74
25435,0,0.625,3.483,38,67,6.92,2,113,0.62,11,91,4.33,2,123,1.01,16,98,4.61,3,69,3.39
30739,0,0.625,1.083,5,89,0.69,2,113,0.62,4,83,1.73,2,131,0.95,5,107,1.32,3,197,1.19
11671,0,0.624,0.931,163,2123,0.94,54,2763,0.69,19,1091,0.62,16,1385,0.72,52,836,1.76,21,1912,0.86
6747,0,0.624,1.607,81,1104,0.89,34,1380,0.87,7,402,0.62,11,543,1.26,21,127,4.67,12,711,1.32
22599,0,0.624,1.35,56,947,0.72,36,1267,1.0,9,517,0.62,7,690,0.63,26,236,3.11,22,857,2.0
24503,0,0.624,0.994,66,922,0.87,18,1019,0.62,8,447,0.64,7,660,0.66,16,244,1.85,16,950,1.32
12291,0,0.624,4.492,89,1740,0.62,72,1976,1.29,12,277,1.55,81,444,11.36,26,107,6.87,64,950,5.26
9225,0,0.624,1.57,17,301,0.69,12,400,1.06,2,115,0.62,4,170,1.47,6,58,2.92,12,352,2.66
17664,0,0.623,0.957,49,718,0.83,15,804,0.66,17,585,1.04,9,691,0.81,32,510,1.77,8,1002,0.62
23640,0,0.623,2.318,129,806,1.95,118,1118,3.73,126,1448,3.12,113,2930,2.4,138,6257,0.62,105,3935,2.08
18435,0,0.623,2.379,14,149,1.15,13,67,6.85,7,193,1.3,2,200,0.62,14,328,1.21,5,124,3.15
8875,0,0.623,1.1,89,1333,0.81,44,1601,0.97,16,921,0.62,14,1082,0.81,50,651,2.17,24,1543,1.21
30567,0,0.623,0.928,24,470,0.62,18,736,0.86,4,161,0.89,3,221,0.85,1,35,0.81,4,203,1.54
146,0,0.622,1.043,67,1249,0.65,41,1491,0.97,14,807,0.62,12,934,0.8,21,543,1.09,29,1070,2.12
31210,0,0.621,0.792,30,415,0.88,18,638,1.0,7,378,0.66,7,531,0.82,8,364,0.62,8,811,0.77
9655,0,0.62,1.784,684,13399,0.62,362,19266,0.66,91,5260,0.62,332,9250,2.24,3,68,1.25,131,1925,5.31
18935,0,0.62,1.434,21,210,1.22,19,261,2.57,6,347,0.62,11,464,1.48,23,732,0.89,18,769,1.83
8210,0,0.619,1.611,19,373,0.62,8,456,0.62,4,195,0.74,7,343,1.27,7,47,4.21,15,530,2.21
27478,0,0.619,2.653,109,536,2.48,64,581,3.89,76,819,3.33,73,1892,2.4,74,3376,0.62,80,1951,3.2
9264,0,0.619,0.995,185,2771,0.81,82,3041,0.95,86,4080,0.76,43,4326,0.62,296,4207,1.99,76,7080,0.84
26774,0,0.619,0.918,119,1540,0.94,31,1584,0.69,25,1448,0.62,21,1694,0.77,70,1411,1.4,28,2019,1.08
28207,0,0.619,1.043,91,1502,0.74,33,1883,0.62,16,775,0.74,12,1018,0.73,28,512,1.55,34,1413,1.88
27917,0,0.618,1.135,36,640,0.69,21,962,0.77,9,345,0.94,5,504,0.62,14,231,1.71,19,711,2.09
28911,0,0.618,0.82,200,2062,1.18,78,3029,0.91,40,2322,0.62,33,2993,0.69,99,3367,0.83,38,4283,0.69
3108,0,0.618,0.921,91,1353,0.82,29,1658,0.62,19,802,0.85,14,1003,0.87,35,651,1.52,15,1378,0.85
1723,0,0.617,0.848,74,968,0.93,34,1440,0.83,13,755,0.62,15,1100,0.85,18,738,0.69,19,1270,1.17
29745,0,0.617,1.169,611,9646,0.77,414,14287,1.02,102,5925,0.62,153,8758,1.09,304,4426,1.94,253,12583,1.57
1452,0,0.617,1.741,16,306,0.64,41,387,3.74,36,505,2.56,24,852,1.75,35,1603,0.62,17,1161,1.14
5929,0,0.617,1.274,90,774,1.42,13,744,0.62,51,1092,1.67,15,656,1.42,97,2172,1.26,22,1373,1.25
9791,0,0.617,1.294,68,900,0.92,21,1131,0.66,9,523,0.62,16,716,1.39,48,408,3.32,13,1188,0.85
6437,0,0.617,1.122,70,892,0.96,30,1257,0.84,8,465,0.62,13,671,1.21,17,365,1.32,21,916,1.79
1536,0,0.617,1.269,26,514,0.62,16,658,0.86,5,235,0.76,5,313,0.99,9,100,2.54,13,553,1.84
17823,0,0.617,0.829,186,2683,0.85,95,2809,1.19,62,3151,0.71,35,3535,0.62,146,4365,0.95,37,4345,0.66
18154,0,0.617,1.286,8,76,1.28,2,104,0.68,3,55,1.96,1,101,0.62,2,60,0.94,7,244,2.24
11445,0,0.617,1.182,541,3957,1.67,315,7443,1.49,250,7256,1.24,191,10799,1.1,391,17918,0.62,191,15231,0.98
1790,0,0.617,1.188,296,4163,0.87,120,5490,0.77,28,1628,0.62,27,2130,0.79,59,770,2.17,57,2317,1.92
14858,0,0.616,0.8,39,696,0.68,21,964,0.77,13,756,0.62,11,882,0.78,38,818,1.31,11,1334,0.64
28417,0,0.616,0.911,600,5504,1.33,190,7174,0.94,213,8020,0.95,149,10354,0.9,371,17021,0.62,157,16623,0.74
1731,0,0.616,2.698,80,439,2.22,59,464,4.49,68,649,3.76,62,1342,2.88,52,2387,0.62,48,1682,2.23
14659,0,0.615,1.196,23,286,0.98,12,438,0.97,4,233,0.62,6,341,1.1,9,134,1.9,10,483,1.62
17576,0,0.615,1.125,698,9752,0.87,405,14130,1.01,126,7343,0.62,171,9873,1.08,398,6179,1.82,284,16424,1.35
24165,0,0.615,1.312,46,700,0.8,15,861,0.62,8,376,0.76,16,596,1.67,22,302,2.06,23,916,1.96
18149,0,0.615,0.839,535,7120,0.92,192,8132,0.83,101,5887,0.62,101,7136,0.88,388,11412,0.96,102,9624,0.83
19029,0,0.615,1.163,23,456,0.62,11,530,0.73,11,421,0.94,8,495,1.01,32,412,2.19,13,681,1.49
30098,0,0.614,1.301,113,2209,0.62,95,2968,1.13,14,817,0.61,18,1384,0.81,31,369,2.37,53,1838,2.25
4419,0,0.614,1.281,54,442,1.49,12,690,0.61,14,385,1.3,15,457,2.04,17,385,1.25,8,635,0.98
19347,0,0.613,6.965,17,76,2.73,31,61,17.94,29,108,9.63,16,257,3.88,24,1106,0.61,20,223,7.0
20534,0,0.613,1.496,51,676,0.92,39,878,1.57,4,234,0.61,6,384,0.97,15,123,3.45,12,643,1.46
20773,0,0.613,0.865,79,584,1.65,14,788,0.63,24,1216,0.71,11,1118,0.61,31,984,0.89,18,1995,0.7
26748,0,0.613,0.835,582,8499,0.83,224,9967,0.79,161,9420,0.61,174,11008,0.98,312,11008,0.8,209,16588,0.98
5803,0,0.612,1.005,55,470,1.43,13,559,0.82,8,284,1.01,4,326,0.76,13,263,1.4,4,510,0.61
15444,0,0.612,0.835,142,1722,1.01,49,2342,0.74,50,2058,0.87,26,2646,0.61,138,3933,0.99,44,4352,0.79
24076,0,0.611,1.569,41,219,2.28,17,248,2.42,11,357,1.1,13,533,1.52,23,1063,0.61,15,793,1.48
9030,0,0.611,0.882,124,1277,1.18,49,1570,1.1,44,1764,0.89,25,2198,0.71,84,3884,0.61,37,3655,0.79
19835,0,0.611,0.904,98,1485,0.8,32,1850,0.61,28,1289,0.78,15,1425,0.66,68,1113,1.73,25,2300,0.85
9198,0,0.611,1.37,563,9785,0.7,329,14070,0.83,62,3640,0.61,79,5048,0.97,114,1290,2.5,191,5710,2.61
26386,0,0.611,0.913,10,163,0.75,7,178,1.39,6,250,0.86,3,306,0.61,16,463,0.98,6,523,0.9
25086,0,0.611,3.962,12,20,7.32,12,55,7.7,5,55,3.26,2,204,0.61,11,388,0.8,15,287,4.08
6002,0,0.61,0.867,522,5430,1.17,245,7640,1.13,181,8012,0.81,136,10213,0.83,379,17551,0.61,133,16042,0.65
31013,0,0.61,0.954,280,3611,0.95,129,4552,1.0,90,4109,0.79,46,4697,0.61,284,5377,1.49,88,7707,0.89
17499,0,0.61,1.823,3,60,0.61,6,80,2.65,2,111,0.65,5,130,2.4,7,168,1.18,9,203,3.46
7250,0,0.609,1.203,152,1002,1.85,24,1392,0.61,65,1655,1.41,46,1861,1.54,78,3082,0.72,45,3204,1.1
1028,0,0.609,1.151,531,10637,0.61,424,15895,0.94,85,4500,0.68,102,6498,0.98,119,2128,1.58,251,9240,2.12
12605,0,0.609,4.777,14,54,3.16,13,65,7.06,9,126,2.56,14,78,11.18,7,325,0.61,12,229,4.09
19807,0,0.609,1.223,52,687,0.92,24,991,0.86,11,397,0.99,6,614,0.61,24,279,2.43,15,768,1.52
19143,0,0.608,0.817,212,2990,0.86,106,4001,0.94,62,3011,0.74,37,3788,0.61,166,4942,0.95,61,5906,0.81
15979,0,0.608,0.929,93,1497,0.76,41,1636,0.88,15,884,0.61,14,932,0.94,47,905,1.47,16,1362,0.92
28820,0,0.608,1.032,1814,30741,0.72,868,38878,0.79,304,17920,0.61,265,23808,0.69,919,12216,2.13,598,37216,1.25
9751,0,0.608,1.205,187,2417,0.94,115,3390,1.2,29,1710,0.61,31,2234,0.86,72,1027,1.98,56,2669,1.64
31467,0,0.608,1.67,8,37,2.64,2,44,1.6,5,51,3.51,1,61,1.02,2,93,0.61,1,123,0.63
14700,0,0.608,1.597,29,359,0.98,9,523,0.61,6,190,1.13,8,309,1.61,15,126,3.36,10,415,1.88
19429,0,0.608,1.058,35,448,0.95,9,523,0.61,12,408,1.05,8,504,0.99,31,476,1.84,9,775,0.91
20127,0,0.607,1.464,158,3172,0.61,111,4118,0.95,40,1987,0.72,35,2597,0.84,129,968,3.77,78,3204,1.9
28784,0,0.607,0.874,142,1595,1.09,65,2247,1.02,54,1972,0.98,25,2564,0.61,119,3694,0.91,34,4165,0.64
18746,0,0.607,0.874,261,2309,1.38,70,4074,0.61,135,4174,1.16,65,5420,0.75,178,7458,0.67,61,7004,0.68
1991,0,0.606,1.805,27,543,0.61,19,790,0.85,4,212,0.68,11,341,2.01,16,103,4.39,16,543,2.3
30912,0,0.606,1.179,200,3098,0.79,100,4040,0.87,51,3016,0.61,64,4158,0.96,135,1606,2.38,132,7002,1.47
12827,0,0.606,1.858,307,3484,1.07,66,3019,0.77,15,273,1.97,4,411,0.61,75,937,2.26,32,560,4.46
15063,0,0.606,1.652,56,837,0.82,45,1359,1.17,6,355,0.61,14,516,1.69,16,160,2.83,34,947,2.8
1911,0,0.606,1.057,25,473,0.64,10,583,0.61,8,238,1.21,3,276,0.68,13,168,2.19,6,458,1.02
9668,0,0.606,1.077,67,1349,0.61,46,1696,0.96,14,613,0.82,8,749,0.67,25,398,1.78,21,1001,1.64
6449,0,0.605,1.165,55,852,0.79,18,1050,0.61,15,418,1.29,7,528,0.83,24,299,2.27,10,640,1.22
8691,0,0.605,1.084,30,401,0.91,8,467,0.6,11,362,1.09,5,432,0.72,32,442,2.05,10,690,1.13
6240,0,0.605,1.087,2124,33711,0.77,1369,56913,0.85,520,27882,0.67,335,34511,0.6,1331,16293,2.31,924,54435,1.33
12501,0,0.605,0.838,73,1378,0.65,30,1499,0.71,10,593,0.6,8,805,0.62,20,394,1.43,15,1153,1.02
7633,0,0.604,3.261,22,101,2.66,30,144,7.36,15,169,3.18,13,285,2.84,19,889,0.6,20,533,2.93
8164,0,0.604,1.105,56,1131,0.6,27,1176,0.81,21,732,1.03,10,775,0.8,18,443,1.15,18,629,2.23
23424,0,0.603,0.982,115,987,1.42,56,1553,1.27,49,1907,0.92,28,2521,0.69,98,4589,0.6,45,3585,0.98
10238,0,0.603,0.767,27,483,0.68,12,596,0.71,9,335,0.96,4,413,0.6,13,359,1.02,5,630,0.62
4068,0,0.603,1.137,129,865,1.82,48,1138,1.49,27,1606,0.6,38,1898,1.25,84,3480,0.68,41,3263,0.98
10035,0,0.602,3.914,10332,123429,1.02,5156,179106,1.02,1408,83834,0.6,2210,119600,1.15,512,871,16.61,2912,73698,3.09
3386,0,0.602,0.771,67,1178,0.69,44,1579,0.98,17,961,0.63,16,1249,0.8,46,1417,0.92,16,2075,0.6
20548,0,0.602,1.068,18,234,0.94,20,343,2.06,9,536,0.6,12,651,1.15,34,1398,0.69,16,1285,0.97
5358,0,0.602,1.342,26,307,1.03,19,356,1.88,7,417,0.6,12,410,1.82,17,548,0.88,14,597,1.83
28616,0,0.601,1.091,144,1176,1.49,36,2114,0.6,48,1108,1.55,20,1079,1.15,22,678,0.92,9,849,0.83
600,0,0.601,1.205,327,4929,0.81,137,6555,0.74,42,2506,0.6,48,3478,0.86,123,1455,2.39,108,4602,1.83
353,0,0.6,1.537,47,457,1.25,31,564,1.94,28,609,1.65,37,1317,1.75,49,2306,0.6,34,1310,2.03
24959,0,0.6,2.624,628,9156,0.84,461,13451,1.21,46,2747,0.6,125,4949,1.57,80,267,8.47,206,5261,3.06
21528,0,0.6,0.903,131,1155,1.38,49,1600,1.08,53,2162,0.88,34,2846,0.74,123,4739,0.73,30,3905,0.6
29323,0,0.599,1.095,13,173,0.92,4,184,0.77,2,92,0.78,1,104,0.6,2,29,1.95,2,100,1.56
18962,0,0.599,1.015,78,1482,0.64,40,1830,0.77,16,958,0.6,14,1129,0.77,45,696,1.83,33,1744,1.48
22552,0,0.599,1.276,72,735,1.19,58,1070,1.91,41,1333,1.1,47,1619,1.81,71,3351,0.6,35,2639,1.04
4612,0,0.598,1.313,9,45,2.44,1,59,0.6,3,99,1.09,1,84,0.74,5,136,1.04,5,198,1.97
12787,0,0.598,1.214,20,408,0.6,17,564,1.06,4,226,0.63,6,323,1.16,14,170,2.33,8,416,1.5
29036,0,0.598,1.495,1,20,0.61,1,43,0.82,1,60,0.6,2,36,3.46,5,52,2.72,1,102,0.77
7052,0,0.598,1.422,60,850,0.86,28,1087,0.91,8,480,0.6,18,712,1.57,35,380,2.6,29,1140,1.99
15395,0,0.598,1.169,47,609,0.94,21,825,0.9,7,420,0.6,7,474,0.92,26,260,2.83,7,659,0.83
4702,0,0.597,0.801,425,5336,0.97,173,7225,0.85,147,6468,0.81,74,7725,0.6,368,11798,0.88,104,11674,0.7
27724,0,0.596,1.281,25,339,0.9,5,296,0.6,10,303,1.18,5,324,0.96,14,354,1.12,11,293,2.93
2492,0,0.596,1.234,142,1818,0.95,86,2587,1.17,12,671,0.64,11,1149,0.6,20,327,1.73,39,1316,2.31
9259,0,0.596,0.806,964,12310,0.95,298,13310,0.79,273,12656,0.77,172,14644,0.73,724,20647,0.99,165,21612,0.6
31946,0,0.596,1.499,5,21,2.9,1,22,1.6,4,70,2.05,1,51,1.22,2,91,0.62,1,131,0.6
30954,0,0.596,0.843,54,760,0.87,37,1179,1.11,6,361,0.6,5,513,0.61,14,373,1.06,5,475,0.82
1469,0,0.596,0.988,32,655,0.6,20,783,0.9,8,399,0.72,7,497,0.88,18,315,1.61,12,769,1.22
6740,0,0.596,1.247,35,341,1.25,21,474,1.56,27,541,1.79,19,737,1.61,34,1613,0.6,9,1037,0.68
28987,0,0.595,0.96,149,2529,0.72,62,2943,0.74,17,1024,0.6,21,1417,0.92,37,665,1.57,34,2204,1.2
25041,0,0.595,2.146,3,12,3.05,2,25,2.82,1,33,1.09,2,33,3.77,2,95,0.59,2,101,1.55
7828,0,0.595,1.928,4,82,0.59,3,85,1.25,6,81,2.66,3,87,2.15,6,73,2.32,4,120,2.6
9015,0,0.595,3.44,4,82,0.59,3,107,0.99,5,55,3.26,7,48,9.08,2,26,2.17,5,86,4.54
24769,0,0.595,1.689,2,41,0.59,5,54,3.27,1,44,0.81,4,64,3.89,2,88,0.64,1,85,0.92
15374,0,0.595,0.842,134,1755,0.93,61,2222,0.97,29,1748,0.59,24,2040,0.73,89,2386,1.05,35,3557,0.77
19968,0,0.595,1.536,1528,31338,0.59,930,38153,0.86,289,10296,1.01,411,15345,1.67,279,4806,1.64,609,13800,3.45
10864,0,0.594,0.816,1002,10375,1.18,274,16278,0.59,405,13141,1.1,179,15903,0.7,318,14347,0.63,160,18076,0.69
21547,0,0.594,0.788,685,12221,0.68,340,14761,0.81,163,9833,0.59,106,10300,0.64,301,6188,1.37,114,14317,0.62
22077,0,0.594,1.127,627,6060,1.26,355,8119,1.54,244,7667,1.14,270,12251,1.37,408,19413,0.59,174,16032,0.85
19114,0,0.594,1.01,86,1306,0.8,32,1442,0.78,19,1147,0.59,13,1260,0.64,85,1083,2.22,25,1920,1.02
4568,0,0.594,3.245,73,330,2.7,54,312,6.11,52,392,4.76,42,921,2.84,34,1618,0.59,38,1199,2.47
12192,0,0.594,0.972,285,5000,0.7,202,6974,1.02,52,3140,0.59,62,4137,0.93,136,2579,1.49,91,6471,1.1
9892,0,0.594,0.835,64,1077,0.72,43,1406,1.08,33,1401,0.84,16,1487,0.67,91,2349,1.09,17,2236,0.59
24039,0,0.593,1.55,22,452,0.59,18,425,1.5,22,446,1.77,20,518,2.4,25,737,0.96,15,564,2.08
10976,0,0.593,0.896,63,1295,0.59,44,1630,0.95,12,714,0.6,9,873,0.64,27,588,1.3,21,1276,1.28
24207,0,0.593,0.877,210,2857,0.9,127,3876,1.16,57,3088,0.66,37,3885,0.59,196,4929,1.12,65,6105,0.83
12986,0,0.593,1.141,87,1455,0.73,39,1780,0.77,11,665,0.59,11,850,0.81,35,401,2.47,25,1322,1.48
31171,0,0.593,1.025,374,5583,0.82,193,7784,0.88,67,4053,0.59,88,5418,1.01,215,3640,1.67,116,7650,1.18
30546,0,0.592,0.876,64,991,0.79,24,1316,0.64,13,787,0.59,14,927,0.94,41,786,1.47,18,1721,0.82
17123,0,0.592,1.293,151,926,1.99,53,1545,1.21,103,1940,1.9,49,2302,1.33,59,2816,0.59,23,2430,0.74
5472,0,0.592,1.08,549,8956,0.75,313,12615,0.88,118,7146,0.59,251,9337,1.67,359,8790,1.15,356,19317,1.44
4417,0,0.592,1.038,25,240,1.27,12,418,1.01,5,110,1.63,1,98,0.64,1,26,1.09,1,132,0.59
16889,0,0.591,0.758,547,6051,1.1,167,9218,0.64,248,10910,0.81,131,13797,0.59,542,19819,0.77,164,20404,0.63
30107,0,0.591,1.304,185,3125,0.72,104,3977,0.92,26,1577,0.59,48,2384,1.25,117,1175,2.81,75,3859,1.52
6321,0,0.591,0.929,113,1731,0.8,61,1792,1.2,41,2345,0.63,24,2529,0.59,139,2413,1.63,33,3515,0.73
10509,0,0.591,1.12,43,394,1.33,14,522,0.95,6,364,0.59,8,478,1.04,11,161,1.93,4,355,0.88
29400,0,0.59,1.979,6,124,0.59,6,161,1.32,7,115,2.18,3,124,1.51,5,86,1.64,6,101,4.64
13758,0,0.59,0.945,32,592,0.66,20,688,1.03,10,482,0.74,5,528,0.59,25,390,1.81,8,746,0.84
22236,0,0.589,1.42,32,662,0.59,33,703,1.66,5,220,0.81,6,359,1.04,16,163,2.77,10,475,1.64
14897,0,0.589,1.489,88,622,1.73,22,1318,0.59,43,554,2.78,20,632,1.97,14,593,0.67,7,457,1.2
19684,0,0.589,1.073,56,960,0.71,34,1279,0.94,12,730,0.59,10,938,0.66,37,537,1.95,26,1279,1.59
9410,0,0.589,1.379,44,911,0.59,35,1060,1.17,45,1016,1.59,40,1260,1.98,43,1387,0.88,38,1426,2.08
17408,0,0.589,1.068,61,652,1.14,19,701,0.96,7,401,0.63,6,320,1.17,3,144,0.59,2,81,1.93
17082,0,0.589,0.986,70,1160,0.74,31,1193,0.92,10,529,0.68,6,635,0.59,20,336,1.68,10,595,1.31
28054,0,0.588,1.143,128,1979,0.79,44,2640,0.59,36,1210,1.07,35,1632,1.34,61,1043,1.65,47,2570,1.43
19810,0,0.588,1.213,3,36,1.02,1,60,0.59,3,55,1.96,2,89,1.4,3,117,0.72,2,98,1.59
19836,0,0.588,0.881,31,511,0.74,20,734,0.96,9,475,0.68,7,550,0.79,22,408,1.52,6,797,0.59
20713,0,0.587,0.899,218,3419,0.78,63,3551,0.63,79,3021,0.94,39,3433,0.71,174,2796,1.76,36,4788,0.59
28164,0,0.587,2.566,95,524,2.21,69,554,4.4,84,764,3.94,69,2143,2.01,85,4094,0.59,69,2389,2.26
22763,0,0.587,2.043,43,490,1.07,47,557,2.98,32,680,1.69,34,571,3.71,22,1060,0.59,29,1017,2.23
11466,0,0.586,1.233,32,658,0.59,30,878,1.21,11,325,1.21,5,531,0.59,11,204,1.52,19,652,2.28
24368,0,0.586,0.729,62,896,0.84,19,1144,0.59,20,827,0.87,12,1168,0.64,44,1500,0.83,13,1677,0.61
1562,0,0.586,1.01,48,776,0.75,18,1084,0.59,3,162,0.66,4,341,0.73,3,58,1.46,8,335,1.86
266,0,0.585,0.958,57,862,0.81,28,896,1.1,15,919,0.59,14,998,0.87,65,1140,1.61,15,1524,0.77
27780,0,0.585,2.071,24,71,4.12,5,75,2.35,5,166,1.08,6,261,1.43,9,435,0.58,9,246,2.86
30854,0,0.584,0.991,40,646,0.76,14,847,0.58,12,560,0.77,8,740,0.67,33,439,2.12,12,897,1.04
14509,0,0.583,3.48,120,303,4.83,82,435,6.66,77,625,4.42,63,1878,2.09,77,3730,0.58,72,2438,2.31
24561,0,0.583,0.936,64,733,1.06,21,924,0.8,8,492,0.58,11,502,1.36,17,418,1.15,7,842,0.65
22687,0,0.583,1.03,143,2188,0.8,76,3004,0.89,24,1476,0.58,21,1895,0.69,63,957,1.86,39,2246,1.36
18037,0,0.583,0.785,142,1481,1.17,33,1999,0.58,44,2141,0.74,25,2513,0.62,78,2582,0.85,40,4185,0.75
20110,0,0.582,1.088,18,377,0.58,10,468,0.75,9,271,1.19,7,362,1.2,15,237,1.79,8,618,1.01
8447,0,0.582,0.771,281,3276,1.05,116,4752,0.86,85,5087,0.6,93,6473,0.89,224,10875,0.58,84,10174,0.64
7970,0,0.582,1.174,28,446,0.77,10,607,0.58,7,263,0.95,8,373,1.34,13,168,2.19,6,384,1.22
32634,0,0.581,0.804,8,149,0.65,2,92,0.77,3,185,0.58,2,198,0.63,8,239,0.95,5,313,1.25
16600,0,0.581,1.172,330,2256,1.78,105,3638,1.02,188,3987,1.69,97,5264,1.15,142,6904,0.58,69,6629,0.81
13785,0,0.581,1.164,15,210,0.87,4,243,0.58,4,164,0.87,2,88,1.42,1,16,1.77,1,53,1.47
16048,0,0.581,1.38,73,1151,0.77,38,1453,0.92,7,432,0.58,13,547,1.48,17,229,2.1,29,933,2.43
21410,0,0.581,4.145,2,42,0.58,2,60,1.18,6,32,6.72,4,35,7.12,1,16,1.77,5,52,7.51
30383,0,0.581,1.281,17,199,1.04,5,276,0.64,5,159,1.13,3,108,1.73,7,77,2.57,2,269,0.58
5044,0,0.58,0.901,2167,26986,0.98,386,23502,0.58,1188,41111,1.04,438,43080,0.63,4086,73301,1.58,504,65551,0.6
28595,0,0.58,1.046,141,2128,0.81,43,2619,0.58,27,1308,0.74,19,1599,0.74,73,928,2.22,27,1779,1.18
6425,0,0.58,1.005,62,841,0.9,14,853,0.58,20,787,0.91,12,915,0.82,61,944,1.83,16,1249,1.0
32712,0,0.579,0.916,295,3695,0.97,134,4371,1.08,44,2725,0.58,44,3619,0.76,71,2716,0.74,89,5094,1.36
8027,0,0.579,1.483,9,51,2.15,1,61,0.58,1,31,1.16,1,29,2.15,2,47,1.2,1,47,1.66
10637,0,0.579,1.506,16,146,1.34,15,327,1.62,9,329,0.98,13,314,2.58,12,586,0.58,12,483,1.94
19124,0,0.578,1.225,61,451,1.65,18,717,0.89,7,434,0.58,18,562,1.99,12,421,0.81,14,761,1.44
21597,0,0.578,0.879,56,1181,0.58,50,1640,1.08,16,983,0.58,17,1140,0.93,32,709,1.28,13,1224,0.83
2456,0,0.578,1.087,68,1124,0.74,29,1175,0.87,35,816,1.54,17,1100,0.96,66,1015,1.84,13,1757,0.58
22161,0,0.577,0.925,33,697,0.58,13,766,0.6,8,309,0.93,4,407,0.61,14,221,1.79,7,525,1.04
10126,0,0.577,1.081,381,2703,1.72,153,4715,1.15,201,5494,1.31,108,7190,0.94,223,10918,0.58,106,10361,0.8
7960,0,0.577,3.377,7,38,2.25,4,41,3.44,6,67,3.21,4,34,7.33,1,49,0.58,5,113,3.45
7145,0,0.576,1.434,166,2109,0.96,85,3162,0.95,27,1680,0.58,42,2225,1.18,87,735,3.34,80,3910,1.6
16733,0,0.576,1.032,89,904,1.2,58,1465,1.4,50,1689,1.06,39,2069,1.17,84,4124,0.58,38,3783,0.78
16778,0,0.575,1.033,52,455,1.39,13,608,0.75,9,561,0.58,10,549,1.13,15,263,1.61,7,748,0.73
6278,0,0.575,0.932,144,1326,1.32,70,2762,0.89,16,926,0.62,17,869,1.22,13,383,0.96,8,1087,0.57
28230,0,0.575,0.743,183,2430,0.92,65,3174,0.72,48,2489,0.69,32,3469,0.57,150,4845,0.87,43,4963,0.68
13645,0,0.574,1.705,16,104,1.88,10,136,2.6,9,211,1.53,7,229,1.9,9,443,0.57,9,402,1.75
2291,0,0.574,1.198,652,12265,0.65,579,18920,1.08,102,6370,0.57,121,8758,0.86,321,4329,2.1,362,14645,1.93
31302,0,0.574,1.081,14,232,0.74,7,189,1.31,7,189,1.33,2,217,0.57,13,230,1.6,3,249,0.94
32386,0,0.574,0.815,98,1430,0.84,39,1263,1.09,33,1757,0.67,15,1628,0.57,65,1642,1.12,13,1692,0.6
17999,0,0.574,0.821,468,6711,0.85,149,9168,0.57,109,5318,0.73,80,7963,0.63,141,3463,1.15,183,14420,0.99
8280,0,0.574,1.02,20,425,0.57,12,536,0.79,7,267,0.94,4,369,0.68,11,198,1.57,9,447,1.57
8044,0,0.574,0.972,216,3023,0.87,154,3931,1.38,97,3950,0.88,102,4685,1.36,138,6798,0.57,69,7044,0.76
24329,0,0.573,0.824,72,957,0.92,29,982,1.04,23,1092,0.76,18,1383,0.81,70,2341,0.85,15,2043,0.57
27174,0,0.573,1.081,345,2778,1.51,213,4569,1.65,170,5242,1.16,112,7718,0.9,229,11292,0.57,86,9804,0.68
1848,0,0.573,1.393,280,848,4.03,61,2447,0.88,37,1009,1.31,17,1314,0.81,29,1083,0.76,8,1090,0.57
4686,0,0.572,3.116,20,42,5.81,16,109,5.18,8,92,3.12,9,264,2.12,11,543,0.57,11,454,1.89
26164,0,0.572,0.798,599,6585,1.11,191,9790,0.69,292,11394,0.92,196,14169,0.86,396,19551,0.57,169,20779,0.64
26470,0,0.572,1.132,23,490,0.57,22,748,1.04,6,333,0.65,8,397,1.26,15,251,1.69,14,688,1.59
12560,0,0.572,0.973,220,2939,0.91,88,3497,0.89,103,3787,0.98,37,4027,0.57,214,3777,1.6,69,6068,0.89
3794,0,0.572,1.524,53,715,0.9,30,979,1.08,3,188,0.57,8,257,1.94,5,65,2.17,11,347,2.48
29134,0,0.572,1.189,46,855,0.66,26,1114,0.82,7,439,0.57,13,609,1.33,20,247,2.29,17,907,1.46
18152,0,0.572,1.942,108,935,1.41,80,1263,2.24,125,1390,3.22,106,2756,2.4,104,5142,0.57,72,3097,1.82
24951,0,0.571,0.842,327,3677,1.08,98,5734,0.6,205,6568,1.12,120,8642,0.86,275,13599,0.57,124,12010,0.81
12668,0,0.571,1.048,64,828,0.94,18,1113,0.57,16,597,0.96,8,844,0.59,40,531,2.13,15,1069,1.1
32626,0,0.571,0.774,729,7598,1.17,183,11324,0.57,303,11724,0.93,172,14463,0.74,519,22236,0.66,168,22790,0.58
14074,0,0.571,1.594,62,1325,0.57,56,2021,0.98,7,395,0.64,15,739,1.26,9,131,1.94,46,861,4.17
26963,0,0.57,1.097,35,530,0.81,22,678,1.15,10,399,0.9,5,546,0.57,16,289,1.56,16,781,1.6
29593,0,0.57,0.906,121,1834,0.8,45,2367,0.67,32,1436,0.8,16,1748,0.57,39,826,1.33,38,2355,1.26
30549,0,0.57,0.955,32,211,1.85,9,308,1.03,9,483,0.67,8,534,0.93,35,1459,0.68,8,1096,0.57
7786,0,0.57,1.315,8,42,2.32,1,56,0.63,4,51,2.81,1,69,0.9,4,174,0.65,1,137,0.57
27032,0,0.57,2.659,7,36,2.37,6,34,6.23,5,55,3.26,2,73,1.71,7,109,1.81,1,137,0.57
31458,0,0.569,1.95,13,231,0.69,6,111,1.91,3,189,0.57,8,213,2.34,20,120,4.71,4,210,1.49
10386,0,0.569,1.335,150,2400,0.76,90,3479,0.91,5,315,0.57,12,604,1.24,2,29,1.95,11,333,2.58
15031,0,0.569,1.845,24,316,0.93,18,431,1.47,2,126,0.57,8,173,2.88,6,103,1.65,18,393,3.58
25646,0,0.569,1.348,14,183,0.93,4,224,0.63,2,126,0.57,3,121,1.54,3,54,1.57,6,165,2.84
6218,0,0.569,1.509,43,343,1.53,30,407,2.6,15,403,1.33,15,548,1.7,31,666,1.32,6,824,0.57
4413,0,0.568,1.021,32,374,1.04,18,442,1.44,12,757,0.57,8,736,0.68,33,742,1.26,15,1027,1.14
10676,0,0.568,1.175,66,609,1.32,15,932,0.57,8,305,0.94,6,361,1.04,10,171,1.65,9,459,1.53
8858,0,0.568,0.823,208,2710,0.94,96,3320,1.02,69,3480,0.71,42,4048,0.65,244,6545,1.05,45,6186,0.57
28919,0,0.568,1.673,57,532,1.31,45,715,2.22,44,667,2.37,44,1617,1.69,63,3135,0.57,38,1579,1.88
13179,0,0.568,0.875,818,8130,1.23,347,11634,1.05,305,12723,0.86,229,17198,0.83,501,24936,0.57,220,24156,0.71
29669,0,0.568,0.802,53,1006,0.64,23,1366,0.59,13,821,0.57,15,1126,0.83,43,861,1.41,15,1533,0.76
30604,0,0.568,0.986,153,2599,0.72,74,3344,0.78,26,1642,0.57,28,2464,0.71,43,825,1.47,62,2904,1.67
31934,0,0.567,1.12,1357,16922,0.98,581,19555,1.05,184,9191,0.72,128,10868,0.73,740,7825,2.67,192,26418,0.57
9295,0,0.567,1.094,161,1336,1.47,33,2054,0.57,49,2613,0.67,89,3480,1.59,101,4953,0.58,113,5235,1.69
8591,0,0.567,1.701,48,1032,0.57,38,1427,0.94,7,335,0.75,16,634,1.57,26,188,3.91,27,854,2.47
28453,0,0.567,1.526,4,86,0.57,7,75,3.3,1,40,0.9,1,47,1.33,2,26,2.17,1,87,0.9
14526,0,0.567,1.14,86,1531,0.68,46,1793,0.91,13,822,0.57,16,956,1.04,44,663,1.88,31,1374,1.76
23046,0,0.566,0.885,305,3118,1.19,172,4856,1.25,120,5671,0.76,85,6763,0.78,307,11398,0.76,83,11443,0.57
15539,0,0.566,1.481,107,1821,0.72,84,2358,1.26,16,1013,0.57,32,1631,1.22,61,578,2.98,71,2588,2.14
31900,0,0.566,0.948,46,528,1.06,10,596,0.59,13,333,1.4,4,440,0.57,15,369,1.15,7,594,0.92
32096,0,0.566,1.029,578,7454,0.95,266,9436,1.0,110,4441,0.89,62,6822,0.57,149,3660,1.15,172,8258,1.63
22872,0,0.566,0.885,129,1799,0.87,29,1809,0.57,49,1614,1.09,27,1659,1.01,66,1684,1.11,20,2365,0.66
22576,0,0.566,0.85,60,915,0.8,17,812,0.74,13,636,0.73,10,844,0.74,39,723,1.52,7,966,0.57
27737,0,0.565,1.24,94,1321,0.87,54,1606,1.19,12,761,0.57,20,1002,1.24,34,470,2.04,27,1376,1.53
11049,0,0.565,1.003,9,82,1.34,8,161,1.75,5,227,0.79,5,354,0.88,16,800,0.57,6,680,0.69
5277,0,0.565,1.064,2,31,0.79,2,42,1.68,2,55,1.3,1,79,0.79,2,100,0.57,2,124,1.26
1631,0,0.565,1.308,19,116,2.0,2,125,0.56,11,134,2.94,2,162,0.77,3,95,0.89,1,115,0.68
28396,0,0.565,1.027,28,434,0.79,19,595,1.13,6,213,1.01,4,321,0.78,10,149,1.9,4,553,0.56
5482,0,0.564,0.793,279,4536,0.75,79,4737,0.59,81,5152,0.56,88,6305,0.87,257,6133,1.18,82,7984,0.8
9187,0,0.564,2.193,218,1190,2.23,151,1502,3.55,168,2077,2.9,129,3822,2.1,161,8072,0.56,123,5309,1.81
22633,0,0.564,1.493,94,863,1.33,68,1070,2.24,54,1030,1.88,39,1708,1.42,67,3360,0.56,44,2263,1.52
21370,0,0.563,0.929,21,227,1.13,15,373,1.42,6,338,0.64,6,368,1.02,11,552,0.56,7,673,0.81
17833,0,0.563,0.824,690,6645,1.27,298,9259,1.14,161,9715,0.59,154,12272,0.78,430,20111,0.6,142,19689,0.56
21448,0,0.563,0.882,74,571,1.58,16,755,0.75,19,778,0.88,10,1107,0.56,29,1238,0.66,16,1447,0.86
31280,0,0.562,1.154,39,846,0.56,25,933,0.95,8,382,0.75,11,532,1.29,24,340,1.99,15,848,1.38
31220,0,0.562,1.247,135,809,2.03,30,1157,0.92,78,1472,1.9,38,2242,1.06,61,3067,0.56,30,2311,1.01
23581,0,0.562,1.289,14,304,0.56,13,365,1.26,4,237,0.61,8,292,1.71,17,198,2.43,7,464,1.18
18790,0,0.562,1.104,113,992,1.39,34,1420,0.85,65,1892,1.23,46,2326,1.23,92,4630,0.56,68,3897,1.36
10598,0,0.561,1.097,45,455,1.21,29,547,1.87,22,1022,0.77,30,1403,1.33,59,2971,0.56,25,2323,0.84
10893,0,0.561,0.961,38,591,0.78,18,723,0.88,6,338,0.64,4,444,0.56,13,197,1.86,7,525,1.04
2864,0,0.561,0.925,1609,13228,1.48,566,19659,1.02,827,27205,1.09,429,34079,0.78,1324,66681,0.56,396,50233,0.62
989,0,0.561,0.965,79,603,1.6,20,827,0.85,14,613,0.82,12,691,1.08,13,655,0.56,7,622,0.88
29511,0,0.561,1.633,16,348,0.56,18,482,1.32,5,222,0.81,11,261,2.62,11,97,3.2,5,304,1.28
1707,0,0.561,1.316,48,513,1.14,12,391,1.08,17,271,2.25,9,1000,0.56,1,35,0.81,1,38,2.05
11914,0,0.56,1.186,23,333,0.84,6,378,0.56,7,194,1.29,5,263,1.18,13,178,2.06,7,467,1.17
12399,0,0.56,1.283,62,410,1.84,16,612,0.92,40,810,1.77,15,1051,0.89,28,1412,0.56,26,1186,1.71
24633,0,0.56,1.148,61,479,1.55,32,604,1.87,18,730,0.88,15,900,1.04,25,1261,0.56,16,1275,0.98
18753,0,0.56,1.163,12,113,1.29,8,179,1.58,3,192,0.56,4,151,1.65,9,247,1.03,3,271,0.86
169,0,0.56,2.47,4,67,0.73,6,74,2.86,1,64,0.56,3,58,3.22,6,31,5.47,2,79,1.98
21372,0,0.56,0.915,224,2858,0.96,134,4196,1.13,39,2496,0.56,41,3250,0.79,114,3030,1.06,61,4772,1.0
11212,0,0.56,1.462,30,157,2.33,17,220,2.73,7,418,0.6,8,297,1.68,15,757,0.56,8,714,0.87
596,0,0.56,1.367,22,153,1.75,16,223,2.53,11,295,1.34,7,428,1.02,17,858,0.56,9,703,1.0
14209,0,0.56,0.879,40,591,0.83,19,776,0.86,5,314,0.57,4,445,0.56,9,284,0.9,13,652,1.56
2511,0,0.56,0.803,216,2640,1.0,84,3369,0.88,62,3378,0.66,34,3783,0.56,185,5517,0.95,59,5962,0.77
28293,0,0.559,1.345,84,606,1.69,25,1098,0.8,56,989,2.03,33,1500,1.37,55,2779,0.56,40,1933,1.62
6483,0,0.559,1.268,2109,16102,1.6,1011,27966,1.28,995,26220,1.36,883,33707,1.63,1070,54110,0.56,795,52485,1.18
13495,0,0.558,0.857,306,2551,1.46,80,3931,0.72,98,3731,0.94,67,5337,0.78,176,7320,0.68,50,6991,0.56
780,0,0.558,1.919,42,524,0.98,32,852,1.33,4,257,0.56,10,414,1.5,21,126,4.71,17,545,2.44
21141,0,0.558,1.193,28,448,0.76,10,599,0.59,4,257,0.56,4,392,0.64,27,228,3.35,9,555,1.27
18750,0,0.558,0.94,29,398,0.89,6,380,0.56,7,187,1.34,3,257,0.73,10,183,1.54,2,270,0.58
28536,0,0.557,2.408,116,539,2.62,67,675,3.5,93,880,3.79,73,2300,1.98,79,4006,0.56,67,2622,2.0
9761,0,0.557,1.177,28,613,0.56,30,567,1.87,10,382,0.94,9,498,1.13,22,341,1.82,5,522,0.75
30580,0,0.557,0.89,163,1636,1.21,57,2598,0.77,104,3213,1.16,56,4001,0.87,175,6498,0.76,45,6309,0.56
10831,0,0.557,0.953,23,475,0.59,15,590,0.9,11,324,1.22,7,420,1.04,14,279,1.42,4,561,0.56
24619,0,0.557,1.215,139,2875,0.59,59,3656,0.57,25,1610,0.56,60,2043,1.83,97,1164,2.35,68,3826,1.39
32587,0,0.557,1.062,88,885,1.21,66,2593,0.9,49,1113,1.58,8,849,0.59,48,883,1.54,11,1543,0.56
10247,0,0.556,0.874,51,946,0.66,17,1079,0.56,11,511,0.77,6,578,0.65,28,443,1.79,10,946,0.83
6909,0,0.556,0.983,57,867,0.8,28,803,1.23,18,828,0.78,8,896,0.56,56,872,1.81,11,1205,0.71
19144,0,0.556,0.979,11,83,1.62,2,127,0.56,4,136,1.05,2,159,0.78,5,195,0.72,3,206,1.14
7335,0,0.556,0.845,10,119,1.02,4,147,0.96,2,129,0.56,3,156,1.2,2,88,0.64,2,226,0.69
29393,0,0.555,0.837,76,665,1.39,19,831,0.81,6,386,0.56,6,482,0.78,10,302,0.94,5,703,0.56
5096,0,0.555,0.747,261,4854,0.66,74,4115,0.63,46,2971,0.56,56,3759,0.93,66,2164,0.86,52,4800,0.85
12642,0,0.554,0.972,56,822,0.83,35,1161,1.06,9,582,0.55,9,774,0.72,16,373,1.21,17,917,1.45
11550,0,0.554,1.331,81,515,1.92,33,713,1.63,44,914,1.73,21,1458,0.9,54,2753,0.55,34,2116,1.25
27953,0,0.554,1.24,3,23,1.59,1,29,1.22,1,33,1.09,2,56,2.22,2,102,0.55,1,102,0.77
7676,0,0.554,0.894,87,1335,0.79,40,1644,0.86,19,1220,0.56,12,1350,0.55,54,865,1.76,23,2147,0.84
13849,0,0.553,2.943,107,596,2.19,100,699,5.05,111,1007,3.95,133,2469,3.36,92,4699,0.55,95,2900,2.56
27607,0,0.553,0.753,143,2056,0.85,50,2522,0.7,16,970,0.59,19,1216,0.97,95,3145,0.85,16,2258,0.55
32591,0,0.553,2.447,114,755,1.84,109,921,4.18,108,1220,3.17,131,3026,2.7,115,5874,0.55,99,3453,2.24
26533,0,0.553,0.833,145,2100,0.84,54,2292,0.83,65,2434,0.96,21,2366,0.55,78,2489,0.89,29,2439,0.93
4306,0,0.553,1.457,35,564,0.76,28,923,1.07,5,209,0.86,3,338,0.55,9,111,2.29,23,559,3.21
16178,0,0.552,0.728,78,1304,0.73,32,1710,0.66,30,1947,0.55,25,2139,0.73,91,2658,0.97,32,3417,0.73
23179,0,0.552,1.091,12,155,0.94,4,256,0.55,5,175,1.02,6,184,2.03,4,140,0.81,4,263,1.19
14006,0,0.552,1.715,21,105,2.44,10,170,2.08,14,247,2.03,7,278,1.57,9,461,0.55,9,433,1.62
24504,0,0.552,1.02,33,534,0.75,15,632,0.84,7,455,0.55,8,560,0.89,33,418,2.23,9,818,0.86
237,0,0.552,1.064,21,403,0.64,19,557,1.2,3,195,0.55,3,237,0.79,11,138,2.25,3,246,0.95
18978,0,0.551,1.239,53,752,0.86,17,1090,0.55,8,469,0.61,12,672,1.11,36,391,2.6,20,919,1.7
8335,0,0.55,1.267,48,947,0.62,22,1109,0.7,7,456,0.55,17,674,1.57,24,331,2.05,26,960,2.11
32421,0,0.55,1.049,94,1591,0.72,38,2117,0.63,19,1238,0.55,28,1729,1.01,54,763,2.0,43,2426,1.38
8583,0,0.55,1.121,980,14061,0.85,238,15289,0.55,979,29592,1.19,617,38723,0.99,2815,38905,2.04,801,56565,1.11
24232,0,0.549,1.268,81,1385,0.71,47,1774,0.94,8,522,0.55,14,738,1.18,16,220,2.06,23,827,2.17
31370,0,0.549,1.01,234,3335,0.86,125,4154,1.06,36,2350,0.55,40,2957,0.84,94,1944,1.37,61,3445,1.38
30328,0,0.549,2.052,117,712,2.0,76,805,3.33,105,1269,2.97,93,3383,1.71,114,5866,0.55,82,3665,1.75
27503,0,0.549,1.686,25,231,1.32,30,371,2.86,15,391,1.38,18,494,2.27,32,1647,0.55,23,1027,1.75
24580,0,0.549,1.45,14,311,0.55,8,452,0.62,3,143,0.75,7,218,2.0,6,85,1.99,12,337,2.78
30148,0,0.549,0.823,131,1267,1.26,39,1879,0.73,19,1241,0.55,19,1397,0.85,44,1385,0.9,17,2035,0.65
18322,0,0.549,0.802,387,4100,1.15,137,5613,0.86,124,6876,0.65,115,8258,0.87,265,13646,0.55,132,14042,0.73
19373,0,0.548,1.147,67,1123,0.73,49,1585,1.09,8,523,0.55,8,829,0.6,15,305,1.39,35,1082,2.53
18530,0,0.548,1.002,39,769,0.62,37,899,1.45,8,523,0.55,7,659,0.66,17,454,1.06,16,748,1.67
20428,0,0.548,0.973,75,697,1.31,40,1264,1.12,33,1266,0.93,27,1807,0.93,58,2989,0.55,34,2660,1.0
7580,0,0.547,0.977,44,750,0.72,14,903,0.55,9,565,0.57,8,661,0.75,36,513,1.98,17,1028,1.29
10784,0,0.547,1.216,42,669,0.77,20,997,0.71,4,262,0.55,5,440,0.71,8,122,1.85,16,460,2.72
32406,0,0.547,0.805,46,689,0.81,16,904,0.62,10,431,0.83,6,631,0.59,22,438,1.42,6,857,0.55
17357,0,0.547,1.152,49,980,0.61,33,1321,0.88,5,328,0.55,12,526,1.42,12,190,1.78,16,750,1.67
28514,0,0.547,1.053,43,768,0.68,29,993,1.03,5,328,0.55,8,535,0.93,11,179,1.74,12,673,1.39
17652,0,0.546,0.959,181,1498,1.47,77,2536,1.07,95,2770,1.23,33,3354,0.61,102,3510,0.82,32,4574,0.55
11953,0,0.546,1.894,230,1387,2.02,118,1847,2.26,170,2258,2.7,122,4252,1.79,168,8693,0.55,133,5059,2.05
6894,0,0.546,1.161,54,924,0.71,18,1164,0.55,9,459,0.7,10,600,1.04,21,276,2.15,18,774,1.82
11271,0,0.545,1.114,8,73,1.34,6,133,1.59,7,183,1.37,5,320,0.97,13,674,0.55,5,451,0.87
15325,0,0.545,0.916,336,4692,0.87,185,5385,1.21,62,4080,0.54,57,4643,0.76,194,5407,1.01,96,6884,1.09
27225,0,0.544,0.898,3369,58883,0.7,1293,68098,0.67,403,26558,0.54,565,38518,0.91,1381,26021,1.5,830,60905,1.06
29451,0,0.544,1.048,39,647,0.73,22,893,0.87,8,297,0.97,4,458,0.54,11,217,1.43,15,673,1.74
27753,0,0.543,0.868,77,1057,0.89,28,1318,0.75,11,726,0.54,9,948,0.59,40,672,1.68,12,1242,0.75
4673,0,0.543,1.313,20,268,0.91,11,391,0.99,1,66,0.54,4,106,2.35,2,33,1.71,2,114,1.37
9185,0,0.543,3.338,34,495,0.84,48,971,1.75,1,66,0.54,4,211,1.18,1,4,7.06,48,433,8.66
27439,0,0.543,0.838,22,469,0.57,14,613,0.81,3,198,0.54,4,246,1.01,4,112,1.01,5,360,1.08
28615,0,0.543,0.951,19,423,0.55,10,647,0.55,7,266,0.94,3,344,0.54,7,174,1.14,8,314,1.99
3426,0,0.543,1.045,39,564,0.84,22,566,1.37,13,579,0.8,10,523,1.19,35,652,1.52,4,575,0.54
10730,0,0.543,1.013,30,488,0.75,11,520,0.75,12,368,1.17,4,459,0.54,26,373,1.97,8,692,0.9
29848,0,0.543,0.813,529,6028,1.07,251,8314,1.07,210,9717,0.77,150,12386,0.75,369,19215,0.54,158,18350,0.67
19799,0,0.542,1.133,190,2678,0.87,97,3854,0.89,22,1454,0.54,20,1848,0.67,63,903,1.97,63,2653,1.85
19498,0,0.542,1.399,146,1066,1.67,64,1405,1.61,77,1609,1.72,51,2542,1.25,73,3803,0.54,65,3162,1.61
23699,0,0.542,1.161,49,505,1.18,36,634,2.0,12,651,0.66,19,738,1.6,22,1147,0.54,12,962,0.97
23659,0,0.542,1.299,47,527,1.09,20,752,0.94,6,397,0.54,12,554,1.35,28,308,2.57,14,837,1.31
6697,0,0.541,1.417,207,2828,0.89,132,4079,1.14,19,1258,0.54,17,1758,0.6,63,625,2.85,73,2303,2.47
27314,0,0.541,0.836,415,3192,1.59,105,5662,0.65,64,2975,0.77,31,3569,0.54,99,3966,0.71,42,4308,0.76
7458,0,0.541,3.515,11,248,0.54,8,237,1.19,7,174,1.44,22,138,9.93,5,82,1.72,13,162,6.27
7177,0,0.541,0.975,53,406,1.59,20,606,1.17,16,813,0.71,16,914,1.09,30,1568,0.54,15,1554,0.75
8551,0,0.54,1.44,24,480,0.61,15,692,0.77,3,199,0.54,7,289,1.51,8,81,2.79,15,483,2.42
3785,0,0.54,1.108,114,1606,0.87,86,2590,1.17,16,1062,0.54,31,1580,1.22,39,1315,0.84,60,2332,2.01
21180,0,0.539,0.839,35,764,0.56,22,839,0.93,8,433,0.66,4,462,0.54,18,316,1.61,5,530,0.74
26947,0,0.539,1.126,48,563,1.04,14,782,0.63,8,532,0.54,11,908,0.75,22,220,2.83,14,1135,0.96
9400,0,0.539,1.029,120,1719,0.85,46,2236,0.73,14,932,0.54,13,1236,0.66,41,717,1.62,41,1790,1.79
25788,0,0.538,0.94,141,2014,0.85,55,2588,0.75,45,2090,0.77,20,2314,0.54,127,2138,1.68,50,3725,1.05
26750,0,0.538,0.902,2238,22186,1.23,711,25923,0.97,1093,33230,1.18,676,46347,0.91,1544,81085,0.54,486,64754,0.59
17575,0,0.538,0.702,640,7106,1.1,212,9733,0.77,160,10291,0.56,147,13378,0.68,427,22434,0.54,162,22365,0.57
21977,0,0.538,1.478,29,540,0.65,20,765,0.92,3,200,0.54,7,345,1.26,8,98,2.31,23,564,3.18
17381,0,0.538,0.824,415,4893,1.03,188,7084,0.94,174,7764,0.8,166,9509,1.09,268,13865,0.55,103,14959,0.54
21473,0,0.538,1.145,56,686,1.0,21,819,0.91,23,684,1.21,7,811,0.54,57,697,2.31,12,1023,0.92
24391,0,0.538,1.203,34,483,0.86,44,549,2.83,10,667,0.54,18,713,1.57,12,608,0.56,13,1174,0.86
20102,0,0.537,1.076,186,3233,0.7,108,4042,0.94,24,1602,0.54,26,2201,0.74,70,1037,1.91,67,3206,1.63
13920,0,0.537,0.819,65,796,1.0,29,1244,0.82,26,1131,0.82,11,1276,0.54,56,1968,0.8,24,2021,0.93
8177,0,0.537,0.999,7,159,0.54,7,162,1.53,9,279,1.16,6,340,1.1,13,576,0.64,5,376,1.04
20959,0,0.537,1.001,82,1599,0.63,49,2166,0.8,15,1002,0.54,17,1433,0.74,49,722,1.92,31,1741,1.39
3430,0,0.536,0.942,49,555,1.08,13,734,0.63,6,401,0.54,5,477,0.65,19,313,1.72,8,598,1.04
10631,0,0.536,0.753,1320,17589,0.92,410,19547,0.74,506,22200,0.82,209,24267,0.54,1462,43583,0.95,279,38809,0.56
30193,0,0.536,0.852,573,8209,0.85,120,7904,0.54,163,8191,0.71,82,9168,0.56,553,9019,1.73,152,16448,0.72
24629,0,0.536,1.054,29,433,0.82,9,593,0.54,8,364,0.79,7,428,1.02,24,305,2.22,8,665,0.94
5934,0,0.536,0.885,276,2580,1.3,103,3434,1.06,117,5090,0.82,94,6354,0.92,220,11603,0.54,107,12593,0.66
31888,0,0.535,0.846,149,2043,0.89,59,2658,0.78,52,2094,0.89,38,2823,0.84,146,3632,1.14,29,4229,0.54
5018,0,0.535,1.533,49,774,0.77,52,1205,1.52,4,268,0.54,9,465,1.21,17,150,3.2,18,717,1.96
18773,0,0.535,0.979,11,158,0.85,3,198,0.53,8,153,1.87,3,210,0.89,5,138,1.02,2,223,0.7
25147,0,0.535,0.922,172,1971,1.06,55,1822,1.07,69,2269,1.09,29,2547,0.71,137,3630,1.07,21,3066,0.53
8876,0,0.535,0.875,33,511,0.79,24,804,1.05,7,351,0.71,4,466,0.53,8,248,0.91,11,688,1.25
4216,0,0.534,0.956,489,10872,0.55,340,12404,0.97,140,6747,0.74,139,9225,0.94,290,4091,2.0,103,15053,0.53
2376,0,0.534,1.615,26,206,1.54,14,193,2.56,6,152,1.42,5,143,2.18,11,582,0.53,8,427,1.46
27642,0,0.534,1.371,27,301,1.09,11,360,1.08,6,185,1.16,6,272,1.37,15,142,2.99,3,439,0.53
21634,0,0.533,0.987,13,130,1.22,6,184,1.15,2,65,1.1,2,100,1.25,1,53,0.53,1,117,0.67
8908,0,0.533,1.333,49,519,1.15,18,757,0.84,7,183,1.37,5,290,1.07,9,84,3.03,2,293,0.53
26118,0,0.533,1.555,18,120,1.83,4,192,0.74,11,214,1.84,7,126,3.46,15,796,0.53,6,503,0.93
29602,0,0.532,1.436,11,241,0.56,24,440,1.93,166,11191,0.53,103,10874,0.59,4116,31516,3.69,2632,155404,1.32
15309,0,0.531,0.963,28,399,0.86,8,532,0.53,12,326,1.32,5,391,0.8,11,284,1.09,8,530,1.18
18462,0,0.531,0.95,65,702,1.13,14,931,0.53,7,424,0.59,5,529,0.59,25,341,2.07,9,889,0.79
14005,0,0.531,0.941,35,577,0.74,17,749,0.8,6,373,0.58,3,352,0.53,17,232,2.07,6,504,0.93
17025,0,0.531,1.148,297,2582,1.4,106,3813,0.98,123,4108,1.07,47,5515,0.53,263,3519,2.11,67,6659,0.79
23274,0,0.53,0.862,148,1660,1.09,88,2418,1.29,34,2298,0.53,38,2721,0.87,79,3563,0.63,44,4460,0.77
20118,0,0.53,1.888,63,1246,0.62,54,1825,1.04,5,338,0.53,10,634,0.98,16,104,4.35,40,821,3.8
2013,0,0.53,1.525,32,429,0.91,10,526,0.67,3,203,0.53,11,208,3.29,12,157,2.16,7,345,1.58
14871,0,0.529,1.212,188,2060,1.11,213,2292,3.28,68,3135,0.78,49,3300,0.92,128,6834,0.53,54,6551,0.64
4464,0,0.529,0.888,169,2341,0.88,38,2535,0.53,68,2774,0.88,26,2864,0.57,162,2760,1.66,49,4691,0.82
18900,0,0.529,0.908,98,1354,0.88,30,1754,0.6,16,924,0.62,10,1177,0.53,42,770,1.54,26,1595,1.27
11861,0,0.529,0.862,75,710,1.29,25,929,0.95,25,971,0.92,11,1189,0.58,52,1618,0.91,13,1919,0.53
6725,0,0.529,1.525,60,655,1.12,32,841,1.34,5,339,0.53,13,483,1.68,20,266,2.12,23,761,2.36
21091,0,0.529,0.714,460,4888,1.15,123,6581,0.66,117,7235,0.58,102,9162,0.69,236,12615,0.53,116,13428,0.67
2071,0,0.529,1.854,72,346,2.54,34,479,2.51,9,426,0.76,6,707,0.53,24,523,1.3,30,670,3.5
28088,0,0.528,1.36,40,711,0.69,38,948,1.42,7,475,0.53,12,666,1.12,30,331,2.56,23,971,1.85
28075,0,0.528,1.227,38,305,1.52,14,429,1.15,25,510,1.76,18,824,1.36,30,1605,0.53,15,1122,1.04
25836,0,0.528,1.089,754,13692,0.67,365,19213,0.67,113,7671,0.53,159,10298,0.96,220,3202,1.94,439,19448,1.76
5477,0,0.528,0.939,449,3875,1.41,138,5882,0.83,277,7482,1.33,153,9914,0.96,301,16117,0.53,99,13473,0.57
31405,0,0.528,0.929,469,3914,1.46,138,6233,0.78,228,6565,1.25,131,8754,0.93,237,10713,0.63,84,12432,0.53
31843,0,0.527,1.406,16,370,0.53,16,515,1.1,14,444,1.13,18,482,2.33,12,282,1.2,14,508,2.15
1858,0,0.527,1.37,30,430,0.85,16,552,1.02,3,204,0.53,4,304,0.82,15,176,2.41,17,512,2.59
30457,0,0.527,2.824,6,63,1.16,1,29,1.22,1,68,0.53,11,64,10.71,5,229,0.62,8,230,2.72
15938,0,0.527,0.979,49,791,0.76,15,1005,0.53,17,552,1.1,8,689,0.72,30,443,1.91,10,917,0.85
31754,0,0.527,0.693,58,866,0.82,22,1342,0.58,31,1716,0.65,23,1968,0.73,90,2955,0.86,21,3112,0.53
30378,0,0.526,1.005,74,973,0.93,39,1469,0.94,10,681,0.53,17,921,1.15,32,521,1.74,13,1350,0.75
1098,0,0.526,0.92,47,675,0.85,11,666,0.58,15,696,0.77,12,635,1.18,23,403,1.61,3,445,0.53
28036,0,0.526,1.372,24,556,0.53,23,801,1.01,8,247,1.16,10,380,1.64,16,175,2.58,9,538,1.31
7931,0,0.526,0.787,107,1392,0.94,29,1881,0.54,35,1830,0.69,52,2466,1.31,61,2405,0.72,20,2969,0.53
19535,0,0.526,1.197,21,487,0.53,29,565,1.81,9,385,0.84,9,416,1.35,20,328,1.72,8,669,0.93
30271,0,0.526,1.633,53,647,1.0,12,806,0.53,7,225,1.12,13,382,2.12,16,152,2.97,14,530,2.06
25654,0,0.525,1.11,203,1458,1.7,79,2374,1.17,132,2864,1.65,62,3987,0.97,126,6777,0.53,45,5466,0.64
279,0,0.525,1.053,46,696,0.81,11,736,0.53,6,410,0.52,5,497,0.63,29,338,2.42,15,830,1.41
1346,0,0.525,1.061,230,2414,1.16,112,3203,1.23,57,2617,0.78,88,3997,1.37,94,5064,0.52,82,4947,1.29
7000,0,0.524,0.913,951,14831,0.78,370,20181,0.65,176,12034,0.52,343,14718,1.45,379,8095,1.32,232,24206,0.75
7573,0,0.524,0.715,242,2782,1.06,80,3632,0.78,64,4379,0.52,61,5089,0.75,137,6615,0.59,62,8086,0.6
11164,0,0.524,0.747,128,1649,0.95,54,2039,0.94,38,2455,0.55,33,2858,0.72,99,3491,0.8,30,4471,0.52
20925,0,0.523,1.587,45,529,1.04,20,750,0.94,23,398,2.07,13,814,0.99,6,324,0.52,98,1935,3.95
2063,0,0.523,1.351,35,348,1.23,36,434,2.93,17,691,0.88,21,842,1.55,35,1890,0.52,20,1572,0.99
23587,0,0.523,1.051,16,207,0.94,11,244,1.59,8,236,1.22,3,252,0.74,7,378,0.52,9,544,1.29
18132,0,0.523,1.202,522,6794,0.94,225,9129,0.87,59,4042,0.52,121,6239,1.21,167,2105,2.24,184,10043,1.43
28882,0,0.523,1.171,14,291,0.59,14,436,1.13,24,323,2.66,6,393,0.95,24,582,1.17,4,597,0.52
2895,0,0.523,0.8,497,4030,1.5,152,6959,0.77,139,6675,0.75,95,8198,0.72,257,13889,0.52,92,13385,0.54
8332,0,0.523,1.138,99,1188,1.02,68,1355,1.77,34,1751,0.7,50,2308,1.35,55,2973,0.52,52,2763,1.47
31340,0,0.523,0.905,235,2306,1.24,121,2898,1.47,53,3256,0.58,54,4108,0.82,136,7355,0.52,61,6061,0.79
2661,0,0.522,1.03,39,911,0.52,28,1166,0.85,6,410,0.52,13,565,1.43,11,243,1.28,15,744,1.57
29759,0,0.522,1.263,34,643,0.64,28,910,1.09,25,494,1.81,14,412,2.12,7,379,0.52,10,561,1.39
13665,0,0.522,0.901,61,768,0.97,24,909,0.93,36,1170,1.1,21,1252,1.04,42,1419,0.84,13,1945,0.52
16495,0,0.522,1.321,67,922,0.89,34,1321,0.91,7,481,0.52,14,631,1.38,29,308,2.66,21,1047,1.57
19576,0,0.522,0.778,186,2088,1.09,43,2361,0.64,60,2384,0.9,34,3172,0.67,144,4793,0.85,30,4491,0.52
15354,0,0.522,0.823,34,335,1.24,11,397,0.98,14,484,1.04,7,836,0.52,40,1936,0.58,8,1079,0.58
23301,0,0.522,0.849,2193,32927,0.81,624,42248,0.52,329,20660,0.57,388,26017,0.93,1442,24586,1.66,361,46954,0.6
22524,0,0.521,1.124,37,798,0.57,23,963,0.84,4,275,0.52,11,450,1.52,7,142,1.39,18,741,1.9
1667,0,0.521,0.836,1004,12739,0.96,487,15350,1.12,230,15818,0.52,238,18468,0.8,703,22863,0.87,288,30378,0.74
8359,0,0.521,1.005,37,383,1.18,20,561,1.26,5,344,0.52,4,347,0.72,17,295,1.63,4,431,0.72
25333,0,0.521,1.091,316,3219,1.2,189,4149,1.61,228,5664,1.44,141,8887,0.99,317,17199,0.52,121,11991,0.79
14086,0,0.521,0.98,120,2091,0.7,54,2206,0.86,22,1515,0.52,26,1744,0.93,68,1178,1.63,38,2402,1.24
19413,0,0.52,1.135,51,740,0.84,34,1132,1.06,5,310,0.58,4,479,0.52,12,159,2.13,17,790,1.68
3838,0,0.52,0.849,274,3113,1.07,182,4216,1.52,79,5318,0.53,96,6772,0.88,261,14193,0.52,82,11346,0.56
23065,0,0.52,0.845,222,2473,1.09,109,3563,1.08,54,3726,0.52,69,4258,1.01,138,6622,0.59,68,6846,0.78
7673,0,0.52,1.267,82,1482,0.67,53,1952,0.96,9,621,0.52,12,867,0.86,33,308,3.03,27,1351,1.56
30681,0,0.52,3.399,25,151,2.02,11,260,1.49,1,69,0.52,2,57,2.19,9,62,4.1,24,186,10.07
18563,0,0.519,1.198,41,863,0.58,16,1088,0.52,5,286,0.63,8,405,1.23,9,145,1.75,20,630,2.48
26932,0,0.519,1.349,3,69,0.53,2,136,0.52,1,34,1.05,1,45,1.38,1,22,1.28,2,47,3.32
15756,0,0.519,0.903,17,144,1.44,7,182,1.36,2,127,0.56,1,120,0.52,3,128,0.66,2,178,0.88
2176,0,0.519,0.767,29,365,0.97,6,375,0.56,9,302,1.07,3,360,0.52,12,377,0.9,4,535,0.58
1308,0,0.519,0.943,129,1907,0.82,76,2449,1.1,23,1590,0.52,24,1985,0.75,47,1130,1.18,48,2898,1.29
31419,0,0.518,0.929,139,1236,1.37,20,1362,0.52,26,1232,0.76,19,1065,1.11,35,925,1.07,10,1049,0.74
24276,0,0.518,1.231,103,1700,0.74,61,2632,0.82,12,830,0.52,20,1232,1.01,32,405,2.23,40,1512,2.07
18969,0,0.518,0.688,213,3429,0.76,102,5003,0.72,34,2353,0.52,27,2897,0.58,66,2097,0.89,58,6818,0.66
2818,0,0.518,0.687,66,1554,0.52,22,1380,0.56,24,1086,0.79,12,1214,0.62,55,1532,1.01,14,1772,0.62
15261,0,0.518,0.918,1369,22506,0.74,543,26468,0.72,234,16200,0.52,191,18202,0.65,636,9275,1.94,281,23556,0.93
26908,0,0.518,0.874,15,239,0.77,5,341,0.52,6,363,0.59,7,387,1.13,14,593,0.67,16,794,1.57
6174,0,0.518,0.841,492,4725,1.27,173,6839,0.89,168,8265,0.73,157,10235,0.96,324,13492,0.68,105,15835,0.52
23811,0,0.517,0.818,280,2360,1.45,68,4013,0.6,106,3763,1.01,46,5539,0.52,182,8156,0.63,63,6984,0.7
23140,0,0.517,0.801,642,5361,1.46,155,8123,0.67,305,11131,0.98,147,13934,0.66,456,24918,0.52,151,22755,0.52
19259,0,0.517,1.69,573,9031,0.77,440,15019,1.03,27,1872,0.52,67,3510,1.19,25,247,2.86,170,3526,3.76
578,0,0.517,1.11,480,4846,1.21,299,6100,1.73,239,8221,1.04,219,10496,1.3,385,21044,0.52,180,16260,0.86
9136,0,0.517,1.056,101,1021,1.21,59,1575,1.32,56,1811,1.11,52,2305,1.41,78,4265,0.52,38,3808,0.78
451,0,0.517,0.879,71,1068,0.81,20,1367,0.52,12,587,0.73,11,755,0.91,17,415,1.16,10,679,1.15
22698,0,0.517,1.259,34,783,0.53,30,961,1.1,5,347,0.52,8,587,0.85,23,283,2.3,23,795,2.26
14147,0,0.516,0.804,880,11291,0.95,364,14383,0.89,201,13961,0.52,183,16058,0.71,642,19101,0.95,256,24901,0.8
19636,0,0.516,1.144,35,542,0.79,16,693,0.82,4,278,0.52,6,359,1.04,13,221,1.66,13,497,2.04
11100,0,0.516,1.039,26,452,0.7,21,591,1.25,4,278,0.52,8,343,1.45,6,157,1.08,8,507,1.23
30417,0,0.516,0.815,131,1764,0.91,40,2099,0.67,32,1538,0.75,30,1433,1.3,30,1137,0.75,9,1363,0.52
20877,0,0.516,0.827,623,7431,1.02,163,11164,0.52,159,9167,0.62,135,8596,0.98,369,8859,1.18,107,12959,0.64
13182,0,0.516,1.026,1152,25505,0.55,491,33630,0.52,224,14672,0.55,609,20822,1.82,1022,14086,2.05,338,39382,0.67
16550,0,0.515,2.396,156,713,2.67,112,1047,3.78,140,1254,4.0,91,3122,1.82,128,7017,0.52,85,4147,1.6
19140,0,0.515,0.78,357,3380,1.29,150,5624,0.94,85,5913,0.52,72,6463,0.69,276,11317,0.69,71,10003,0.55
12545,0,0.515,0.668,177,2213,0.98,54,3120,0.61,70,3948,0.64,57,4724,0.75,135,7404,0.52,55,8297,0.52
11989,0,0.515,0.896,385,4756,0.99,203,6595,1.09,147,6381,0.83,75,5761,0.81,259,6357,1.15,62,9399,0.52
12882,0,0.515,0.941,309,2007,1.88,68,3708,0.65,169,4258,1.42,80,7491,0.67,218,11965,0.51,57,8615,0.52
15564,0,0.515,1.509,24,190,1.54,2,132,0.53,3,90,1.2,1,121,0.51,4,38,2.97,3,102,2.3
20190,0,0.515,1.387,30,190,1.93,13,303,1.51,17,346,1.76,13,600,1.35,20,1098,0.51,11,684,1.26
21705,0,0.514,0.688,353,3802,1.13,118,5596,0.74,85,5923,0.51,67,7610,0.55,225,11235,0.57,84,10529,0.62
10882,0,0.514,1.313,45,398,1.38,38,644,2.08,13,521,0.89,12,522,1.43,15,824,0.51,18,892,1.58
2166,0,0.514,2.015,3,35,1.05,6,44,4.81,4,46,3.12,2,78,1.6,1,55,0.51,1,78,1.0
23742,0,0.514,1.252,135,2528,0.65,95,3809,0.88,10,698,0.51,22,1000,1.37,18,258,1.97,33,1212,2.13
16242,0,0.514,0.826,174,2032,1.04,92,3067,1.06,47,3281,0.51,43,3430,0.78,125,5053,0.7,70,6376,0.86
29498,0,0.513,0.814,701,6944,1.23,238,10283,0.82,251,10934,0.82,171,13806,0.77,424,23352,0.51,201,21491,0.73
12115,0,0.513,0.808,30,455,0.8,22,718,1.08,8,468,0.61,5,607,0.51,16,510,0.89,10,820,0.95
30688,0,0.513,0.851,100,1538,0.79,47,2134,0.78,23,1608,0.51,22,1975,0.69,47,980,1.36,29,2327,0.97
5087,0,0.513,1.047,261,1722,1.85,82,3192,0.91,102,2997,1.22,64,3929,1.01,144,7938,0.51,61,6110,0.78
27608,0,0.513,1.022,41,528,0.95,23,778,1.04,5,327,0.55,4,486,0.51,17,272,1.77,12,714,1.31
1437,0,0.513,0.947,21,379,0.68,9,389,0.82,6,224,0.96,2,243,0.51,11,182,1.71,4,309,1.01
5666,0,0.513,0.968,146,2201,0.81,53,2832,0.66,33,1726,0.69,18,2187,0.51,88,1465,1.7,65,3519,1.44
6778,0,0.513,0.964,34,364,1.14,9,620,0.51,14,600,0.84,10,764,0.82,32,509,1.78,7,777,0.7
26517,0,0.513,0.954,188,1844,1.24,67,2212,1.07,59,2162,0.98,53,2696,1.22,73,4025,0.51,34,3824,0.69
31103,0,0.512,0.8,56,819,0.83,18,916,0.69,14,629,0.8,8,687,0.73,19,435,1.23,5,762,0.51
8346,0,0.512,1.463,47,794,0.72,42,1066,1.39,5,350,0.51,16,554,1.8,19,209,2.57,16,701,1.78
9460,0,0.512,1.1,272,3766,0.88,154,5759,0.94,34,2380,0.51,49,3177,0.96,116,1788,1.83,93,4950,1.47
25601,0,0.512,0.793,13,226,0.7,11,294,1.32,8,345,0.83,6,438,0.85,15,787,0.54,4,610,0.51
5388,0,0.512,1.001,356,3949,1.1,207,5495,1.33,153,5984,0.92,163,7698,1.32,250,13811,0.51,131,12365,0.83
21195,0,0.511,0.839,55,861,0.78,27,1104,0.86,7,491,0.51,7,673,0.65,18,338,1.5,8,858,0.73
26634,0,0.511,1.136,244,1967,1.51,115,3035,1.34,52,1484,1.26,21,1462,0.89,41,888,1.3,9,1375,0.51
21059,0,0.511,0.743,99,1186,1.02,28,1251,0.79,9,407,0.79,7,608,0.72,3,166,0.51,6,743,0.63
12301,0,0.511,1.775,125,1820,0.84,86,2690,1.13,10,702,0.51,48,1214,2.46,34,310,3.1,84,2513,2.61
14007,0,0.511,1.886,34,452,0.92,36,777,1.64,3,116,0.93,2,244,0.51,6,57,2.97,21,377,4.35
10406,0,0.51,2.19,9,109,1.01,26,167,5.5,12,143,3.01,4,236,1.06,8,443,0.51,7,265,2.06
24586,0,0.51,1.096,7,105,0.81,4,85,1.66,4,122,1.18,3,121,1.54,2,65,0.87,2,306,0.51
16212,0,0.51,0.947,33,209,1.93,5,286,0.62,3,121,0.89,3,181,1.03,2,80,0.71,1,153,0.51
4153,0,0.51,0.839,231,1865,1.51,73,3043,0.85,87,3599,0.87,61,4995,0.76,171,8963,0.54,49,7502,0.51
18743,0,0.509,0.962,128,1973,0.79,30,2082,0.51,40,1377,1.04,26,1637,0.99,89,1335,1.88,16,2235,0.56
25880,0,0.509,0.739,936,10630,1.07,288,12876,0.79,255,13613,0.67,232,16971,0.85,472,26219,0.51,195,28186,0.54
28998,0,0.509,1.131,41,594,0.84,39,975,1.41,2,141,0.51,3,278,0.67,2,64,0.88,15,475,2.47
30214,0,0.508,0.909,30,310,1.18,25,548,1.61,13,826,0.56,12,802,0.93,32,1375,0.66,9,1382,0.51
21302,0,0.508,1.315,67,770,1.06,57,1352,1.49,31,1429,0.78,49,1836,1.66,60,3337,0.51,77,2512,2.39
14754,0,0.508,1.815,1,24,0.51,3,54,1.96,2,17,4.22,4,123,2.03,1,27,1.05,1,69,1.13
28774,0,0.508,2.166,6,115,0.64,2,139,0.51,5,109,1.64,6,78,4.79,6,57,2.97,3,96,2.44
665,0,0.508,3.285,5,18,3.39,7,25,9.89,2,23,3.12,1,70,0.89,3,167,0.51,3,122,1.92
18752,0,0.507,0.773,57,844,0.82,29,1043,0.98,22,915,0.86,11,1113,0.62,45,1501,0.85,10,1539,0.51
28182,0,0.507,0.848,115,1256,1.12,31,1074,1.02,43,1667,0.92,19,1601,0.74,70,2531,0.78,16,2464,0.51
21932,0,0.507,1.707,19,128,1.81,5,252,0.7,25,166,5.4,3,185,1.01,3,104,0.82,1,154,0.51
2112,0,0.507,2.925,62,279,2.71,45,264,6.02,52,392,4.76,44,1643,1.67,50,2789,0.51,42,1734,1.89
30315,0,0.506,1.824,61,326,2.28,40,407,3.47,23,489,1.69,19,976,1.21,37,2065,0.51,27,1178,1.79
3344,0,0.506,1.806,166,1903,1.06,30,2094,0.51,116,1763,2.36,43,2031,1.32,154,1075,4.05,18,911,1.54
30439,0,0.506,0.651,51,826,0.75,20,1034,0.68,17,1004,0.61,8,985,0.51,32,1066,0.85,9,1377,0.51
15633,0,0.506,0.888,96,1160,1.01,32,1305,0.87,31,2198,0.51,65,2547,1.59,85,4314,0.56,45,4387,0.8
11842,0,0.505,0.757,333,4125,0.98,104,4775,0.77,102,3972,0.92,46,5310,0.54,228,7802,0.83,47,7261,0.51
16110,0,0.505,9.966,140,670,2.55,103,1035,3.51,2,142,0.5,46,236,12.14,16,20,22.61,89,376,18.48
12685,0,0.505,1.054,28,479,0.71,14,633,0.78,4,284,0.5,5,334,0.93,11,164,1.9,9,470,1.5
3029,0,0.505,5.933,67,1221,0.67,61,2162,1.0,1,71,0.5,3,205,0.91,1,1,28.26,3,55,4.26
14819,0,0.505,0.983,23,459,0.61,18,453,1.4,5,355,0.5,4,384,0.65,23,328,1.98,5,520,0.75
7421,0,0.505,1.474,412,6210,0.81,241,8523,1.0,31,2202,0.5,66,3842,1.07,85,858,2.8,164,4813,2.66
24903,0,0.505,1.005,3,34,1.08,3,48,2.21,2,69,1.04,1,109,0.57,1,56,0.5,1,124,0.63
524,0,0.504,0.971,37,632,0.71,11,770,0.5,5,324,0.55,6,468,0.8,21,242,2.45,6,584,0.8
24286,0,0.504,1.516,11,266,0.5,7,355,0.7,10,158,2.27,2,237,0.53,15,118,3.59,6,310,1.51
16690,0,0.504,0.949,69,960,0.88,41,1403,1.03,6,427,0.5,6,667,0.56,15,276,1.54,16,1054,1.19
15700,0,0.504,1.067,5,107,0.57,5,141,1.25,8,217,1.32,4,219,1.14,10,175,1.61,3,465,0.5
3754,0,0.504,0.995,15,191,0.96,12,301,1.41,7,382,0.66,6,364,1.03,10,561,0.5,14,771,1.42
16708,0,0.504,1.438,77,1296,0.72,42,1721,0.86,5,356,0.5,14,614,1.42,14,173,2.29,29,799,2.83
14221,0,0.504,1.131,45,384,1.43,8,561,0.5,12,476,0.9,23,604,2.37,13,597,0.62,10,811,0.96
32183,0,0.504,0.924,75,943,0.97,53,1104,1.7,19,1139,0.6,10,1237,0.5,37,1165,0.9,14,1245,0.88
19938,0,0.503,3.31,452,6016,0.92,377,10074,1.32,13,926,0.5,36,2024,1.11,3,12,7.06,147,1283,8.95
22115,0,0.503,0.773,55,937,0.72,34,1242,0.97,20,1090,0.66,11,1362,0.5,75,1864,1.14,18,2141,0.66
2345,0,0.503,1.058,39,513,0.93,18,766,0.83,3,214,0.5,6,375,1.0,6,151,1.12,13,516,1.97
32649,0,0.503,1.301,84,418,2.45,22,696,1.12,27,883,1.1,22,1059,1.29,39,2193,0.5,26,1509,1.35
25668,0,0.503,2.188,19,168,1.38,5,248,0.71,6,177,1.22,26,502,3.23,17,956,0.5,37,474,6.09
7075,0,0.502,0.88,78,1824,0.52,50,1941,0.91,30,1884,0.57,16,1984,0.5,71,1328,1.51,59,3639,1.27
26111,0,0.502,0.729,674,7674,1.07,204,11055,0.65,270,10854,0.89,146,14492,0.63,415,23361,0.5,179,22185,0.63
27564,0,0.502,2.425,90,599,1.83,67,893,2.65,32,637,1.8,11,1366,0.5,62,297,5.9,48,2005,1.87
20213,0,0.501,0.75,33,421,0.96,13,651,0.71,15,893,0.6,10,1016,0.61,66,1658,1.12,13,2024,0.5
17354,0,0.501,1.049,49,804,0.74,12,845,0.5,26,520,1.79,18,741,1.51,37,927,1.13,8,1014,0.62
28798,0,0.501,0.73,397,3977,1.22,158,5764,0.97,72,5150,0.5,73,7300,0.62,191,9499,0.57,61,9503,0.5
9585,0,0.501,0.849,34,520,0.8,11,642,0.6,6,379,0.57,3,373,0.5,20,358,1.58,6,448,1.05
6761,0,0.501,0.836,79,1121,0.86,28,1452,0.68,11,693,0.57,6,746,0.5,21,490,1.21,16,1045,1.2
27420,0,0.501,0.724,272,2479,1.34,63,3562,0.62,73,3983,0.66,48,4606,0.65,146,8238,0.5,55,7455,0.58
5095,0,0.501,1.942,15,58,3.15,11,84,4.62,4,114,1.26,3,209,0.89,9,508,0.5,5,320,1.22
30343,0,0.501,1.099,117,772,1.85,37,1063,1.23,51,1066,1.72,11,1018,0.67,36,1615,0.63,11,1716,0.5
10731,0,0.5,1.252,20,202,1.21,23,336,2.42,14,390,1.29,9,437,1.28,16,904,0.5,8,761,0.82
12623,0,0.499,1.276,198,4083,0.59,137,4347,1.11,50,3591,0.5,91,4117,1.38,249,2383,2.95,102,7097,1.12
24319,0,0.499,0.856,883,8913,1.21,294,12279,0.85,378,13663,0.99,286,17212,1.03,447,25318,0.5,204,28744,0.55
1582,0,0.499,0.898,30,276,1.33,13,358,1.28,16,566,1.01,10,850,0.73,31,1640,0.53,7,1096,0.5
31807,0,0.498,1.237,40,611,0.8,13,921,0.5,8,380,0.75,8,505,0.99,28,258,3.07,11,652,1.32
19039,0,0.498,0.959,33,692,0.58,19,920,0.73,7,460,0.55,4,500,0.5,14,237,1.67,15,678,1.73
6081,0,0.498,0.811,41,539,0.93,15,575,0.92,5,360,0.5,3,359,0.52,16,331,1.37,4,494,0.63
8798,0,0.498,0.764,161,1533,1.28,41,2092,0.69,59,2367,0.89,34,3214,0.66,113,5691,0.56,36,5646,0.5
31342,0,0.497,0.885,351,3602,1.19,115,4062,1.0,103,4576,0.81,107,5097,1.31,117,6455,0.51,59,9261,0.5
23988,0,0.497,1.697,34,834,0.5,32,1169,0.97,6,265,0.81,13,420,1.93,7,57,3.47,21,654,2.51
31000,0,0.497,1.084,333,5733,0.71,186,7747,0.85,21,1515,0.5,34,2888,0.73,45,574,2.22,76,3954,1.5
2475,0,0.496,0.827,259,4858,0.65,91,6263,0.51,39,2820,0.5,39,3331,0.73,81,1575,1.45,64,4469,1.12
19236,0,0.496,1.462,9,74,1.48,9,128,2.48,8,97,2.96,1,93,0.67,2,114,0.5,1,114,0.68
7391,0,0.496,3.022,19,30,7.72,8,62,4.56,5,67,2.68,5,375,0.83,9,513,0.5,10,421,1.85
1366,0,0.496,1.524,8,42,2.32,2,57,1.24,4,53,2.71,2,75,1.66,2,114,0.5,1,108,0.72
2260,0,0.496,1.108,437,4260,1.25,267,5632,1.67,195,6329,1.1,157,8875,1.1,241,13739,0.5,151,11542,1.02
8212,0,0.496,0.881,193,3086,0.76,104,4411,0.83,35,2450,0.51,24,3016,0.5,141,2204,1.81,56,4998,0.87
1993,0,0.496,1.231,1311,18892,0.85,782,27067,1.02,115,8320,0.5,180,12239,0.92,277,3571,2.19,318,12961,1.92
17908,0,0.495,1.087,168,994,2.06,23,1641,0.49,49,1265,1.39,27,1387,1.21,30,1123,0.75,12,1541,0.61
8619,0,0.495,0.883,89,832,1.3,31,1276,0.86,34,1218,1.0,19,1532,0.77,56,3200,0.49,30,2702,0.87
30042,0,0.494,0.886,133,1341,1.21,39,1710,0.81,48,2063,0.83,22,2774,0.49,82,2088,1.11,62,5611,0.86
15011,0,0.494,0.848,63,926,0.83,15,1073,0.49,17,656,0.93,9,668,0.84,28,580,1.36,7,862,0.63
17761,0,0.493,1.97,100,655,1.86,62,775,2.82,102,1109,3.3,73,2553,1.78,92,5270,0.49,63,3146,1.56
12576,0,0.493,0.933,68,439,1.89,27,735,1.3,18,1061,0.61,11,1286,0.53,38,2177,0.49,21,2104,0.78
26498,0,0.493,6.861,1142,7754,1.8,655,12970,1.78,48,3491,0.49,284,10840,1.63,328,281,32.99,1245,39297,2.47
31260,0,0.493,1.033,82,1272,0.79,41,1713,0.85,26,527,1.77,12,603,1.24,13,344,1.07,4,634,0.49
13173,0,0.493,1.59,168,884,2.32,40,1622,0.87,40,613,2.34,38,787,3.01,8,442,0.51,4,634,0.49
12299,0,0.493,1.419,38,457,1.01,33,566,2.06,27,727,1.33,36,1034,2.17,37,2123,0.49,28,1507,1.45
762,0,0.492,1.289,34,399,1.04,20,538,1.31,18,420,1.54,14,522,1.67,13,746,0.49,14,650,1.68
28045,0,0.492,0.835,32,601,0.65,22,615,1.26,11,698,0.56,6,759,0.49,42,780,1.52,6,901,0.52
22155,0,0.492,1.889,101,222,5.55,10,578,0.61,15,170,3.16,2,253,0.49,6,229,0.74,2,200,0.78
29196,0,0.492,2.589,205,854,2.93,118,1181,3.53,113,1310,3.09,92,2634,2.18,92,5283,0.49,135,3174,3.32
5722,0,0.492,0.879,265,3547,0.91,180,4799,1.32,69,5032,0.49,85,5303,1.0,192,6546,0.83,74,8012,0.72
15736,0,0.492,0.837,514,6946,0.9,183,7205,0.9,216,8448,0.92,91,8936,0.63,455,10883,1.18,65,10324,0.49
30863,0,0.491,0.994,111,1422,0.95,36,1839,0.69,25,1135,0.79,11,1394,0.49,55,842,1.85,38,2491,1.19
20768,0,0.491,1.072,32,794,0.49,35,1015,1.22,4,275,0.52,5,407,0.77,11,127,2.45,10,789,0.99
10342,0,0.491,0.763,19,409,0.57,7,503,0.49,4,155,0.93,2,232,0.54,2,91,0.62,5,272,1.44
19991,0,0.491,1.385,30,492,0.74,10,565,0.62,3,219,0.49,7,310,1.41,23,162,4.01,8,605,1.03
3925,0,0.491,1.486,475,7164,0.81,308,10978,0.99,22,1606,0.49,52,2492,1.3,23,296,2.2,77,1920,3.13
27365,0,0.491,0.933,7,60,1.42,4,113,1.25,3,149,0.72,2,145,0.86,5,166,0.85,2,318,0.49
27170,0,0.491,1.466,6,149,0.49,11,151,2.57,9,201,1.61,9,239,2.35,13,330,1.11,4,469,0.67
14638,0,0.491,0.801,456,4118,1.35,149,5961,0.88,125,6211,0.72,88,8212,0.67,229,13188,0.49,108,12202,0.69
1315,0,0.49,0.793,4,44,1.11,1,72,0.49,1,56,0.64,1,66,0.94,1,47,0.6,1,80,0.98
10423,0,0.49,1.269,188,2984,0.77,105,3802,0.98,16,1170,0.49,32,1787,1.12,43,619,1.96,79,2680,2.3
28147,0,0.49,1.198,59,745,0.97,26,1178,0.78,6,439,0.49,13,560,1.45,14,196,2.02,18,945,1.49
19557,0,0.49,0.828,308,4559,0.82,150,4929,1.07,62,4538,0.49,49,4913,0.62,199,4875,1.15,74,7152,0.81
22926,0,0.49,0.78,379,3406,1.36,105,4686,0.79,113,5932,0.68,97,7544,0.8,215,10897,0.56,78,12438,0.49
6139,0,0.489,1.089,42,785,0.65,17,1060,0.57,10,284,1.26,4,509,0.49,14,186,2.13,11,597,1.44
23067,0,0.489,1.395,61,421,1.77,35,662,1.87,32,909,1.26,23,1229,1.17,32,1848,0.49,45,1932,1.82
21756,0,0.489,1.131,151,2160,0.85,36,2423,0.52,19,1393,0.49,37,1936,1.19,53,889,1.68,66,2522,2.04
12726,0,0.489,1.662,164,927,2.16,22,1590,0.49,56,860,2.33,56,993,3.51,24,826,0.82,8,946,0.66
4193,0,0.488,0.978,296,4021,0.9,51,3689,0.49,68,3121,0.78,29,3456,0.52,230,3039,2.14,66,4966,1.04
25397,0,0.488,0.809,102,1476,0.84,20,1351,0.52,27,1296,0.75,11,1404,0.49,97,1622,1.69,13,1799,0.56
13944,0,0.488,2.091,33,532,0.76,36,854,1.49,2,147,0.49,7,335,1.3,4,21,5.38,21,524,3.13
27423,0,0.488,3.835,410,5651,0.88,286,8910,1.13,14,1029,0.49,61,2812,1.35,5,13,10.87,138,1301,8.28
25431,0,0.487,1.979,8,33,2.96,2,37,1.91,3,46,2.34,2,61,2.04,2,116,0.49,2,73,2.14
7965,0,0.487,0.694,669,7375,1.11,219,9914,0.78,171,11360,0.54,147,14002,0.65,494,23294,0.6,140,22460,0.49
18948,0,0.487,1.154,232,3642,0.78,157,5082,1.09,21,1547,0.49,28,2211,0.79,59,817,2.04,75,3370,1.74
21319,0,0.487,0.761,145,1295,1.37,32,2194,0.51,65,2603,0.9,36,3098,0.72,89,5169,0.49,34,4593,0.58
30327,0,0.487,0.882,145,1862,0.95,88,2382,1.3,62,3350,0.66,82,4385,1.16,199,7799,0.72,45,7222,0.49
31133,0,0.486,1.232,97,539,2.19,12,871,0.49,20,674,1.06,12,667,1.12,32,652,1.39,10,684,1.14
12196,0,0.486,2.498,46,311,1.8,47,461,3.6,47,510,3.3,46,847,3.38,34,1976,0.49,42,1361,2.41
851,0,0.486,0.854,513,4389,1.43,147,6304,0.82,234,7744,1.08,134,11272,0.74,332,19296,0.49,108,14949,0.56
28341,0,0.486,1.379,1095,16821,0.79,669,24415,0.97,81,5973,0.49,187,9297,1.25,158,1778,2.51,319,11016,2.26
73,0,0.486,0.679,782,10755,0.89,279,13418,0.73,83,6123,0.49,108,8336,0.81,164,8874,0.52,81,9952,0.64
175,0,0.486,1.259,23,365,0.77,6,374,0.57,59,533,3.97,19,994,1.19,39,2268,0.49,7,952,0.57
5378,0,0.485,1.856,116,531,2.66,61,796,2.71,56,1017,1.97,47,2566,1.14,84,4891,0.49,85,3065,2.17
1500,0,0.485,0.859,247,3667,0.82,71,4268,0.59,48,2869,0.6,26,3338,0.49,172,2684,1.81,71,6530,0.85
23546,0,0.485,0.909,39,389,1.22,16,546,1.03,8,454,0.63,7,529,0.82,27,607,1.26,5,805,0.48
21913,0,0.485,1.202,183,2912,0.77,99,4256,0.82,21,1553,0.48,51,2145,1.48,66,1031,1.81,90,3802,1.85
13953,0,0.485,0.939,389,3186,1.49,168,4686,1.27,130,4627,1.01,76,6804,0.7,170,9911,0.48,77,8713,0.69
14782,0,0.485,0.945,10,139,0.88,4,177,0.8,6,263,0.82,2,257,0.48,22,291,2.14,5,702,0.56
21577,0,0.485,0.911,26,581,0.55,32,1217,0.93,3,201,0.54,2,257,0.48,1,52,0.54,11,354,2.43
8623,0,0.485,1.786,44,274,1.96,56,496,3.99,19,559,1.22,13,935,0.87,25,1458,0.48,34,1204,2.2
25588,0,0.484,0.921,118,1564,0.92,25,1822,0.48,31,1792,0.62,23,2041,0.7,114,1625,1.98,34,3253,0.82
19268,0,0.484,1.702,11,72,1.86,6,100,2.12,2,148,0.48,4,151,1.65,6,166,1.02,10,254,3.07
26096,0,0.484,4.834,872,1221,8.71,13,949,0.48,161,1618,3.57,434,2512,10.76,165,1937,2.41,46,1168,3.08
20140,0,0.484,0.925,144,1372,1.28,66,2224,1.05,61,2064,1.06,49,2750,1.11,75,4382,0.48,29,3970,0.57
6995,0,0.484,1.16,26,224,1.42,17,291,2.06,7,435,0.58,7,652,0.67,23,1344,0.48,23,1026,1.75
1864,0,0.483,0.969,39,708,0.67,14,757,0.65,12,356,1.21,6,463,0.81,25,355,1.99,4,646,0.48
2460,0,0.483,1.25,49,830,0.72,29,1161,0.88,5,371,0.48,12,552,1.35,21,244,2.43,14,670,1.63
11993,0,0.483,0.699,266,3201,1.01,133,4995,0.94,79,5863,0.48,78,7145,0.68,231,11805,0.55,68,10160,0.52
29698,0,0.483,0.808,108,1743,0.76,45,2206,0.72,23,1264,0.65,11,1419,0.48,40,857,1.32,17,1445,0.92
22715,0,0.483,0.874,231,3203,0.88,129,3389,1.34,80,3737,0.77,47,4277,0.68,244,6345,1.09,40,6469,0.48
18982,0,0.483,0.839,569,5152,1.35,219,7379,1.05,189,8174,0.83,123,10684,0.72,305,17857,0.48,132,16814,0.61
15275,0,0.483,2.311,23,186,1.51,14,187,2.64,21,160,4.71,21,475,2.75,16,937,0.48,15,661,1.77
4984,0,0.482,0.789,214,3206,0.81,110,3290,1.18,63,3809,0.59,33,4260,0.48,264,6777,1.1,45,6226,0.56
9712,0,0.482,0.866,771,7468,1.26,313,9660,1.14,215,10906,0.71,219,13711,0.99,379,22200,0.48,171,21916,0.61
28538,0,0.482,1.024,81,1217,0.81,30,1343,0.79,27,1336,0.72,22,1462,0.94,101,1189,2.4,19,3075,0.48
8568,0,0.482,0.963,134,1850,0.88,86,2307,1.32,75,2800,0.96,87,3374,1.61,112,6562,0.48,37,5475,0.53
31383,0,0.482,0.903,17,359,0.58,9,340,0.93,3,223,0.48,4,248,1.0,7,243,0.81,5,243,1.61
21024,0,0.482,2.236,107,536,2.43,76,596,4.5,87,1155,2.7,67,2645,1.58,75,4397,0.48,62,2813,1.72
14239,0,0.482,0.899,9,114,0.96,3,103,1.03,2,128,0.56,1,122,0.51,4,61,1.85,1,162,0.48
8109,0,0.482,1.968,20,506,0.48,21,559,1.33,20,309,2.32,17,409,2.59,24,386,1.76,21,492,3.33
7133,0,0.482,0.881,245,3464,0.86,70,4179,0.59,15,1116,0.48,24,1718,0.87,18,576,0.88,28,1371,1.59
19602,0,0.481,0.685,428,5703,0.92,128,6631,0.68,124,5400,0.82,59,6134,0.6,209,9676,0.61,48,7785,0.48
19553,0,0.481,1.002,12,304,0.48,7,512,0.48,20,429,1.67,10,483,1.29,12,350,0.97,10,699,1.12
25413,0,0.481,0.874,1147,20635,0.68,588,28215,0.74,267,19890,0.48,240,26134,0.57,1000,16605,1.7,860,62564,1.07
26276,0,0.481,0.856,54,811,0.81,15,1044,0.51,7,398,0.63,9,515,1.09,12,210,1.61,4,649,0.48
21485,0,0.481,1.83,31,641,0.59,7,514,0.48,6,65,3.31,2,212,0.59,1,18,1.57,7,123,4.44
10001,0,0.481,0.752,226,2945,0.94,66,3961,0.59,48,3579,0.48,80,4151,1.2,83,3794,0.62,65,7367,0.69
11559,0,0.481,0.997,32,667,0.58,28,757,1.31,7,522,0.48,10,524,1.19,26,496,1.48,10,828,0.94
22217,0,0.481,0.724,752,7745,1.18,209,11095,0.67,147,10815,0.49,209,13679,0.95,408,20073,0.57,121,19651,0.48
27139,0,0.481,0.85,58,787,0.9,15,881,0.6,24,728,1.18,7,907,0.48,41,969,1.2,12,1262,0.74
2696,0,0.481,0.926,36,296,1.48,14,384,1.29,17,510,1.2,5,648,0.48,19,1037,0.52,8,1059,0.59
2006,0,0.481,1.482,226,1332,2.07,136,1872,2.57,104,2494,1.5,73,4335,1.05,144,8468,0.48,83,5262,1.23
21296,0,0.48,0.955,159,2643,0.73,119,4234,0.99,29,2164,0.48,46,2989,0.96,110,2332,1.33,67,4242,1.23
4074,0,0.48,1.71,47,573,1.0,30,906,1.17,3,224,0.48,3,343,0.54,15,98,4.33,19,541,2.74
253,0,0.48,0.95,297,2467,1.47,96,3624,0.94,160,4030,1.42,65,6802,0.6,187,11009,0.48,90,8791,0.8
7394,0,0.48,0.937,41,823,0.61,20,1086,0.65,4,299,0.48,5,489,0.64,12,150,2.26,9,712,0.99
18350,0,0.479,1.914,16,165,1.18,3,212,0.5,17,122,5.0,6,780,0.48,10,122,2.32,5,194,2.01
1566,0,0.479,3.09,2,16,1.52,4,22,6.42,3,30,3.59,2,50,2.49,1,59,0.48,3,58,4.04
13178,0,0.479,0.635,102,1271,0.98,28,2065,0.48,19,1406,0.48,18,1997,0.56,55,2511,0.62,25,2827,0.69
16085,0,0.479,1.51,104,803,1.58,93,1091,3.01,62,1542,1.44,70,3892,1.12,100,5904,0.48,90,4917,1.43
29963,0,0.478,0.978,62,779,0.97,19,679,0.99,19,652,1.04,5,651,0.48,32,565,1.6,5,498,0.78
5522,0,0.478,1.376,26,154,2.06,3,100,1.06,1,75,0.48,5,99,3.15,1,43,0.66,1,91,0.86
8720,0,0.478,0.754,255,2518,1.23,79,3585,0.78,120,4682,0.92,69,7272,0.59,226,13368,0.48,65,9664,0.53
5784,0,0.478,1.95,8,89,1.1,15,140,3.78,3,199,0.54,9,173,3.24,6,355,0.48,12,366,2.56
12600,0,0.478,3.39,326,4847,0.82,154,7120,0.76,14,1051,0.48,52,2235,1.45,5,11,12.85,78,1528,3.99
9448,0,0.477,0.789,151,1282,1.44,35,1552,0.8,20,1287,0.56,11,1435,0.48,52,2290,0.64,20,1893,0.82
23976,0,0.477,0.818,24,613,0.48,15,810,0.65,22,665,1.19,10,655,0.95,18,616,0.83,8,768,0.81
32337,0,0.477,1.143,37,320,1.41,8,376,0.75,10,751,0.48,12,724,1.03,30,627,1.35,24,1021,1.84
19084,0,0.477,1.159,85,1163,0.89,39,1485,0.93,8,601,0.48,14,831,1.05,30,449,1.89,23,1045,1.72
5130,0,0.477,1.064,31,256,1.48,6,444,0.48,8,285,1.01,10,393,1.58,7,379,0.52,7,415,1.32
25411,0,0.477,1.41,165,2179,0.92,97,3205,1.07,12,902,0.48,20,1413,0.88,46,447,2.91,54,1917,2.2
22496,0,0.476,1.419,172,2281,0.92,114,3559,1.13,14,1054,0.48,25,1760,0.88,50,468,3.02,59,2209,2.09
23703,0,0.476,0.694,727,8270,1.07,255,11644,0.77,185,11867,0.56,166,14289,0.72,438,21992,0.56,144,23614,0.48
3269,0,0.476,1.211,26,474,0.67,23,666,1.22,3,226,0.48,6,343,1.09,10,140,2.02,11,479,1.79
8291,0,0.476,1.05,353,4629,0.93,161,5406,1.05,59,4446,0.48,112,4874,1.43,201,3093,1.84,45,6133,0.57
32409,0,0.475,2.194,85,524,1.98,64,625,3.62,82,884,3.33,63,2153,1.82,63,3750,0.47,52,2082,1.95
7941,0,0.475,0.687,388,4323,1.09,125,6448,0.68,93,7024,0.47,96,8861,0.67,275,12922,0.6,100,13224,0.59
28540,0,0.475,1.447,12,206,0.71,12,534,0.79,8,214,1.34,4,525,0.47,90,533,4.77,7,923,0.59
31498,0,0.474,0.768,561,6247,1.09,171,8902,0.68,217,9370,0.83,199,11975,1.04,277,16509,0.47,124,19594,0.49
31580,0,0.474,1.437,83,861,1.18,75,1133,2.34,48,1419,1.21,57,2404,1.48,73,4353,0.47,65,2609,1.95
6414,0,0.473,0.827,32,539,0.72,9,672,0.47,6,382,0.56,5,465,0.67,15,369,1.15,10,564,1.38
9913,0,0.473,1.075,12,136,1.08,5,184,0.96,11,185,2.13,3,253,0.74,5,299,0.47,4,291,1.07
23552,0,0.472,0.813,62,1164,0.65,41,1319,1.1,15,1139,0.47,10,1295,0.48,65,1315,1.4,17,1704,0.78
15685,0,0.472,1.499,131,729,2.19,19,1421,0.47,60,806,2.67,31,891,2.17,20,755,0.75,7,735,0.74
22890,0,0.472,0.936,42,584,0.88,22,779,1.0,21,662,1.14,5,660,0.47,19,541,0.99,9,617,1.14
700,0,0.472,0.611,241,3481,0.84,65,4456,0.52,78,5177,0.54,56,5937,0.59,174,6927,0.71,65,10757,0.47
9972,0,0.472,1.144,28,431,0.79,11,533,0.73,4,304,0.47,12,392,1.91,12,274,1.24,16,724,1.73
19056,0,0.472,1.633,58,854,0.83,45,1395,1.14,5,380,0.47,9,569,0.99,22,158,3.93,25,801,2.44
4763,0,0.472,1.387,97,1412,0.84,56,1974,1.0,7,532,0.47,10,828,0.75,21,255,2.33,46,1225,2.93
2644,0,0.472,1.64,27,395,0.83,19,658,1.02,3,228,0.47,3,328,0.57,18,128,3.97,18,473,2.97
25945,0,0.472,0.618,68,878,0.94,18,1116,0.57,18,1103,0.59,11,1453,0.47,41,1866,0.62,14,2121,0.52
25422,0,0.471,1.076,11,56,2.4,1,72,0.49,2,55,1.3,2,164,0.76,2,120,0.47,2,151,1.03
10891,0,0.471,2.082,2,40,0.61,1,75,0.47,2,33,2.17,2,35,3.56,3,36,2.35,2,47,3.32
5769,0,0.471,1.397,5,35,1.74,1,75,0.47,4,50,2.87,2,66,1.89,1,52,0.54,1,90,0.87
29661,0,0.471,0.927,29,435,0.81,14,575,0.86,10,373,0.96,3,397,0.47,23,372,1.75,6,659,0.71
27694,0,0.47,0.774,532,9068,0.72,254,11229,0.8,198,9742,0.73,75,9929,0.47,477,12117,1.11,162,15423,0.82
20321,0,0.47,1.045,152,1260,1.47,47,1922,0.86,32,1514,0.76,39,1788,1.36,30,1803,0.47,30,1733,1.35
14537,0,0.47,6.506,289,4979,0.71,309,7658,1.42,4,305,0.47,22,796,1.72,5,8,17.66,107,490,17.05
4633,0,0.47,0.785,38,380,1.22,8,601,0.47,14,621,0.81,7,720,0.61,35,1224,0.81,15,1467,0.8
25022,0,0.47,0.94,32,574,0.68,11,827,0.47,7,498,0.5,10,546,1.14,28,387,2.04,8,779,0.8
116,0,0.469,0.836,293,3197,1.12,154,4316,1.26,117,4376,0.96,40,5314,0.47,180,6936,0.73,41,6712,0.48
11903,0,0.469,1.279,78,1368,0.7,19,1029,0.65,25,876,1.02,53,1061,3.11,62,1016,1.72,8,1333,0.47
25753,0,0.469,0.796,214,2176,1.2,74,2835,0.92,33,2525,0.47,34,3167,0.67,116,3750,0.87,39,4747,0.64
6463,0,0.468,0.725,721,6789,1.29,343,10523,1.15,158,12094,0.47,114,14834,0.48,437,25648,0.48,136,22313,0.48
3452,0,0.468,0.813,101,1038,1.19,49,1450,1.19,27,1447,0.67,32,2372,0.84,75,4526,0.47,20,2991,0.52
4304,0,0.468,1.551,44,323,1.66,7,528,0.47,4,114,1.26,5,119,2.62,2,30,1.88,4,220,1.42
8910,0,0.468,0.802,57,573,1.21,22,921,0.84,14,1073,0.47,11,1136,0.6,47,1833,0.72,25,2039,0.96
26442,0,0.467,0.797,308,4192,0.9,149,4870,1.08,92,4686,0.7,102,6349,1.0,151,9131,0.47,71,8777,0.63
15328,0,0.467,0.81,36,507,0.87,11,669,0.58,9,396,0.81,3,400,0.47,15,310,1.37,5,511,0.76
846,0,0.467,0.781,390,4786,0.99,183,6638,0.97,131,6429,0.73,53,7071,0.47,332,10798,0.87,84,10063,0.65
9079,0,0.467,0.642,11,190,0.71,3,227,0.47,4,284,0.5,3,315,0.59,15,485,0.87,5,551,0.71
7256,0,0.466,0.735,648,7246,1.09,310,9882,1.11,153,10807,0.51,109,13592,0.5,495,18952,0.74,124,20758,0.47
23828,0,0.466,0.955,477,6908,0.84,112,8486,0.47,113,5532,0.73,87,7695,0.7,259,4054,1.81,199,13186,1.18
2215,0,0.466,1.31,33,368,1.09,19,488,1.37,3,231,0.47,11,283,2.42,9,207,1.23,8,489,1.28
26477,0,0.466,1.258,30,435,0.84,25,637,1.39,2,154,0.47,3,245,0.76,6,64,2.65,5,270,1.45
25196,0,0.465,1.53,41,353,1.42,19,474,1.42,30,454,2.37,28,925,1.89,27,1640,0.47,23,1103,1.63
27305,0,0.465,2.473,96,501,2.34,96,535,6.34,45,729,2.21,39,2572,0.94,62,3766,0.47,95,2916,2.54
17274,0,0.465,1.199,39,305,1.56,16,492,1.15,24,645,1.33,34,1373,1.54,52,3159,0.47,22,1504,1.14
32290,0,0.465,0.917,28,359,0.95,6,367,0.58,4,214,0.67,2,268,0.46,12,165,2.06,3,299,0.78
15880,0,0.465,0.871,171,1271,1.64,38,1893,0.71,40,2054,0.7,35,2660,0.82,82,4986,0.46,53,4624,0.89
31203,0,0.465,1.801,21,551,0.46,16,753,0.75,3,135,0.8,3,218,0.86,6,57,2.97,15,236,4.96
6101,0,0.464,0.657,162,1901,1.04,60,2544,0.83,38,2761,0.49,32,3425,0.58,95,5078,0.53,34,5717,0.46
3806,0,0.464,0.908,34,538,0.77,28,400,2.47,16,836,0.69,6,805,0.46,15,889,0.48,7,948,0.58
32480,0,0.464,0.9,22,396,0.68,22,503,1.54,23,638,1.29,9,756,0.74,29,1766,0.46,10,1145,0.68
9374,0,0.464,0.809,73,672,1.32,12,914,0.46,28,985,1.02,18,1345,0.83,37,2141,0.49,20,2153,0.73
4292,0,0.463,0.845,22,579,0.46,19,574,1.17,15,443,1.21,6,516,0.72,8,340,0.66,6,560,0.84
32033,0,0.463,6.005,3,24,1.52,3,41,2.58,7,46,5.46,13,32,25.3,2,122,0.46,1,111,0.7
675,0,0.463,1.346,11,147,0.91,13,229,2.0,6,214,1.01,11,342,2.0,7,427,0.46,9,417,1.69
24661,0,0.463,1.122,5,39,1.56,2,58,1.22,3,89,1.21,2,81,1.54,2,122,0.46,2,210,0.74
5608,0,0.463,0.841,46,554,1.01,23,729,1.11,8,401,0.72,4,538,0.46,17,401,1.2,5,720,0.54
3157,0,0.463,1.131,113,1049,1.31,60,1009,2.1,44,1725,0.91,52,2522,1.28,75,4577,0.46,35,3835,0.71
10308,0,0.463,0.841,6,78,0.94,5,138,1.28,2,155,0.46,2,186,0.67,4,143,0.79,2,172,0.91
24537,0,0.462,0.874,70,1225,0.7,20,1141,0.62,40,1415,1.01,14,1405,0.62,124,1911,1.83,11,1857,0.46
8949,0,0.462,1.377,34,583,0.71,23,985,0.82,3,233,0.46,11,303,2.26,5,99,1.43,10,303,2.58
12013,0,0.462,0.79,178,2417,0.9,81,2339,1.22,51,3014,0.61,24,3239,0.46,191,5153,1.05,30,4677,0.5
17941,0,0.461,1.178,293,5383,0.66,183,6428,1.01,31,2411,0.46,54,3776,0.89,122,1548,2.23,117,5025,1.82
22940,0,0.461,1.283,92,735,1.53,77,977,2.78,29,1244,0.84,27,3108,0.54,94,5764,0.46,79,3983,1.55
28276,0,0.461,2.567,15,56,3.27,11,64,6.07,2,117,0.61,7,261,1.67,6,368,0.46,16,376,3.32
11439,0,0.461,0.724,412,4433,1.13,130,5922,0.78,141,7065,0.72,114,9164,0.77,269,16507,0.46,85,13717,0.48
25366,0,0.461,0.909,38,545,0.85,22,690,1.13,12,611,0.7,4,541,0.46,26,515,1.43,5,439,0.89
6467,0,0.46,0.848,186,1654,1.37,50,2208,0.8,79,3090,0.92,52,3885,0.83,125,7673,0.46,53,5834,0.71
23540,0,0.46,0.834,20,309,0.79,8,402,0.7,4,217,0.66,2,271,0.46,4,93,1.22,4,266,1.17
25582,0,0.46,0.766,582,6287,1.13,198,9603,0.73,269,10725,0.9,194,14094,0.86,344,21151,0.46,134,20099,0.52
19520,0,0.46,0.875,21,297,0.86,6,461,0.46,3,127,0.85,3,220,0.85,2,67,0.84,6,337,1.39
9566,0,0.459,1.237,8,75,1.3,10,190,1.86,9,136,2.37,4,292,0.85,6,369,0.46,3,405,0.58
9027,0,0.459,0.799,85,854,1.21,24,1228,0.69,43,1740,0.89,34,2008,1.05,63,3621,0.49,23,3909,0.46
19122,0,0.459,0.957,15,179,1.02,4,251,0.56,6,185,1.16,4,196,1.27,3,67,1.27,1,170,0.46
9824,0,0.459,1.42,21,160,1.6,15,258,2.05,11,365,1.08,3,407,0.46,39,437,2.52,7,677,0.81
13487,0,0.459,0.845,201,1612,1.52,57,2482,0.81,100,3004,1.19,43,4344,0.62,119,7328,0.46,37,6162,0.47
5090,0,0.459,1.013,35,757,0.56,27,910,1.05,23,587,1.4,5,679,0.46,29,424,1.93,7,813,0.67
24457,0,0.459,0.737,39,948,0.5,19,1056,0.64,13,725,0.64,5,679,0.46,22,477,1.3,9,796,0.88
3395,0,0.458,0.719,319,3930,0.99,144,5926,0.86,103,6320,0.58,89,7617,0.73,314,12802,0.69,75,12781,0.46
19566,0,0.458,0.588,77,1261,0.74,25,1862,0.47,31,2395,0.46,20,2719,0.46,109,3511,0.88,29,4460,0.51
23135,0,0.458,0.869,187,2978,0.77,112,4444,0.89,32,2505,0.46,40,3375,0.74,104,2415,1.22,72,4919,1.14
6584,0,0.458,1.003,49,742,0.81,28,1119,0.88,5,255,0.7,3,408,0.46,5,104,1.36,8,345,1.81
496,0,0.458,0.747,375,4737,0.97,127,5631,0.8,111,5239,0.76,41,5576,0.46,233,7135,0.92,55,7429,0.58
6730,0,0.458,0.763,12,190,0.77,8,247,1.14,6,237,0.91,2,272,0.46,5,187,0.76,2,287,0.54
20712,0,0.458,1.442,10,104,1.17,2,119,0.59,2,91,0.79,1,136,0.46,7,63,3.14,5,156,2.5
19681,0,0.458,1.192,324,1702,2.32,112,3105,1.27,137,3509,1.4,82,5406,0.94,202,12469,0.46,80,8242,0.76
14008,0,0.458,1.635,83,648,1.56,69,914,2.67,23,835,0.99,21,1006,1.3,26,1605,0.46,48,1320,2.84
15899,0,0.458,0.926,126,1931,0.8,73,2916,0.88,19,1488,0.46,27,1950,0.86,65,1363,1.35,54,3482,1.21
5572,0,0.457,0.632,340,4967,0.83,163,6937,0.83,146,8733,0.6,98,11099,0.55,324,17570,0.52,95,16215,0.46
30038,0,0.457,1.44,5,48,1.27,10,79,4.47,2,91,0.79,4,223,1.12,5,309,0.46,2,289,0.54
24155,0,0.457,1.396,224,661,4.13,39,2263,0.61,24,483,1.78,6,711,0.53,21,682,0.87,5,854,0.46
13257,0,0.457,0.788,29,519,0.68,21,609,1.22,7,549,0.46,6,518,0.72,15,552,0.77,7,619,0.88
6606,0,0.457,1.48,1144,20751,0.67,567,29302,0.68,120,9416,0.46,259,14703,1.1,545,3777,4.08,480,19773,1.9
21742,0,0.457,0.766,55,805,0.83,21,915,0.81,11,627,0.63,5,682,0.46,21,469,1.27,6,781,0.6
28809,0,0.456,1.124,44,621,0.86,27,782,1.22,22,1028,0.77,37,1433,1.61,45,2786,0.46,42,1795,1.83
16119,0,0.456,1.322,46,624,0.9,19,948,0.71,5,393,0.46,14,590,1.48,27,283,2.7,17,784,1.69
2066,0,0.456,9.094,13,18,8.81,6,14,15.13,6,25,8.6,6,28,13.35,1,62,0.46,6,57,8.22
1748,0,0.456,0.948,41,552,0.91,18,672,0.95,21,599,1.26,11,702,0.98,41,1008,1.15,6,1028,0.46
25282,0,0.456,0.816,53,896,0.72,14,1085,0.46,15,773,0.7,10,861,0.72,37,703,1.49,13,1246,0.81
18893,0,0.456,1.077,56,921,0.74,14,1085,0.46,9,422,0.76,11,553,1.24,29,330,2.48,9,901,0.78
29993,0,0.455,0.718,640,6853,1.14,295,9584,1.09,146,10420,0.5,118,13339,0.55,416,20456,0.57,121,20750,0.46
2445,0,0.455,0.961,41,922,0.54,15,779,0.68,14,657,0.76,5,684,0.46,72,813,2.5,10,952,0.82
15527,0,0.455,0.888,135,2153,0.76,61,2532,0.85,15,1172,0.46,10,1368,0.46,34,597,1.61,28,1841,1.19
14080,0,0.455,0.75,596,7150,1.02,218,9438,0.82,193,11007,0.63,222,13306,1.04,393,20409,0.54,123,21108,0.45
11820,0,0.455,0.935,114,1695,0.82,44,2274,0.68,12,946,0.45,16,1249,0.8,38,558,1.92,16,1347,0.93
23956,0,0.455,0.762,358,2967,1.47,79,4564,0.61,128,5136,0.89,76,7650,0.62,198,12304,0.45,73,10851,0.53
20631,0,0.455,0.849,24,464,0.63,12,525,0.81,7,392,0.64,3,411,0.45,21,364,1.63,7,588,0.93
4226,0,0.454,7.394,5,21,2.9,4,40,3.53,15,62,8.67,17,104,10.18,4,249,0.45,31,130,18.62
31705,0,0.454,0.853,7,92,0.93,2,74,0.95,1,79,0.45,1,92,0.68,3,66,1.28,1,95,0.82
31471,0,0.454,1.944,57,163,4.26,10,489,0.72,1,79,0.45,4,83,3.0,1,28,1.01,4,141,2.21
22311,0,0.454,0.937,15,210,0.87,4,197,0.72,2,158,0.45,2,232,0.54,21,249,2.38,3,355,0.66
11673,0,0.454,2.313,50,1059,0.58,70,630,3.92,13,609,0.77,4,549,0.45,53,351,4.27,17,341,3.89
19238,0,0.453,1.064,26,443,0.72,33,407,2.86,13,954,0.49,9,910,0.62,28,1745,0.45,28,1751,1.25
825,0,0.453,0.698,547,6068,1.1,239,8985,0.94,143,9419,0.54,118,11848,0.62,323,20144,0.45,124,18101,0.53
32655,0,0.453,0.891,18,404,0.54,19,389,1.72,4,226,0.63,3,302,0.62,13,268,1.37,3,517,0.45
2249,0,0.453,0.761,337,3915,1.05,136,4756,1.01,140,7263,0.69,117,9568,0.76,291,18166,0.45,136,17570,0.6
9990,0,0.453,1.522,15,347,0.53,4,312,0.45,4,132,1.09,10,179,3.48,11,115,2.7,4,354,0.88
31698,0,0.452,0.696,20,338,0.72,8,250,1.13,7,457,0.55,3,413,0.45,17,769,0.62,8,896,0.7
2704,0,0.452,0.875,864,6440,1.64,222,10675,0.73,489,13452,1.3,190,20237,0.58,519,32429,0.45,163,23643,0.54
15624,0,0.452,0.717,18,247,0.89,11,343,1.13,9,524,0.62,7,584,0.75,25,1563,0.45,8,1332,0.47
6932,0,0.452,1.138,134,2141,0.76,80,2995,0.94,15,1190,0.45,17,1714,0.62,58,720,2.28,51,2243,1.78
26002,0,0.452,0.919,170,1919,1.08,90,1830,1.74,53,3888,0.49,60,3921,0.95,102,6381,0.45,78,7553,0.81
25552,0,0.452,0.967,94,1121,1.02,39,1529,0.9,10,794,0.45,27,1122,1.5,38,1184,0.91,23,1753,1.02
2047,0,0.451,1.373,196,2567,0.93,101,4119,0.87,16,1272,0.45,25,1722,0.9,16,201,2.25,60,1650,2.84
20553,0,0.451,0.844,232,2071,1.37,86,3220,0.94,106,3872,0.98,70,5509,0.79,170,10662,0.45,54,7888,0.53
11660,0,0.451,1.022,264,4098,0.79,161,5715,0.99,28,2228,0.45,37,3014,0.76,101,1670,1.71,90,4915,1.43
11292,0,0.45,0.788,324,3338,1.18,127,4263,1.05,94,5366,0.63,94,7073,0.83,186,11669,0.45,80,10673,0.59
22025,0,0.45,1.569,565,7847,0.88,435,12162,1.26,55,4379,0.45,120,6867,1.09,173,1635,2.99,371,10565,2.74
23846,0,0.45,0.736,687,7562,1.11,272,10120,0.95,205,11785,0.62,192,15913,0.75,395,24808,0.45,167,24475,0.53
5372,0,0.449,0.66,578,7199,0.98,182,11037,0.58,100,7248,0.49,118,9967,0.74,209,13147,0.45,114,12428,0.72
29285,0,0.449,1.126,28,462,0.74,18,600,1.06,8,309,0.93,3,416,0.45,24,238,2.85,6,643,0.73
32570,0,0.449,1.36,371,7274,0.62,268,9206,1.03,36,2875,0.45,65,4666,0.87,156,1617,2.73,219,6931,2.47
24122,0,0.449,0.651,466,6742,0.84,214,9190,0.82,94,6216,0.54,87,7753,0.7,137,8632,0.45,69,9798,0.55
31750,0,0.448,0.819,117,1828,0.78,40,1899,0.74,47,1962,0.86,20,2093,0.6,168,3187,1.49,21,3656,0.45
1252,0,0.448,0.734,377,3276,1.4,114,5268,0.76,111,5717,0.7,61,7217,0.53,228,11398,0.57,67,11682,0.45
29913,0,0.447,0.71,900,10650,1.03,242,14154,0.6,330,15803,0.75,312,20171,0.96,481,29049,0.47,190,33170,0.45
22668,0,0.447,0.706,22,195,1.38,4,316,0.45,8,510,0.56,4,512,0.49,12,376,0.9,4,676,0.46
31545,0,0.447,0.76,84,1004,1.02,20,1410,0.5,11,883,0.45,18,1089,1.03,29,938,0.87,16,1818,0.69
29730,0,0.446,0.851,26,231,1.37,4,267,0.53,3,241,0.45,8,291,1.71,8,436,0.52,3,444,0.53
18334,0,0.446,0.724,1122,16681,0.82,356,21488,0.58,191,11009,0.62,109,15216,0.45,271,6888,1.11,264,27108,0.76
25133,0,0.446,1.21,10,186,0.66,4,317,0.45,9,170,1.9,3,209,0.89,5,101,1.4,6,238,1.97
25137,0,0.445,1.076,36,773,0.57,37,1105,1.18,4,322,0.45,6,484,0.77,10,175,1.61,18,750,1.87
24826,0,0.445,0.682,9958,125759,0.97,1563,101613,0.54,301,24238,0.45,541,43203,0.78,5816,189227,0.87,338,54015,0.49
11601,0,0.445,0.726,218,3140,0.85,113,3835,1.04,59,4752,0.45,67,6064,0.69,275,9150,0.85,61,9741,0.49
28977,0,0.445,0.816,429,6511,0.8,100,5787,0.61,343,15854,0.78,137,19182,0.44,1282,23973,1.51,392,40861,0.75
18868,0,0.445,0.756,779,7217,1.32,286,10854,0.93,204,11745,0.62,151,14092,0.67,457,23309,0.55,120,21067,0.44
6974,0,0.445,0.892,22,295,0.91,5,397,0.44,10,286,1.25,2,263,0.47,7,198,1.0,4,246,1.27
16437,0,0.444,0.829,23,327,0.86,4,318,0.44,3,207,0.52,5,221,1.41,7,165,1.2,2,288,0.54
8371,0,0.444,1.432,41,561,0.89,24,805,1.05,4,323,0.44,10,457,1.36,16,196,2.31,19,585,2.54
15821,0,0.443,0.693,51,618,1.01,14,834,0.59,12,717,0.6,6,843,0.44,44,1241,1.0,10,1518,0.51
1162,0,0.443,1.153,15,229,0.8,5,360,0.49,2,143,0.5,2,281,0.44,19,181,2.97,10,455,1.72
7640,0,0.443,0.788,99,1482,0.81,36,1825,0.7,29,1855,0.56,28,2233,0.78,66,4211,0.44,58,3161,1.43
5946,0,0.443,1.33,66,860,0.94,38,1267,1.06,21,633,1.19,6,844,0.44,47,500,2.66,26,1198,1.69
8123,0,0.443,1.343,69,381,2.21,15,506,1.05,4,324,0.44,7,402,1.08,8,302,0.75,16,494,2.53
1264,0,0.443,1.222,141,2459,0.7,88,3502,0.89,9,729,0.44,20,1201,1.04,21,244,2.43,31,1320,1.83
3903,0,0.443,1.298,140,906,1.88,78,1470,1.87,58,1794,1.16,44,2170,1.26,75,4789,0.44,59,3956,1.16
30053,0,0.442,0.683,192,1989,1.18,73,2811,0.92,41,3322,0.44,35,4235,0.51,129,7233,0.5,51,7346,0.54
17612,0,0.442,2.737,108,353,3.73,55,541,3.59,55,543,3.63,46,1080,2.65,41,2619,0.44,47,1546,2.37
22862,0,0.442,1.278,534,5495,1.18,127,7002,0.64,51,4134,0.44,95,4784,1.24,188,1882,2.82,85,4941,1.34
12727,0,0.442,1.487,7,193,0.44,2,96,0.74,4,190,0.75,4,149,1.67,8,96,2.35,3,79,2.96
27091,0,0.442,0.843,68,982,0.84,18,1063,0.6,16,926,0.62,7,986,0.44,59,937,1.78,15,1506,0.78
6623,0,0.442,0.693,165,2194,0.92,53,2817,0.66,36,2919,0.44,34,3328,0.64,107,4311,0.7,61,5984,0.8
3949,0,0.442,0.945,50,687,0.89,15,1198,0.44,20,602,1.19,11,845,0.81,37,775,1.35,15,1187,0.99
13491,0,0.442,0.791,61,856,0.87,10,799,0.44,22,1254,0.63,28,1237,1.41,52,1706,0.86,14,2039,0.54
18443,0,0.442,0.825,79,993,0.97,48,1428,1.19,30,1464,0.73,26,2224,0.73,52,3326,0.44,31,2721,0.89
32071,0,0.442,0.786,718,7341,1.19,176,9835,0.63,347,12593,0.99,236,14597,1.01,375,23996,0.44,158,27033,0.46
5331,0,0.442,1.873,12,66,2.22,2,76,0.93,1,51,0.7,5,67,4.65,1,64,0.44,3,102,2.3
8326,0,0.442,0.684,53,826,0.78,22,930,0.84,4,226,0.63,5,342,0.91,1,64,0.44,3,471,0.5
10258,0,0.441,2.078,10,37,3.3,1,80,0.44,2,40,1.79,1,49,1.27,2,32,1.77,3,60,3.9
18262,0,0.441,0.74,280,2824,1.21,95,4087,0.82,103,5131,0.72,74,6524,0.71,207,13255,0.44,71,10181,0.54
25890,0,0.441,0.682,409,5324,0.94,173,6893,0.89,78,5170,0.54,81,7104,0.71,122,7820,0.44,88,11915,0.58
28778,0,0.441,0.583,305,4422,0.84,114,5900,0.68,88,7018,0.45,90,8844,0.63,264,16926,0.44,88,15175,0.45
2626,0,0.44,0.857,389,2870,1.65,135,4448,1.07,129,5408,0.86,74,7004,0.66,232,14895,0.44,67,11269,0.46
11766,0,0.44,2.096,778,8255,1.15,555,9956,1.97,26,2118,0.44,42,4751,0.55,43,155,7.84,3,374,0.63
5471,0,0.44,1.007,93,843,1.35,13,1043,0.44,67,1593,1.51,22,1379,0.99,38,866,1.24,7,1056,0.52
20816,0,0.44,1.565,32,181,2.16,19,254,2.64,4,326,0.44,9,405,1.38,18,544,0.94,16,682,1.83
10806,0,0.44,1.015,13,102,1.55,3,122,0.87,2,151,0.47,3,161,1.16,7,124,1.6,2,355,0.44
4999,0,0.439,1.127,16,444,0.44,14,659,0.75,3,192,0.56,3,239,0.78,4,49,2.31,11,446,1.93
31722,0,0.439,0.681,34,493,0.84,27,754,1.26,9,654,0.49,8,992,0.5,18,1158,0.44,9,1281,0.55
8377,0,0.439,0.75,353,3251,1.32,82,5125,0.56,56,4215,0.48,94,5566,1.05,84,5405,0.44,86,10464,0.64
1679,0,0.439,0.938,361,3302,1.33,161,4113,1.38,184,5623,1.17,92,8749,0.65,284,18281,0.44,94,11359,0.65
10964,0,0.439,1.225,9,99,1.11,11,151,2.57,2,137,0.52,4,231,1.08,8,515,0.44,7,336,1.63
24293,0,0.439,1.338,66,628,1.28,9,724,0.44,14,648,0.77,15,741,1.26,42,492,2.41,20,839,1.86
18293,0,0.439,0.683,127,1069,1.45,23,1695,0.48,54,2456,0.79,28,3879,0.45,109,6213,0.5,27,4803,0.44
14114,0,0.438,0.678,332,3843,1.05,137,5738,0.84,119,6292,0.68,81,8314,0.61,201,12745,0.45,64,11403,0.44
15602,0,0.438,2.375,37,157,2.87,6,257,0.82,25,165,5.43,6,331,1.13,4,258,0.44,51,1121,3.55
23027,0,0.438,0.713,262,3939,0.81,77,3448,0.79,48,3262,0.53,27,3839,0.44,148,5469,0.76,63,5196,0.95
27593,0,0.437,0.746,667,5977,1.36,249,8459,1.04,149,9945,0.54,124,12957,0.6,383,21325,0.51,114,20346,0.44
30388,0,0.437,6.222,11,48,2.79,3,77,1.38,6,74,2.91,31,214,9.02,5,323,0.44,57,214,20.8
850,0,0.437,0.647,195,2655,0.9,81,3115,0.92,41,3361,0.44,39,4334,0.56,119,5731,0.59,40,6458,0.48
2354,0,0.437,4.681,65,301,2.63,9,214,1.48,1,82,0.44,17,124,8.54,4,21,5.38,8,65,9.61
9786,0,0.437,1.033,6,103,0.71,10,143,2.47,2,164,0.44,5,220,1.42,7,336,0.59,3,405,0.58
12204,0,0.437,0.747,40,477,1.02,25,727,1.21,16,1038,0.55,15,1248,0.75,45,2503,0.51,12,2144,0.44
5413,0,0.437,0.834,115,800,1.75,30,1203,0.88,34,1705,0.71,24,2304,0.65,76,4916,0.44,26,3572,0.57
21916,0,0.436,1.271,90,546,2.01,35,828,1.49,55,1221,1.61,27,1897,0.89,63,4079,0.44,38,2507,1.18
14404,0,0.436,0.819,46,931,0.6,28,1219,0.81,10,610,0.59,5,714,0.44,25,396,1.78,10,1127,0.69
24332,0,0.436,1.148,172,1908,1.1,34,2754,0.44,42,2766,0.54,96,3041,1.97,146,1933,2.13,51,5618,0.71
10000,0,0.436,1.005,259,1853,1.7,97,3055,1.12,113,3085,1.31,59,4773,0.77,120,7781,0.44,52,5901,0.69
20621,0,0.436,1.426,196,3517,0.68,57,4177,0.48,18,1481,0.44,99,1986,3.1,122,1281,2.69,58,3904,1.16
13335,0,0.436,1.108,37,632,0.71,24,790,1.07,13,339,1.37,3,429,0.44,11,242,1.28,13,574,1.77
17880,0,0.434,0.884,53,783,0.83,22,1120,0.69,7,578,0.43,6,711,0.53,16,305,1.48,15,871,1.34
7291,0,0.434,1.316,80,1034,0.94,47,1443,1.15,12,991,0.43,19,1227,0.96,51,519,2.78,40,1919,1.63
20405,0,0.433,2.663,25,184,1.66,16,215,2.63,14,184,2.73,18,203,5.52,5,326,0.43,12,311,3.01
661,0,0.433,0.983,52,843,0.75,36,1491,0.85,4,331,0.43,8,535,0.93,7,140,1.41,18,927,1.52
11059,0,0.433,0.92,57,608,1.14,21,771,0.96,7,580,0.43,6,707,0.53,29,594,1.38,14,1015,1.08
3062,0,0.432,0.841,88,663,1.62,36,1028,1.24,25,1520,0.59,18,1761,0.64,56,3661,0.43,22,3225,0.53
14201,0,0.432,1.065,9,254,0.43,8,347,0.81,2,136,0.53,2,183,0.68,8,84,2.69,4,251,1.24
8097,0,0.432,1.468,46,297,1.89,31,357,3.07,9,421,0.77,12,634,1.18,19,1243,0.43,17,901,1.47
25103,0,0.432,1.467,10,255,0.48,21,534,1.39,1,83,0.43,1,107,0.58,2,29,1.95,20,393,3.97
9872,0,0.432,0.95,2,22,1.11,1,28,1.26,1,83,0.43,1,56,1.11,4,121,0.93,2,183,0.85
18167,0,0.431,1.242,9,75,1.46,2,75,0.94,7,98,2.56,4,162,1.54,4,219,0.52,1,181,0.43
9550,0,0.431,0.787,637,5892,1.32,210,9236,0.8,228,9551,0.86,111,12247,0.56,432,16236,0.75,95,17203,0.43
21965,0,0.431,0.666,334,3744,1.09,98,5426,0.64,103,6204,0.6,68,7586,0.56,321,13272,0.68,69,12495,0.43
24532,0,0.431,1.514,7,198,0.43,7,206,1.2,3,222,0.48,8,169,2.95,13,105,3.5,1,150,0.52
23241,0,0.431,0.983,20,338,0.72,8,475,0.59,5,193,0.93,2,289,0.43,5,126,1.12,12,446,2.1
17382,0,0.431,1.946,77,1334,0.7,21,1722,0.43,11,177,2.23,1,107,0.58,2,14,4.04,7,148,3.69
22565,0,0.43,0.713,41,468,1.07,20,704,1.0,11,850,0.46,13,1252,0.65,39,2562,0.43,17,1996,0.66
7207,0,0.43,1.394,430,6313,0.83,302,9437,1.13,32,2669,0.43,66,3827,1.07,110,1243,2.5,167,5441,2.4
26527,0,0.43,0.692,44,645,0.83,15,919,0.58,8,499,0.57,5,725,0.43,29,783,1.05,10,1125,0.69
29292,0,0.429,1.566,147,2538,0.71,100,3626,0.97,8,668,0.43,11,1217,0.56,23,175,3.71,62,1608,3.01
2316,0,0.429,0.75,204,3012,0.83,99,2998,1.17,58,3746,0.56,41,4304,0.59,237,7188,0.93,34,6185,0.43
25779,0,0.429,1.621,133,3001,0.54,37,3044,0.43,36,1367,0.94,90,1685,3.33,141,1261,3.16,54,3178,1.33
30715,0,0.429,0.676,876,10552,1.01,322,13777,0.83,169,14118,0.43,195,17508,0.69,486,24993,0.55,182,25994,0.55
32250,0,0.429,1.096,30,404,0.91,19,414,1.62,21,652,1.15,15,839,1.11,29,1910,0.43,20,1154,1.35
8828,0,0.428,0.615,344,4753,0.88,129,6512,0.7,145,8018,0.65,95,10017,0.59,225,14507,0.44,88,16036,0.43
22805,0,0.428,0.722,112,1528,0.89,40,2073,0.68,16,1200,0.48,24,1493,1.0,23,1518,0.43,20,1834,0.85
16149,0,0.428,0.954,56,785,0.87,28,994,0.99,4,262,0.55,3,437,0.43,13,178,2.06,5,477,0.82
24331,0,0.427,0.809,211,2016,1.28,88,2493,1.25,37,2779,0.48,43,3477,0.77,78,5158,0.43,37,4382,0.66
6533,0,0.427,0.935,125,1662,0.92,42,1726,0.86,53,1500,1.27,13,1787,0.45,109,1824,1.69,13,2378,0.43
12143,0,0.427,1.249,42,561,0.91,34,807,1.49,4,336,0.43,5,433,0.72,20,234,2.42,13,662,1.53
20755,0,0.427,1.499,5,48,1.27,3,39,2.72,1,84,0.43,2,84,1.48,6,142,1.19,4,164,1.9
14799,0,0.427,1.459,71,897,0.97,42,1356,1.09,5,420,0.43,12,662,1.13,24,219,3.1,25,957,2.04
18680,0,0.426,0.685,496,4582,1.32,122,6674,0.65,149,7321,0.73,81,9539,0.53,279,17053,0.46,80,14647,0.43
13553,0,0.426,0.96,276,2172,1.55,99,3280,1.07,118,3746,1.13,64,5324,0.75,165,10937,0.43,86,7964,0.84
13074,0,0.425,0.738,97,1549,0.76,24,1992,0.43,12,706,0.61,6,818,0.46,25,527,1.34,13,1218,0.83
5266,0,0.425,0.795,302,3676,1.0,96,3926,0.86,32,1388,0.83,23,1694,0.85,6,399,0.42,18,1746,0.8
18084,0,0.425,0.793,92,1224,0.92,40,1621,0.87,23,1141,0.72,9,1320,0.42,66,1898,0.98,23,2134,0.84
1744,0,0.425,0.705,232,2923,0.97,82,4666,0.62,101,6165,0.59,70,7250,0.6,322,8862,1.03,73,13425,0.42
21860,0,0.424,1.134,38,717,0.65,11,916,0.42,11,418,0.94,8,514,0.97,25,283,2.5,12,706,1.33
3415,0,0.424,1.006,63,1199,0.64,37,1479,0.88,7,592,0.42,11,786,0.87,13,231,1.59,31,1488,1.63
17153,0,0.424,0.763,89,1022,1.06,32,1487,0.76,26,1163,0.8,23,1423,1.01,19,1029,0.52,14,2579,0.42
26114,0,0.424,1.398,48,571,1.03,27,857,1.11,5,423,0.42,10,565,1.1,27,229,3.33,16,899,1.39
22319,0,0.424,0.709,21,436,0.59,19,518,1.3,9,576,0.56,4,588,0.42,22,723,0.86,6,883,0.53
27215,0,0.424,0.748,5,107,0.57,1,77,0.46,2,114,0.63,1,147,0.42,6,173,0.98,4,219,1.43
24312,0,0.424,0.966,167,3112,0.65,83,3985,0.74,20,1693,0.42,16,2222,0.45,64,856,2.11,61,3345,1.42
18919,0,0.423,0.779,286,4499,0.78,148,4871,1.07,75,5009,0.54,35,5150,0.42,210,5296,1.12,74,7778,0.74
14769,0,0.423,0.718,27,314,1.05,9,470,0.68,5,424,0.42,9,525,1.07,15,754,0.56,6,881,0.53
16235,0,0.423,0.726,86,1258,0.83,50,1671,1.06,28,1653,0.61,24,2042,0.73,53,3543,0.42,30,3328,0.7
4057,0,0.422,0.663,467,5315,1.07,168,7672,0.77,96,8118,0.42,87,9783,0.55,356,13724,0.73,86,15898,0.42
20802,0,0.422,0.813,18,249,0.88,9,285,1.12,3,182,0.59,3,215,0.87,10,283,1.0,2,370,0.42
18124,0,0.422,0.77,9,110,1.0,4,164,0.86,5,203,0.88,4,270,0.92,7,369,0.54,2,370,0.42
6259,0,0.422,0.954,44,564,0.95,11,747,0.52,4,340,0.42,10,476,1.31,14,312,1.27,11,685,1.25
12824,0,0.422,1.859,9,33,3.33,3,61,1.74,4,60,2.39,2,69,1.81,2,134,0.42,2,106,1.47
24567,0,0.421,0.829,273,2173,1.53,62,3464,0.63,126,3770,1.2,59,5096,0.72,99,5973,0.47,40,7418,0.42
29976,0,0.421,0.912,95,1340,0.86,59,2177,0.96,5,233,0.77,3,444,0.42,1,27,1.05,13,719,1.41
24152,0,0.421,0.922,30,208,1.76,4,287,0.49,4,261,0.55,10,391,1.59,6,403,0.42,5,544,0.72
27729,0,0.42,1.637,2,58,0.42,3,59,1.8,1,55,0.65,2,43,2.9,2,40,1.41,2,59,2.65
7731,0,0.42,1.208,56,509,1.34,12,616,0.69,6,512,0.42,7,620,0.7,41,346,3.35,10,1044,0.75
23058,0,0.42,1.008,61,999,0.74,25,1263,0.7,5,378,0.47,4,593,0.42,13,160,2.3,13,717,1.42
29796,0,0.42,1.828,5,30,2.03,3,52,2.04,11,76,5.19,1,82,0.76,3,159,0.53,1,186,0.42
8782,0,0.419,1.127,25,403,0.76,9,512,0.62,12,243,1.77,2,297,0.42,13,203,1.81,9,508,1.38
27664,0,0.419,0.977,36,688,0.64,30,968,1.09,2,171,0.42,2,228,0.55,3,57,1.49,9,419,1.68
26443,0,0.419,0.684,480,5791,1.01,248,8303,1.05,109,7728,0.51,94,9431,0.62,254,14494,0.5,80,14910,0.42
32188,0,0.419,0.998,19,208,1.11,3,253,0.42,2,103,0.7,2,120,1.04,5,82,1.72,3,235,1.0
17490,0,0.418,0.808,527,4392,1.46,148,6167,0.85,88,4185,0.75,49,4657,0.66,136,5393,0.71,31,5784,0.42
27115,0,0.418,0.819,537,4995,1.31,213,7832,0.96,169,7481,0.81,54,8041,0.42,357,11355,0.89,106,15768,0.52
14228,0,0.418,1.018,6,87,0.84,5,125,1.41,3,193,0.56,5,159,1.96,5,338,0.42,5,425,0.92
23105,0,0.418,0.82,44,731,0.73,10,773,0.46,16,631,0.91,5,745,0.42,39,881,1.25,19,1289,1.15
23533,0,0.418,0.845,31,379,1.0,13,472,0.97,9,453,0.71,3,447,0.42,21,583,1.02,9,736,0.95
31735,0,0.418,1.332,18,322,0.68,13,458,1.0,10,457,0.78,4,596,0.42,34,442,2.17,17,453,2.93
18895,0,0.417,1.772,48,619,0.95,34,967,1.24,3,258,0.42,9,380,1.48,13,80,4.59,17,677,1.96
28566,0,0.417,1.164,137,1166,1.43,65,1465,1.57,43,1730,0.89,58,2533,1.43,73,4950,0.42,62,3862,1.25
18952,0,0.416,0.738,15,244,0.75,5,339,0.52,12,305,1.41,5,429,0.73,8,372,0.61,3,563,0.42
168,0,0.416,0.966,80,1468,0.66,18,1529,0.42,22,1408,0.56,35,2083,1.05,74,943,2.22,55,4818,0.89
10945,0,0.416,0.928,25,225,1.35,9,334,0.95,20,487,1.47,9,705,0.8,14,952,0.42,8,1075,0.58
3667,0,0.415,0.873,44,844,0.64,26,989,0.93,7,554,0.45,4,600,0.42,21,377,1.57,11,698,1.23
798,0,0.415,0.636,373,4494,1.01,137,6365,0.76,106,6927,0.55,77,8045,0.6,226,13158,0.49,63,11849,0.42
6340,0,0.415,0.855,1249,24165,0.63,690,32305,0.75,186,16066,0.42,166,18059,0.57,555,10007,1.57,440,28823,1.19
10350,0,0.415,0.689,131,1660,0.96,47,2329,0.71,27,2333,0.41,26,2815,0.58,110,4048,0.77,41,4574,0.7
28984,0,0.415,1.314,64,306,2.55,17,448,1.34,19,389,1.75,5,751,0.41,17,1031,0.47,12,687,1.36
15738,0,0.414,1.829,21,346,0.74,4,341,0.41,7,215,1.17,2,224,0.56,6,72,2.35,5,68,5.74
29704,0,0.414,0.728,368,3998,1.12,99,5242,0.67,64,5544,0.41,108,6925,0.97,185,8637,0.61,81,10767,0.59
25309,0,0.413,0.827,96,1042,1.12,48,1218,1.39,18,1563,0.41,22,1677,0.82,73,2581,0.8,14,2621,0.42
6863,0,0.412,0.882,42,595,0.86,13,722,0.64,12,504,0.85,4,604,0.41,23,493,1.32,13,837,1.21
4504,0,0.412,2.059,44,1301,0.41,28,1273,0.78,44,1315,1.2,121,1322,5.7,21,1251,0.47,63,1298,3.79
14958,0,0.412,1.041,197,1458,1.65,52,2274,0.81,143,3087,1.66,71,4519,0.98,121,8292,0.41,62,6533,0.74
26048,0,0.412,0.847,179,1774,1.23,63,2210,1.01,35,3044,0.41,68,3348,1.27,95,4874,0.55,41,5176,0.62
27595,0,0.412,1.129,1,29,0.42,1,56,0.63,1,87,0.41,2,84,1.48,4,90,1.26,3,91,2.57
14128,0,0.411,1.215,94,1836,0.62,80,2420,1.17,18,1025,0.63,10,1514,0.41,30,438,1.94,73,2260,2.52
3228,0,0.411,1.069,48,669,0.87,17,745,0.81,5,436,0.41,7,429,1.02,27,278,2.74,4,557,0.56
26336,0,0.41,0.757,74,536,1.68,14,946,0.52,17,927,0.66,16,1293,0.77,32,2203,0.41,13,2045,0.5
15735,0,0.41,0.702,613,6181,1.21,250,8696,1.02,118,10310,0.41,109,12550,0.54,450,22775,0.56,126,20558,0.48
16777,0,0.41,1.319,149,1649,1.1,19,1635,0.41,37,583,2.28,15,658,1.42,28,507,1.56,10,683,1.14
30337,0,0.41,0.732,262,3096,1.03,68,4120,0.58,89,3649,0.87,25,3795,0.41,151,5179,0.82,40,4680,0.67
7489,0,0.41,0.648,499,6466,0.94,174,8874,0.69,186,10199,0.65,154,13384,0.72,301,20742,0.41,116,19055,0.48
24350,0,0.41,0.873,16,144,1.35,4,191,0.74,2,106,0.68,1,152,0.41,3,113,0.75,3,179,1.31
4983,0,0.41,0.607,35,639,0.67,12,906,0.47,5,348,0.52,3,271,0.69,1,69,0.41,3,262,0.89
17766,0,0.409,0.998,114,1719,0.81,56,2495,0.79,15,1101,0.49,9,1369,0.41,36,548,1.86,35,1674,1.63
12866,0,0.409,0.833,208,3755,0.68,70,3954,0.63,27,2366,0.41,27,2806,0.6,63,1189,1.5,58,3804,1.19
23518,0,0.409,1.307,25,379,0.8,10,544,0.65,3,263,0.41,6,397,0.94,17,150,3.2,12,510,1.84
27207,0,0.409,1.648,54,233,2.83,16,362,1.56,23,400,2.06,11,487,1.41,16,1106,0.41,15,720,1.63
18763,0,0.409,0.91,859,6985,1.5,307,9965,1.09,246,10165,0.87,190,14445,0.82,409,28280,0.41,209,21054,0.78
18532,0,0.408,1.019,91,1025,1.08,41,1034,1.4,40,1011,1.42,12,1141,0.66,60,1474,1.15,7,1338,0.41
1665,0,0.408,0.964,213,1378,1.88,56,2552,0.77,76,2327,1.17,61,3390,1.12,103,7127,0.41,29,5322,0.43
15388,0,0.408,1.042,64,1070,0.73,16,1385,0.41,13,1046,0.45,26,1503,1.08,27,360,2.12,50,2652,1.47
3106,0,0.408,1.045,92,1424,0.79,39,2118,0.65,11,967,0.41,14,1213,0.72,42,497,2.39,42,2495,1.31
4052,0,0.408,0.956,77,1153,0.81,50,1175,1.5,25,1336,0.67,9,1375,0.41,75,1457,1.45,22,1933,0.89
7995,0,0.408,0.696,184,1954,1.15,95,3060,1.1,45,3958,0.41,48,6330,0.47,181,9350,0.55,52,8062,0.5
6562,0,0.407,0.676,54,1174,0.56,35,1495,0.83,12,1056,0.41,11,1251,0.55,27,704,1.08,9,1113,0.63
30233,0,0.407,0.775,46,631,0.89,19,817,0.82,7,454,0.55,4,612,0.41,19,463,1.16,11,1047,0.82
9588,0,0.407,0.756,390,5282,0.9,291,7400,1.39,98,8115,0.43,146,9441,0.96,251,17425,0.41,87,15331,0.44
30722,0,0.407,0.756,116,1318,1.07,23,1997,0.41,39,2063,0.68,22,2650,0.52,159,3532,1.27,35,4657,0.59
28873,0,0.406,0.672,425,4318,1.2,134,5776,0.82,110,6962,0.57,86,9364,0.57,291,17592,0.47,73,14022,0.41
17564,0,0.406,1.345,53,795,0.81,25,1111,0.79,5,441,0.41,14,662,1.32,42,325,3.65,15,1075,1.09
144,0,0.406,1.343,17,510,0.41,20,589,1.2,8,343,0.84,8,413,1.21,31,242,3.62,7,694,0.79
15940,0,0.406,0.722,87,1210,0.88,44,1603,0.97,23,1465,0.56,26,1600,1.01,40,2252,0.5,12,2306,0.41
23380,0,0.406,0.88,535,4824,1.35,141,6946,0.72,285,8995,1.14,147,10759,0.85,299,10295,0.82,89,17111,0.41
17299,0,0.406,0.731,24,474,0.62,10,601,0.59,3,265,0.41,7,304,1.43,5,152,0.93,2,378,0.41
15292,0,0.406,0.892,8,153,0.64,11,205,1.89,7,322,0.78,2,307,0.41,6,279,0.61,9,684,1.03
15766,0,0.406,0.75,26,245,1.29,8,399,0.71,16,517,1.11,4,559,0.45,15,1045,0.41,6,873,0.54
17101,0,0.405,1.924,191,3829,0.61,48,2439,0.69,174,2461,2.53,128,1628,4.9,123,1447,2.4,7,1348,0.41
13253,0,0.405,0.58,33,559,0.72,9,660,0.48,5,410,0.44,3,461,0.41,8,287,0.79,5,602,0.65
5919,0,0.405,1.186,70,1124,0.76,46,1572,1.03,7,620,0.4,11,776,0.88,34,403,2.38,29,1371,1.65
30622,0,0.405,0.796,253,4426,0.7,161,5432,1.05,47,4164,0.4,45,4463,0.63,122,3405,1.01,104,8229,0.99
17671,0,0.404,0.753,70,990,0.86,15,1310,0.4,5,261,0.69,5,483,0.64,4,94,1.2,6,653,0.72
31609,0,0.404,0.81,167,1882,1.08,39,2061,0.67,41,1471,1.0,25,2108,0.74,98,2867,0.97,15,2897,0.4
27501,0,0.404,1.25,53,608,1.06,12,1049,0.4,10,740,0.48,21,990,1.32,18,157,3.24,34,2689,0.99
3450,0,0.404,1.438,108,748,1.76,90,893,3.56,31,1093,1.02,22,3394,0.4,87,5942,0.41,76,4019,1.48
25990,0,0.404,2.163,34,127,3.26,15,131,4.04,2,133,0.54,3,463,0.4,13,495,0.74,20,392,3.98
10625,0,0.404,0.738,127,1433,1.08,79,2025,1.38,33,2306,0.51,24,2758,0.54,98,5432,0.51,22,4257,0.4
10011,0,0.403,1.268,105,1465,0.87,54,2125,0.9,6,415,0.52,5,772,0.4,15,174,2.44,28,881,2.48
17269,0,0.403,0.964,46,807,0.7,26,1061,0.87,8,711,0.4,19,855,1.38,25,580,1.22,16,1028,1.22
13264,0,0.403,0.808,459,8392,0.67,200,10294,0.69,59,5244,0.4,96,6687,0.89,138,3097,1.26,116,9679,0.94
19549,0,0.403,2.496,18,190,1.16,16,333,1.7,17,295,2.07,24,630,2.37,14,981,0.4,47,504,7.28
7475,0,0.403,0.629,213,2002,1.3,54,2878,0.66,48,3541,0.49,35,4272,0.51,107,7499,0.4,36,6746,0.42
13985,0,0.403,0.827,515,6088,1.03,158,7000,0.8,233,6337,1.32,87,8805,0.62,390,13794,0.8,59,11426,0.4
24144,0,0.403,1.001,824,6679,1.5,402,9320,1.52,280,11684,0.86,273,17724,0.96,570,39960,0.4,258,26641,0.76
6672,0,0.403,0.552,95,1656,0.7,43,2045,0.74,34,3024,0.4,25,3493,0.45,119,6157,0.55,37,6098,0.47
294,0,0.403,1.051,68,706,1.17,30,857,1.24,31,1120,0.99,33,1499,1.37,37,2594,0.4,35,2418,1.13
2294,0,0.403,0.996,27,421,0.78,10,525,0.67,3,267,0.4,5,301,1.03,11,193,1.61,7,371,1.47
7796,0,0.403,0.811,237,1694,1.71,73,2822,0.91,87,3665,0.85,35,5027,0.43,173,8714,0.56,38,7367,0.4
1245,0,0.402,1.242,138,873,1.93,36,1417,0.9,111,1760,2.26,42,2447,1.07,72,5058,0.4,37,3218,0.9
2737,0,0.402,0.611,237,3397,0.85,82,4366,0.66,54,4817,0.4,52,5662,0.57,233,8965,0.73,52,9183,0.44
14655,0,0.402,0.997,45,413,1.33,7,615,0.4,49,791,2.22,18,1024,1.09,22,1217,0.51,7,1278,0.43
7469,0,0.402,0.846,9,147,0.75,3,158,0.67,3,116,0.93,1,155,0.4,8,121,1.87,1,169,0.46
12883,0,0.402,0.86,56,525,1.3,23,656,1.24,13,975,0.48,20,1161,1.07,28,1970,0.4,15,1759,0.67
17919,0,0.401,0.695,56,575,1.19,12,661,0.64,9,804,0.4,14,1071,0.81,32,1670,0.54,12,1599,0.59
4206,0,0.401,1.04,10,125,0.98,4,352,0.4,3,146,0.74,4,269,0.93,1,25,1.13,17,641,2.07
27435,0,0.401,0.539,151,2563,0.72,60,4691,0.45,48,2620,0.66,23,3154,0.45,121,6216,0.55,24,4671,0.4
10441,0,0.401,0.742,138,1446,1.16,21,1850,0.4,23,1358,0.61,23,1275,1.12,18,871,0.58,8,1088,0.57
21285,0,0.401,1.179,49,735,0.81,35,856,1.44,8,638,0.45,5,777,0.4,50,550,2.57,19,1059,1.4
868,0,0.401,1.194,92,602,1.86,15,1322,0.4,28,715,1.4,18,660,1.7,28,600,1.32,5,811,0.48
26257,0,0.401,1.012,20,313,0.78,17,355,1.69,17,451,1.35,7,464,0.94,13,917,0.4,10,858,0.91
3215,0,0.401,0.765,37,587,0.77,10,844,0.42,4,358,0.4,3,452,0.41,12,236,1.44,8,541,1.15
5047,0,0.4,1.762,9,114,0.96,11,99,3.92,9,157,2.06,17,768,1.38,14,988,0.4,15,632,1.85
10312,0,0.4,0.834,18,148,1.48,5,242,0.73,4,220,0.65,5,265,1.18,4,200,0.57,2,390,0.4
970,0,0.4,0.676,474,4788,1.21,171,7054,0.86,140,7566,0.66,78,9659,0.5,259,18283,0.4,81,14772,0.43
20148,0,0.4,4.054,18,79,2.78,21,104,7.13,4,108,1.33,15,145,6.44,6,424,0.4,16,200,6.25
13544,0,0.4,1.035,26,352,0.9,14,554,0.89,3,269,0.4,5,377,0.83,13,204,1.8,12,674,1.39
23091,0,0.399,0.642,173,1528,1.38,27,2190,0.44,44,2335,0.68,23,2913,0.49,70,4952,0.4,26,4318,0.47
29603,0,0.399,0.637,285,3746,0.93,85,4260,0.7,68,5180,0.47,81,6006,0.84,151,8851,0.48,56,10946,0.4
21606,0,0.399,1.241,13,258,0.61,11,309,1.26,3,104,1.03,1,156,0.4,6,78,2.17,6,238,1.97
12326,0,0.399,1.688,25,331,0.92,16,463,1.22,4,89,1.61,1,156,0.4,5,31,4.56,3,165,1.42
13025,0,0.399,0.706,49,784,0.76,40,1036,1.36,13,1168,0.4,16,1574,0.63,56,2463,0.64,16,2853,0.44
3027,0,0.399,0.873,69,456,1.85,16,582,0.97,26,869,1.07,8,1249,0.4,34,2397,0.4,13,1847,0.55
14257,0,0.398,1.103,14,195,0.88,19,292,2.3,10,373,0.96,3,469,0.4,19,799,0.67,13,717,1.42
11256,0,0.398,0.875,43,661,0.79,14,636,0.78,7,211,1.19,4,228,1.09,2,142,0.4,3,234,1.0
22885,0,0.398,0.691,174,1976,1.07,75,2748,0.96,38,3423,0.4,36,3855,0.58,135,6439,0.59,44,6422,0.53
25782,0,0.398,0.728,8,105,0.93,4,165,0.86,6,179,1.2,2,313,0.4,9,629,0.4,3,404,0.58
18379,0,0.398,1.393,98,1703,0.7,55,2355,0.82,6,541,0.4,13,971,0.83,16,145,3.12,40,1259,2.48
23915,0,0.397,0.899,31,596,0.63,27,712,1.34,10,682,0.53,4,627,0.4,27,455,1.68,6,569,0.82
1564,0,0.397,0.633,207,2950,0.86,75,3874,0.68,43,3880,0.4,43,4692,0.57,134,4765,0.79,41,6487,0.49
28580,0,0.397,1.945,13,30,5.28,1,89,0.4,3,62,1.73,1,69,0.9,1,34,0.83,3,93,2.52
29942,0,0.397,0.694,197,1866,1.29,31,2760,0.4,90,4468,0.72,56,5144,0.68,121,6756,0.51,71,9639,0.58
32701,0,0.396,0.889,34,299,1.39,9,406,0.78,11,310,1.27,4,417,0.6,7,499,0.4,7,608,0.9
15751,0,0.396,1.575,25,330,0.92,6,406,0.52,2,181,0.4,9,236,2.38,10,103,2.74,10,314,2.49
22329,0,0.396,1.324,24,305,0.96,16,455,1.24,2,181,0.4,4,243,1.03,9,112,2.27,10,381,2.05
17961,0,0.396,0.66,276,4510,0.75,161,6221,0.91,76,6879,0.4,116,7921,0.91,272,14057,0.55,72,12719,0.44
10490,0,0.396,0.758,38,390,1.19,14,583,0.85,18,626,1.03,9,841,0.67,16,1142,0.4,6,1112,0.42
17402,0,0.396,0.887,568,5505,1.26,230,7729,1.05,277,8881,1.12,182,11108,1.02,245,17497,0.4,102,16599,0.48
7448,0,0.396,0.675,49,745,0.8,18,737,0.86,18,873,0.74,7,880,0.5,26,973,0.76,6,1184,0.4
26581,0,0.395,0.973,22,163,1.65,17,267,2.25,9,516,0.63,7,987,0.44,34,2430,0.4,9,1455,0.48
2289,0,0.395,1.677,57,863,0.81,46,1196,1.36,4,363,0.4,17,548,1.93,28,190,4.16,14,776,1.41
23180,0,0.395,0.967,33,269,1.5,10,364,0.97,8,450,0.64,4,631,0.39,11,303,1.03,18,1099,1.28
24705,0,0.394,0.908,269,1982,1.65,62,3328,0.66,154,3810,1.45,71,5608,0.79,170,12183,0.39,53,8239,0.5
25843,0,0.393,0.967,706,9773,0.88,650,19545,1.17,83,7246,0.41,63,9976,0.39,122,2522,1.37,399,19797,1.57
30961,0,0.393,0.691,92,798,1.41,29,1074,0.95,19,1322,0.52,11,1487,0.46,39,2805,0.39,12,2242,0.42
11334,0,0.393,0.706,527,7075,0.91,235,8536,0.97,122,10070,0.43,84,10682,0.49,402,10932,1.04,101,20087,0.39
30631,0,0.392,0.831,27,453,0.73,11,695,0.56,2,142,0.5,5,181,1.72,1,72,0.39,3,217,1.08
27266,0,0.392,4.217,10,26,4.69,9,27,11.77,4,22,6.52,2,178,0.7,2,144,0.39,3,190,1.23
19600,0,0.392,0.567,309,3903,0.97,90,5560,0.57,64,5846,0.39,54,6840,0.49,209,10915,0.54,63,11169,0.44
20017,0,0.392,0.807,5,139,0.44,1,90,0.39,3,165,0.65,5,180,1.73,4,176,0.64,4,316,0.99
20074,0,0.392,0.84,39,381,1.25,21,541,1.37,12,726,0.59,10,979,0.64,26,1873,0.39,17,1660,0.8
17852,0,0.392,3.223,46,307,1.83,18,290,2.19,15,303,1.77,24,686,2.18,14,1010,0.39,78,555,10.97
29435,0,0.391,0.758,36,302,1.45,8,345,0.82,5,458,0.39,8,586,0.85,13,646,0.57,5,838,0.47
21575,0,0.391,0.71,106,1600,0.81,17,1534,0.39,28,1235,0.81,11,1265,0.54,73,1778,1.16,12,1721,0.54
12975,0,0.391,0.728,81,1220,0.81,59,1679,1.24,29,1961,0.53,41,2803,0.91,91,5323,0.48,21,4192,0.39
22328,0,0.391,1.22,65,853,0.93,37,1168,1.12,6,550,0.39,14,838,1.04,32,363,2.49,19,1099,1.35
21605,0,0.391,0.731,106,797,1.62,26,1300,0.71,26,1459,0.64,19,1868,0.63,44,3180,0.39,16,3146,0.4
30203,0,0.391,0.659,56,807,0.85,26,1258,0.73,29,1214,0.86,9,1434,0.39,41,1865,0.62,16,2448,0.51
17749,0,0.391,0.939,76,1296,0.72,37,1690,0.77,8,734,0.39,10,917,0.68,32,492,1.84,20,1262,1.24
21651,0,0.39,1.472,191,1150,2.03,82,2056,1.41,130,2442,1.91,100,3742,1.66,92,6659,0.39,87,4729,1.44
14805,0,0.39,0.884,50,911,0.67,16,1448,0.39,5,318,0.56,8,504,0.99,8,123,1.84,7,639,0.86
12378,0,0.39,1.336,83,1143,0.89,78,1424,1.93,15,740,0.73,7,1118,0.39,23,316,2.06,54,2083,2.02
9204,0,0.39,0.592,289,4783,0.74,95,5757,0.58,54,4967,0.39,82,6279,0.81,134,7954,0.48,69,9788,0.55
11481,0,0.39,0.589,132,2057,0.78,29,2462,0.42,43,2844,0.54,48,3483,0.86,90,4650,0.55,30,6012,0.39
21115,0,0.389,0.711,33,490,0.82,6,544,0.39,6,266,0.81,3,349,0.54,12,315,1.08,5,616,0.63
15267,0,0.389,0.903,5,55,1.11,3,110,0.96,4,112,1.28,1,160,0.39,3,200,0.42,3,187,1.25
9356,0,0.389,1.092,341,2168,1.92,90,3484,0.91,160,3704,1.55,96,5268,1.14,128,9309,0.39,62,7461,0.65
3881,0,0.389,0.954,200,1981,1.23,164,3146,1.84,105,4897,0.77,94,6154,0.95,249,13003,0.54,53,10651,0.39
7797,0,0.388,0.738,409,4569,1.09,219,6958,1.11,123,7693,0.57,79,10297,0.48,372,13391,0.79,69,13881,0.39
25780,0,0.388,0.809,6,65,1.13,1,91,0.39,4,122,1.18,3,165,1.13,5,281,0.5,2,295,0.53
16511,0,0.388,0.68,239,2189,1.33,49,2703,0.64,50,3290,0.54,40,4635,0.54,101,7359,0.39,56,6880,0.64
14687,0,0.388,0.65,33,353,1.14,6,461,0.46,5,428,0.42,9,533,1.05,10,729,0.39,5,887,0.44
14793,0,0.387,0.755,232,1864,1.52,42,2805,0.53,87,2923,1.07,31,3714,0.52,86,6273,0.39,37,5696,0.51
24215,0,0.387,0.763,406,3051,1.62,61,4517,0.48,181,6087,1.07,72,7948,0.56,211,15399,0.39,81,13725,0.46
7483,0,0.387,0.649,514,5773,1.09,169,8577,0.7,148,10269,0.52,98,12933,0.47,594,22777,0.74,106,21377,0.39
18891,0,0.387,0.927,33,270,1.49,8,402,0.7,17,404,1.51,9,557,1.01,9,657,0.39,5,838,0.47
32494,0,0.387,2.017,2,14,1.74,2,15,4.71,1,18,1.99,1,66,0.94,1,73,0.39,2,67,2.33
12296,0,0.387,0.789,311,3286,1.15,89,4828,0.65,132,5928,0.8,44,7083,0.39,260,5706,1.29,62,10648,0.45
29488,0,0.387,0.766,23,260,1.08,8,380,0.74,14,489,1.03,9,667,0.84,20,1088,0.52,5,1009,0.39
29003,0,0.387,0.841,53,500,1.29,8,690,0.41,32,834,1.38,17,1039,1.02,16,1169,0.39,10,1391,0.56
18210,0,0.386,1.516,41,213,2.35,16,388,1.46,33,590,2.01,16,659,1.51,16,1170,0.39,17,957,1.39
32350,0,0.386,1.177,18,251,0.87,10,335,1.05,11,457,0.86,4,645,0.39,40,369,3.06,9,853,0.82
16410,0,0.386,0.588,169,1769,1.16,27,2469,0.39,62,3042,0.73,28,3983,0.44,100,7250,0.39,34,6355,0.42
30094,0,0.385,1.418,65,970,0.82,45,1547,1.03,6,558,0.39,28,824,2.12,23,276,2.35,46,1988,1.81
6176,0,0.385,0.914,164,2451,0.82,34,3117,0.39,35,1694,0.74,25,1880,0.83,72,1117,1.82,30,2625,0.89
18641,0,0.385,0.894,3,95,0.39,4,129,1.09,3,167,0.64,6,243,1.54,7,274,0.72,5,398,0.98
7397,0,0.385,0.978,68,1454,0.57,36,1653,0.77,14,1046,0.48,8,1295,0.38,57,712,2.26,36,2006,1.4
20295,0,0.385,0.639,497,6516,0.93,209,8910,0.83,107,9327,0.41,155,12084,0.8,252,18514,0.38,109,17760,0.48
11299,0,0.384,1.124,10,78,1.56,2,101,0.7,5,104,1.72,3,104,1.8,2,147,0.38,1,135,0.58
8919,0,0.384,0.617,232,2390,1.18,72,3887,0.65,65,4115,0.57,39,5092,0.48,168,10861,0.44,39,7920,0.38
1980,0,0.384,0.749,178,2500,0.87,63,2761,0.81,64,2676,0.86,27,3020,0.56,136,3760,1.02,22,4473,0.38
29010,0,0.384,1.716,31,298,1.27,17,495,1.21,34,568,2.15,37,780,2.95,23,1693,0.38,39,1305,2.33
16195,0,0.383,1.137,36,554,0.79,26,826,1.11,4,374,0.38,9,535,1.05,16,241,1.88,16,775,1.61
712,0,0.383,0.647,269,4658,0.7,157,4997,1.11,66,5710,0.41,36,5849,0.38,151,5494,0.78,43,6832,0.49
18476,0,0.383,0.94,243,3583,0.83,129,3561,1.28,103,2931,1.26,20,3252,0.38,156,3109,1.42,16,2656,0.47
24308,0,0.383,0.599,173,1964,1.07,47,2536,0.65,47,3703,0.46,47,7447,0.39,163,12034,0.38,69,8508,0.63
10062,0,0.382,1.082,6,42,1.74,4,111,1.27,1,67,0.54,1,72,0.87,1,74,0.38,2,92,1.7
6448,0,0.382,0.783,14,198,0.86,2,185,0.38,6,159,1.35,1,150,0.42,4,101,1.12,1,138,0.57
145,0,0.382,0.974,46,335,1.67,12,395,1.07,13,385,1.21,5,816,0.38,14,1022,0.39,13,910,1.12
18459,0,0.382,0.659,33,290,1.39,6,421,0.5,7,557,0.45,7,758,0.58,16,1185,0.38,10,1191,0.66
14538,0,0.381,1.118,138,1629,1.03,30,2777,0.38,53,1888,1.01,41,2621,0.97,134,1902,1.99,58,3419,1.32
23473,0,0.381,1.332,43,537,0.98,20,847,0.83,3,282,0.38,4,421,0.59,19,146,3.68,13,662,1.53
27844,0,0.381,0.905,31,344,1.1,13,490,0.94,2,188,0.38,2,215,0.58,6,130,1.3,4,276,1.13
19066,0,0.381,1.237,56,896,0.76,40,1294,1.09,2,188,0.38,7,330,1.32,3,43,1.97,14,577,1.89
15831,0,0.381,0.823,210,3032,0.84,142,3789,1.32,92,4994,0.66,91,5472,1.04,166,6794,0.69,44,9008,0.38
7703,0,0.381,0.862,785,5508,1.74,224,9666,0.82,329,11341,1.04,163,16424,0.62,485,35953,0.38,178,24208,0.57
25212,0,0.381,0.756,190,2851,0.81,85,3379,0.89,62,3676,0.6,23,3758,0.38,151,4001,1.07,55,5480,0.78
26800,0,0.381,0.757,109,1624,0.82,18,1670,0.38,29,1783,0.58,15,1738,0.54,114,1977,1.63,20,2632,0.59
22242,0,0.381,0.953,1006,14222,0.86,360,20488,0.62,87,8196,0.38,147,11347,0.81,271,4268,1.79,248,15468,1.25
2381,0,0.38,0.809,121,986,1.5,58,1458,1.4,22,2043,0.39,25,2716,0.57,83,6170,0.38,35,4475,0.61
6641,0,0.38,0.666,30,399,0.92,11,560,0.69,24,850,1.01,9,953,0.59,26,1815,0.4,9,1850,0.38
10197,0,0.38,0.968,25,416,0.73,7,400,0.62,10,282,1.27,2,328,0.38,16,234,1.93,5,448,0.87
21505,0,0.38,0.849,52,867,0.73,11,1023,0.38,13,352,1.32,4,450,0.55,9,212,1.2,4,344,0.91
23141,0,0.379,0.617,299,3544,1.03,106,4819,0.78,77,6046,0.46,71,7414,0.6,191,11636,0.46,53,10906,0.38
12049,0,0.379,2.117,23,113,2.48,29,203,5.04,2,189,0.38,9,358,1.57,15,909,0.47,17,480,2.77
13882,0,0.379,0.689,73,731,1.22,27,1068,0.89,35,1465,0.86,12,1896,0.39,46,3430,0.38,14,2785,0.39
26558,0,0.379,1.759,54,639,1.03,42,1166,1.27,3,284,0.38,12,562,1.33,2,88,0.64,75,992,5.9
3643,0,0.379,0.932,47,678,0.85,8,746,0.38,21,657,1.15,6,687,0.54,26,611,1.2,13,687,1.48
30534,0,0.378,0.975,70,1046,0.82,35,1482,0.83,6,441,0.49,5,565,0.55,3,224,0.38,21,589,2.78
32645,0,0.378,1.042,105,907,1.41,69,1266,1.92,61,1859,1.18,47,3720,0.79,92,6870,0.38,34,4607,0.58
24766,0,0.378,0.778,568,5208,1.33,208,7480,0.98,183,8740,0.75,127,11563,0.68,265,19796,0.38,119,17157,0.54
30843,0,0.378,1.176,59,1107,0.65,14,1145,0.43,10,949,0.38,8,1222,0.41,81,578,3.96,40,2545,1.23
13887,0,0.377,1.354,12,113,1.29,3,145,0.73,1,95,0.38,3,81,2.31,1,33,0.86,2,61,2.56
25736,0,0.377,1.141,9,48,2.29,4,79,1.79,1,95,0.38,1,141,0.44,12,275,1.23,2,217,0.72
25917,0,0.377,0.727,49,394,1.52,7,642,0.38,9,411,0.79,4,654,0.38,9,675,0.38,9,764,0.92
28800,0,0.376,0.767,511,5084,1.23,141,6905,0.72,214,8069,0.95,152,10778,0.88,246,18471,0.38,97,16849,0.45
22761,0,0.376,2.02,4,51,0.96,1,94,0.38,2,29,2.47,1,35,1.78,3,24,3.53,1,26,3.0
2216,0,0.375,1.107,89,1609,0.67,68,2232,1.08,8,764,0.38,19,1075,1.1,26,445,1.65,32,1415,1.77
3761,0,0.375,1.154,37,630,0.72,22,973,0.8,4,382,0.38,16,499,2.0,15,240,1.77,11,677,1.27
2375,0,0.375,0.83,2,65,0.38,2,44,1.6,2,93,0.77,2,164,0.76,3,170,0.5,2,161,0.97
8084,0,0.375,1.178,4,130,0.38,2,130,0.54,6,196,1.1,6,182,2.05,8,268,0.84,9,326,2.16
25703,0,0.375,1.434,163,1066,1.86,114,1403,2.87,63,1730,1.31,53,4051,0.81,95,7166,0.37,83,4715,1.37
13309,0,0.374,0.981,7,70,1.22,5,75,2.35,3,117,0.92,1,115,0.54,2,151,0.37,1,163,0.48
17303,0,0.374,1.609,22,215,1.25,15,314,1.69,6,123,1.75,3,182,1.03,2,151,0.37,7,153,3.57
17715,0,0.374,0.594,286,3103,1.12,87,4610,0.67,65,4021,0.58,35,5544,0.39,131,9895,0.37,41,7551,0.42
16132,0,0.374,0.519,81,1248,0.79,28,1452,0.68,20,1919,0.37,16,2363,0.42,66,4331,0.43,22,4140,0.41
8965,0,0.373,0.689,56,839,0.81,30,1214,0.87,7,672,0.37,9,842,0.67,21,797,0.74,12,1408,0.67
9144,0,0.373,1.654,42,457,1.12,34,854,1.41,2,192,0.37,3,307,0.61,10,80,3.53,18,487,2.89
27311,0,0.373,0.676,59,945,0.76,33,1076,1.08,31,1683,0.66,27,2168,0.78,56,4239,0.37,19,3695,0.4
27082,0,0.373,1.749,118,343,4.19,24,2270,0.37,5,60,2.99,4,184,1.35,1,26,1.09,1,157,0.5
16055,0,0.373,0.584,89,1131,0.96,32,1516,0.75,14,1345,0.37,13,1628,0.5,34,2542,0.38,17,2399,0.55
1525,0,0.373,0.835,127,1762,0.88,55,2198,0.88,12,905,0.48,25,1185,1.31,13,986,0.37,22,1583,1.09
4058,0,0.372,1.061,29,228,1.55,17,365,1.64,4,385,0.37,11,398,1.72,17,1100,0.44,7,853,0.64
16341,0,0.372,0.623,318,4090,0.95,107,5758,0.66,88,5833,0.54,97,7745,0.78,179,13582,0.37,68,11994,0.44
18869,0,0.372,1.068,229,1662,1.68,61,2603,0.83,157,3381,1.66,85,4545,1.16,105,7971,0.37,59,6597,0.7
25299,0,0.372,0.648,321,4076,0.96,113,6355,0.63,138,7405,0.67,71,8885,0.5,428,15872,0.76,71,14898,0.37
24589,0,0.372,0.747,562,4965,1.38,115,6887,0.59,162,6927,0.84,108,9019,0.75,199,15120,0.37,98,13795,0.55
28821,0,0.372,1.098,286,1645,2.12,46,2846,0.57,148,2982,1.78,72,4463,1.0,100,7600,0.37,56,5912,0.74
26823,0,0.372,0.886,311,2483,1.53,54,3670,0.52,176,4046,1.56,80,5239,0.95,113,8197,0.39,32,6724,0.37
23541,0,0.372,0.706,64,1176,0.66,43,1404,1.08,12,1158,0.37,16,1334,0.75,36,1354,0.75,18,2257,0.62
31141,0,0.371,0.892,212,1562,1.65,58,2084,0.98,91,3101,1.05,55,4960,0.69,131,9982,0.37,48,6262,0.6
4777,0,0.371,0.971,116,771,1.83,17,1619,0.37,27,942,1.03,12,869,0.86,33,796,1.17,7,977,0.56
24897,0,0.371,0.838,68,423,1.96,14,1195,0.41,3,213,0.5,1,168,0.37,5,201,0.7,4,290,1.08
13807,0,0.37,1.503,161,501,3.92,27,2574,0.37,3,57,1.89,2,168,0.74,1,40,0.71,2,112,1.39
12578,0,0.37,0.825,185,6091,0.37,104,6687,0.55,92,5152,0.64,47,4596,0.64,239,3091,2.19,51,7017,0.57
6318,0,0.37,0.611,234,3099,0.92,97,4443,0.77,59,4147,0.51,43,4692,0.57,75,5724,0.37,45,6719,0.52
5259,0,0.37,0.645,304,4068,0.91,105,5494,0.67,120,6590,0.65,101,7736,0.81,178,11195,0.45,57,12029,0.37
29330,0,0.37,0.836,562,4589,1.49,199,6335,1.11,201,7968,0.9,117,11282,0.65,280,21391,0.37,102,16085,0.5
8156,0,0.37,2.063,2,32,0.76,1,31,1.14,1,97,0.37,7,49,8.9,3,150,0.57,2,243,0.64
24858,0,0.369,1.069,3,99,0.37,6,87,2.44,2,102,0.7,2,144,0.87,4,174,0.65,4,224,1.39
20224,0,0.369,1.255,474,2817,2.05,138,4316,1.13,311,5696,1.96,155,8702,1.11,240,18380,0.37,136,11610,0.91
13621,0,0.369,1.016,163,2237,0.89,27,2584,0.37,31,2356,0.47,48,3528,0.85,102,1241,2.32,108,7054,1.2
102,0,0.369,0.988,68,723,1.15,20,948,0.74,11,786,0.5,14,790,1.1,35,479,2.06,4,847,0.37
2030,0,0.369,0.992,40,683,0.71,14,816,0.61,9,359,0.9,3,507,0.37,14,274,1.44,15,610,1.92
27582,0,0.369,0.778,766,5496,1.7,139,8175,0.6,356,12387,1.03,146,15105,0.6,414,31746,0.37,137,28984,0.37
10755,0,0.369,1.012,145,2796,0.63,97,3771,0.91,7,681,0.37,16,963,1.03,23,304,2.14,28,2203,0.99
15410,0,0.368,0.742,79,1269,0.76,57,1700,1.18,55,2139,0.92,42,3349,0.78,93,6003,0.44,23,4874,0.37
16230,0,0.368,0.797,25,379,0.8,6,434,0.49,5,487,0.37,17,555,1.91,10,766,0.37,11,1018,0.84
10424,0,0.368,0.801,47,756,0.76,27,1139,0.84,4,390,0.37,10,555,1.12,9,268,0.95,6,607,0.77
21946,0,0.368,1.315,342,5700,0.73,269,10596,0.9,16,1560,0.37,38,2376,1.0,10,115,2.46,59,1887,2.44
8649,0,0.367,0.897,145,1408,1.26,104,2391,1.54,25,2441,0.37,36,2465,0.91,74,4524,0.46,44,4027,0.85
26687,0,0.367,0.574,235,2785,1.03,80,4073,0.69,58,4398,0.47,41,5819,0.44,170,10894,0.44,40,8510,0.37
4744,0,0.367,0.835,47,450,1.27,20,545,1.3,18,717,0.9,9,1528,0.37,36,2524,0.4,18,1828,0.77
1135,0,0.366,1.496,45,867,0.63,34,1246,0.96,4,392,0.37,12,535,1.4,22,188,3.31,33,1115,2.31
18146,0,0.366,1.241,82,690,1.45,67,850,2.78,31,1161,0.96,33,2886,0.71,69,5332,0.37,65,4308,1.18
28384,0,0.365,0.699,52,809,0.78,23,805,1.01,8,785,0.37,7,824,0.53,46,1202,1.08,6,1096,0.43
4127,0,0.365,1.0,26,283,1.12,13,310,1.48,11,423,0.93,6,554,0.67,13,1006,0.37,13,711,1.43
26193,0,0.365,0.998,64,737,1.06,8,774,0.36,10,421,0.85,7,588,0.74,29,340,2.41,6,835,0.56
31376,0,0.365,0.961,255,1801,1.73,50,2420,0.73,167,3563,1.68,66,4695,0.88,101,7824,0.36,31,6181,0.39
27506,0,0.364,0.792,428,4319,1.21,138,5579,0.87,124,6760,0.66,147,8898,1.03,196,15199,0.36,110,13872,0.62
4388,0,0.364,0.849,51,369,1.69,20,519,1.36,8,531,0.54,8,679,0.73,16,1098,0.41,5,1072,0.36
21310,0,0.364,0.821,632,5023,1.53,211,7789,0.96,287,10579,0.97,148,14877,0.62,444,34463,0.36,138,22631,0.48
16799,0,0.364,1.217,2,67,0.36,8,78,3.62,3,137,0.79,3,156,1.2,5,215,0.66,2,230,0.68
19419,0,0.364,1.073,132,2128,0.76,113,3693,1.08,12,1182,0.36,25,1785,0.87,51,1023,1.41,59,2352,1.96
22989,0,0.364,1.108,121,1311,1.13,33,1783,0.65,18,1775,0.36,46,2774,1.03,47,657,2.02,110,5909,1.45
32294,0,0.363,0.682,279,3286,1.04,110,4519,0.86,35,3452,0.36,60,4179,0.89,93,5611,0.47,37,6098,0.47
28344,0,0.363,0.817,56,885,0.77,29,1285,0.8,15,968,0.56,7,1200,0.36,59,1231,1.35,24,1767,1.06
26266,0,0.363,1.11,92,818,1.37,52,1163,1.58,37,953,1.39,20,2465,0.51,47,3658,0.36,50,2692,1.45
23477,0,0.362,0.75,153,2386,0.78,45,2819,0.56,20,1042,0.69,7,1203,0.36,18,524,0.97,21,1449,1.13
16875,0,0.362,2.498,44,227,2.36,13,719,0.64,5,25,7.17,4,73,3.41,1,78,0.36,1,75,1.04
26686,0,0.362,0.941,114,672,2.07,22,1571,0.49,37,841,1.58,10,841,0.74,11,858,0.36,5,969,0.4
12209,0,0.362,0.966,4,36,1.35,1,55,0.64,3,57,1.89,1,77,0.81,3,234,0.36,1,105,0.74
20366,0,0.362,3.349,20,55,4.43,11,74,5.25,1,99,0.36,10,108,5.77,9,324,0.78,12,268,3.5
30166,0,0.362,0.991,54,609,1.08,28,1119,0.88,4,396,0.36,11,539,1.27,9,362,0.7,10,474,1.65
21988,0,0.362,0.716,29,365,0.97,11,465,0.84,7,372,0.67,2,344,0.36,15,444,0.95,5,776,0.5
447,0,0.362,1.189,83,1146,0.88,37,1618,0.81,10,591,0.61,4,688,0.36,26,251,2.93,19,957,1.55
32351,0,0.362,0.749,16,322,0.61,7,329,0.75,4,286,0.5,2,344,0.36,9,205,1.24,5,377,1.04
949,0,0.362,0.817,601,4526,1.62,88,7008,0.44,271,8502,1.14,112,10553,0.66,203,15864,0.36,137,15867,0.67
8331,0,0.361,1.5,80,664,1.47,25,1046,0.84,65,651,3.58,24,778,1.92,19,650,0.83,3,648,0.36
13540,0,0.361,0.924,54,571,1.15,15,594,0.89,7,593,0.42,3,517,0.36,28,358,2.21,5,777,0.5
13396,0,0.361,1.665,18,185,1.19,24,266,3.19,16,334,1.72,13,499,1.62,12,940,0.36,15,611,1.92
19598,0,0.361,1.122,57,1539,0.45,12,1175,0.36,134,2504,1.92,66,2343,1.75,65,1734,1.06,25,1645,1.19
2420,0,0.36,0.557,108,1061,1.24,22,1630,0.48,23,1833,0.45,18,2628,0.43,66,5174,0.36,21,4233,0.39
249,0,0.36,1.654,123,2157,0.7,113,3154,1.27,7,697,0.36,17,1027,1.03,21,185,3.21,82,1904,3.36
27572,0,0.36,1.235,52,316,2.01,30,433,2.45,10,381,0.94,6,842,0.44,15,1179,0.36,16,1031,1.21
7424,0,0.36,2.39,19,125,1.85,3,177,0.6,8,217,1.32,34,473,4.48,10,786,0.36,46,627,5.73
19200,0,0.359,1.14,51,518,1.2,23,739,1.1,13,287,1.62,9,419,1.34,13,301,1.22,2,435,0.36
7484,0,0.359,0.682,1428,28916,0.6,876,39646,0.78,190,18983,0.36,283,22030,0.8,354,12702,0.79,346,35438,0.76
28157,0,0.359,0.707,60,829,0.88,33,1167,1.0,2,200,0.36,3,265,0.71,1,32,0.88,3,567,0.41
1818,0,0.359,0.937,24,322,0.91,11,392,0.99,2,200,0.36,2,272,0.46,8,161,1.4,7,364,1.5
7973,0,0.358,0.96,53,373,1.73,22,582,1.33,8,679,0.42,15,892,1.05,18,1419,0.36,16,1446,0.86
872,0,0.358,0.82,695,10014,0.85,345,10111,1.2,330,13382,0.88,178,14597,0.76,737,23946,0.87,84,18308,0.36
13298,0,0.358,1.244,4,48,1.02,1,86,0.41,1,70,0.51,2,80,1.56,6,47,3.61,1,218,0.36
7865,0,0.358,1.279,112,1061,1.29,16,1579,0.36,11,690,0.57,28,1114,1.57,12,162,2.09,31,1347,1.8
13162,0,0.358,1.575,8,52,1.88,3,85,1.25,4,109,1.32,7,123,3.54,2,158,0.36,2,141,1.11
858,0,0.358,1.026,304,5008,0.74,113,6625,0.6,38,3810,0.36,71,5666,0.78,184,2166,2.4,188,11528,1.27
27926,0,0.358,1.153,35,721,0.59,8,790,0.36,6,537,0.4,10,785,0.79,28,202,3.92,12,1089,0.86
25064,0,0.357,1.658,9,307,0.36,14,499,0.99,3,93,1.16,7,131,3.33,3,39,2.17,6,241,1.94
3980,0,0.357,0.878,168,1126,1.82,34,2051,0.59,32,1696,0.68,21,2464,0.53,29,2294,0.36,100,6017,1.3
25825,0,0.357,0.723,49,632,0.95,15,753,0.7,3,254,0.42,2,349,0.36,9,226,1.13,4,399,0.78
25740,0,0.357,2.016,100,443,2.75,43,489,3.1,77,896,3.08,62,2639,1.46,59,4672,0.36,49,2864,1.34
9657,0,0.357,0.926,33,222,1.81,12,269,1.58,5,376,0.48,4,435,0.57,10,792,0.36,7,719,0.76
3379,0,0.357,1.242,16,346,0.56,13,485,0.95,2,201,0.36,8,268,1.86,10,151,1.87,13,548,1.85
7544,0,0.357,3.505,68,288,2.88,35,206,6.0,47,419,4.02,51,954,3.33,26,2060,0.36,71,1248,4.44
25399,0,0.357,0.691,22,223,1.2,6,304,0.7,5,376,0.48,5,521,0.6,13,1030,0.36,9,865,0.81
26497,0,0.357,0.93,11,132,1.02,2,198,0.36,3,254,0.42,7,236,1.85,16,337,1.34,4,525,0.59
8221,0,0.357,1.594,8,66,1.48,1,99,0.36,10,101,3.55,4,119,2.09,3,81,1.05,3,225,1.04
24975,0,0.357,0.623,69,591,1.42,9,891,0.36,14,828,0.61,7,1155,0.38,24,1122,0.6,6,1267,0.37
6881,0,0.357,0.785,34,403,1.03,8,598,0.47,9,529,0.61,18,605,1.85,11,804,0.39,5,1095,0.36
14178,0,0.356,1.927,4,29,1.68,4,27,5.23,1,63,0.57,2,50,2.49,3,238,0.36,3,190,1.23
3323,0,0.356,0.844,21,263,0.97,15,253,2.09,11,485,0.81,4,570,0.44,15,1191,0.36,4,802,0.39
12163,0,0.356,1.16,15,218,0.84,9,354,0.9,2,119,0.6,1,175,0.36,5,46,3.07,3,196,1.2
18410,0,0.356,0.707,290,2844,1.24,94,3512,0.95,67,4624,0.52,63,5967,0.66,156,12399,0.36,61,9118,0.52
30862,0,0.355,1.038,741,4760,1.9,195,6707,1.03,393,9547,1.48,199,15652,0.79,409,32520,0.36,178,20385,0.68
30705,0,0.355,1.074,38,523,0.89,17,685,0.88,3,303,0.35,4,359,0.69,14,228,1.74,13,535,1.9
14606,0,0.355,0.55,6,133,0.55,3,168,0.63,2,202,0.35,2,178,0.7,4,236,0.48,2,266,0.59
7899,0,0.355,0.981,48,625,0.94,18,659,0.96,3,303,0.35,5,373,0.83,15,239,1.77,7,534,1.02
1690,0,0.355,0.581,104,1439,0.88,35,1695,0.73,21,1946,0.39,24,2228,0.67,60,3647,0.46,16,3521,0.35
2754,0,0.355,0.76,78,706,1.35,22,1111,0.7,18,1035,0.62,6,1054,0.35,30,834,1.02,6,901,0.52
20485,0,0.354,2.771,133,493,3.29,143,695,7.27,96,1490,2.31,98,3708,1.65,118,9412,0.35,93,4118,1.76
24227,0,0.354,1.232,80,1107,0.88,38,1532,0.88,5,506,0.35,19,800,1.48,21,273,2.17,25,1199,1.63
24127,0,0.354,0.833,249,2472,1.23,108,2897,1.32,133,4293,1.11,42,7386,0.35,186,13585,0.39,73,9504,0.6
26660,0,0.354,1.37,14,99,1.72,11,138,2.81,7,155,1.62,5,248,1.26,5,399,0.35,2,347,0.45
1621,0,0.354,0.676,183,2254,0.99,103,3240,1.12,71,4994,0.51,41,5810,0.44,226,9946,0.64,45,9925,0.35
9645,0,0.353,0.915,304,2310,1.6,105,3307,1.12,106,3680,1.03,78,5606,0.87,139,11115,0.35,53,8119,0.51
10267,0,0.353,0.916,11,49,2.74,2,119,0.59,2,113,0.63,2,248,0.5,6,252,0.67,1,221,0.35
24734,0,0.353,0.823,48,741,0.79,19,770,0.87,14,711,0.71,8,744,0.67,44,802,1.55,5,1105,0.35
10915,0,0.353,1.919,31,487,0.78,16,679,0.83,2,203,0.35,15,268,3.49,10,104,2.72,20,466,3.35
2691,0,0.353,0.682,11,284,0.47,3,300,0.35,3,118,0.91,1,121,0.51,6,167,1.02,2,189,0.83
27341,0,0.353,0.746,332,4712,0.86,161,5359,1.06,67,6808,0.35,106,8022,0.82,276,10291,0.76,117,14712,0.62
26040,0,0.352,4.347,10,36,3.39,10,30,11.77,3,30,3.59,1,177,0.35,5,190,0.74,12,150,6.25
30020,0,0.351,1.121,42,662,0.77,22,898,0.87,2,204,0.35,2,300,0.42,14,119,3.32,4,313,1.0
21834,0,0.351,0.726,56,1041,0.66,28,1407,0.7,6,612,0.35,6,720,0.52,13,284,1.29,10,940,0.83
16555,0,0.351,0.945,165,1484,1.36,102,2257,1.6,63,3049,0.74,71,4112,1.08,124,9970,0.35,49,6920,0.55
638,0,0.351,1.02,900,5571,1.97,217,8810,0.87,420,10716,1.41,230,17761,0.81,450,36183,0.35,212,22984,0.72
24730,0,0.351,0.991,257,1534,2.04,96,3847,0.88,51,1532,1.19,27,1785,0.94,33,1749,0.53,8,1778,0.35
28735,0,0.351,1.007,8,251,0.39,3,302,0.35,12,281,1.53,12,329,2.27,8,499,0.45,6,447,1.05
8053,0,0.35,0.782,34,476,0.87,8,470,0.6,3,307,0.35,5,314,0.99,7,228,0.87,4,309,1.01
29907,0,0.35,0.791,39,638,0.75,8,807,0.35,10,739,0.49,23,883,1.62,19,562,0.96,14,1859,0.59
16368,0,0.35,0.916,19,177,1.31,6,214,0.99,4,160,0.9,1,178,0.35,3,132,0.64,3,179,1.31
8841,0,0.35,1.047,11,76,1.76,5,126,1.4,3,127,0.85,1,178,0.35,8,380,0.59,5,295,1.32
549,0,0.35,2.231,43,183,2.87,4,191,0.74,9,157,2.06,1,178,0.35,22,97,6.41,2,161,0.97
16469,0,0.35,1.519,273,4663,0.71,214,6248,1.21,12,1230,0.35,31,1900,1.02,42,418,2.84,112,2928,2.99
14269,0,0.35,0.53,68,981,0.85,18,1359,0.47,14,786,0.64,8,991,0.5,13,1051,0.35,7,1445,0.38
4783,0,0.349,1.171,97,1371,0.86,57,1930,1.04,5,513,0.35,7,680,0.64,13,202,1.82,22,743,2.31
29460,0,0.349,0.805,38,370,1.25,11,611,0.64,9,577,0.56,10,571,1.09,15,1216,0.35,18,1491,0.94
5818,0,0.348,1.479,323,5944,0.66,67,4521,0.52,247,6328,1.4,37,6614,0.35,688,3928,4.95,202,15908,0.99
19639,0,0.348,0.675,221,1992,1.35,70,2729,0.91,45,2978,0.54,34,4059,0.52,105,7821,0.38,24,5379,0.35
9059,0,0.348,1.324,38,284,1.63,34,395,3.04,17,518,1.18,9,825,0.68,19,1542,0.35,16,1168,1.07
6207,0,0.348,1.47,685,9317,0.9,434,14559,1.05,24,2472,0.35,90,4687,1.2,7,126,1.57,124,2577,3.76
26473,0,0.348,1.071,19,323,0.72,10,512,0.69,1,103,0.35,1,167,0.37,4,33,3.43,2,179,0.87
13964,0,0.348,1.13,83,1167,0.87,51,1773,1.02,4,412,0.35,10,679,0.92,7,115,1.72,28,1144,1.91
19922,0,0.348,0.659,206,1886,1.33,58,2606,0.79,24,2475,0.35,21,3288,0.4,66,4241,0.44,41,4939,0.65
18057,0,0.347,1.15,161,979,2.01,38,1468,0.91,78,1779,1.57,42,2410,1.09,58,4717,0.35,42,3355,0.98
9558,0,0.347,0.68,472,5418,1.06,212,7621,0.98,121,8233,0.53,110,10113,0.68,195,15874,0.35,95,15360,0.48
8814,0,0.347,0.762,37,706,0.64,20,981,0.72,5,233,0.77,6,359,1.04,5,134,1.05,2,450,0.35
20858,0,0.347,0.813,24,403,0.73,13,614,0.75,5,382,0.47,2,359,0.35,13,261,1.41,7,462,1.18
4465,0,0.347,0.783,241,2399,1.22,124,3253,1.35,97,5237,0.66,73,6847,0.66,183,14920,0.35,67,11639,0.45
12551,0,0.347,0.854,179,2142,1.02,69,2725,0.89,35,1429,0.88,10,1797,0.35,50,1179,1.2,25,2475,0.79
23197,0,0.347,0.87,57,680,1.02,33,896,1.3,34,994,1.23,15,1263,0.74,30,2446,0.35,15,2002,0.59
1018,0,0.346,0.657,26,412,0.77,21,538,1.38,12,763,0.56,6,883,0.42,25,1528,0.46,7,1578,0.35
377,0,0.346,0.672,28,923,0.37,11,1122,0.35,15,1032,0.52,20,1069,1.17,21,929,0.64,16,1262,0.99
31363,0,0.346,5.538,11,86,1.56,3,142,0.75,10,144,2.49,44,256,10.71,4,327,0.35,61,274,17.38
1181,0,0.345,1.11,23,328,0.86,9,391,0.81,13,187,2.49,5,297,1.05,6,153,1.11,1,226,0.35
5772,0,0.345,1.089,741,9587,0.94,266,7593,1.24,72,7479,0.35,118,6119,1.2,191,3069,1.76,60,4474,1.05
13450,0,0.345,1.053,26,511,0.62,18,754,0.84,5,285,0.63,2,361,0.35,17,163,2.95,7,586,0.93
1544,0,0.345,0.681,18,115,1.91,5,340,0.52,4,414,0.35,3,409,0.46,6,331,0.51,3,679,0.34
15054,0,0.345,0.585,64,820,0.95,12,1229,0.34,16,1242,0.46,10,1395,0.45,71,2387,0.84,15,2520,0.46
5916,0,0.345,2.165,33,417,0.96,32,737,1.53,1,104,0.34,10,257,2.42,2,13,4.35,23,532,3.38
23606,0,0.345,1.081,27,518,0.64,21,654,1.13,3,312,0.34,4,453,0.55,22,251,2.48,11,639,1.34
19458,0,0.344,1.208,214,1670,1.56,52,2806,0.65,15,860,0.63,46,815,3.52,10,515,0.55,4,907,0.34
24960,0,0.344,1.182,16,224,0.87,9,281,1.13,2,145,0.49,1,181,0.34,11,100,3.11,3,205,1.14
29208,0,0.344,0.674,295,2882,1.25,73,4933,0.52,129,5581,0.83,52,7430,0.44,259,11052,0.66,45,10213,0.34
12483,0,0.344,0.552,15,210,0.87,3,308,0.34,6,345,0.62,4,525,0.47,14,744,0.53,5,836,0.47
1063,0,0.344,2.107,68,1232,0.67,75,2044,1.3,3,313,0.34,5,609,0.51,6,30,5.65,35,656,4.17
19740,0,0.343,0.844,139,4041,0.42,155,4013,1.36,30,3133,0.34,60,3081,1.21,107,3061,0.99,51,5383,0.74
10325,0,0.343,0.922,33,650,0.62,7,720,0.34,21,590,1.28,6,862,0.43,29,462,1.77,24,1725,1.09
16120,0,0.343,1.482,160,924,2.11,15,1545,0.34,38,761,1.79,51,916,3.47,22,798,0.78,5,981,0.4
15193,0,0.342,0.786,79,605,1.59,10,1031,0.34,56,1514,1.33,15,1860,0.5,44,2673,0.47,16,2561,0.49
23482,0,0.342,1.12,31,419,0.9,11,524,0.74,12,304,1.42,2,364,0.34,17,261,1.84,11,581,1.48
10561,0,0.342,0.96,72,1287,0.68,20,2064,0.34,43,1384,1.11,25,1426,1.09,83,1498,1.57,25,2027,0.96
16179,0,0.342,0.598,345,4695,0.9,154,6545,0.83,89,7313,0.44,87,8640,0.63,224,13873,0.46,62,14150,0.34
11172,0,0.342,1.377,237,1430,2.02,45,2436,0.65,17,1782,0.34,98,2547,2.4,36,602,1.69,83,5579,1.16
1921,0,0.342,0.892,390,5962,0.8,131,7949,0.58,44,4614,0.34,54,5549,0.61,168,2720,1.75,163,9965,1.28
7242,0,0.342,1.246,140,1271,1.34,127,1672,2.68,56,2156,0.93,36,2363,0.95,29,2398,0.34,35,2218,1.23
23983,0,0.341,1.84,31,608,0.62,43,1320,1.15,2,210,0.34,15,308,3.03,8,144,1.57,83,1499,4.32
4110,0,0.341,0.754,51,621,1.0,14,632,0.78,8,359,0.8,4,384,0.65,10,296,0.95,2,458,0.34
24043,0,0.341,1.712,12,108,1.35,2,147,0.48,14,118,4.25,5,142,2.19,7,120,1.65,1,229,0.34
28366,0,0.341,1.408,6,55,1.33,1,52,0.68,7,126,1.99,3,123,1.52,15,164,2.58,1,229,0.34
7073,0,0.341,0.531,89,1439,0.75,38,2158,0.62,24,2524,0.34,20,2601,0.48,120,5409,0.63,25,5367,0.36
24408,0,0.34,0.602,121,2048,0.72,32,3068,0.37,59,2401,0.88,62,4302,0.9,76,6308,0.34,22,4270,0.4
4932,0,0.34,0.812,35,357,1.2,24,675,1.26,19,936,0.73,15,1492,0.63,38,3159,0.34,22,2371,0.72
12415,0,0.34,1.684,36,683,0.64,9,935,0.34,13,181,2.57,9,249,2.25,9,95,2.68,5,241,1.62
26414,0,0.34,1.016,137,964,1.73,43,1600,0.95,106,2132,1.78,28,2387,0.73,51,2564,0.56,12,2759,0.34
21064,0,0.339,0.635,39,393,1.21,8,622,0.45,17,688,0.89,7,810,0.54,25,1851,0.38,6,1380,0.34
27492,0,0.339,1.426,204,2309,1.08,27,2809,0.34,72,943,2.74,37,2517,0.92,31,1304,0.67,194,5379,2.82
21094,0,0.339,0.894,26,759,0.42,25,1008,0.88,6,634,0.34,5,722,0.43,35,413,2.39,15,1292,0.91
21873,0,0.339,0.551,83,973,1.04,26,1441,0.64,15,1363,0.39,12,1558,0.48,35,2391,0.41,11,2534,0.34
6836,0,0.339,2.853,208,3316,0.76,149,5204,1.01,5,529,0.34,20,1145,1.09,2,8,7.06,60,684,6.85
4167,0,0.339,0.973,788,5064,1.9,128,9185,0.49,493,10274,1.72,198,13789,0.89,308,25692,0.34,117,18442,0.5
13696,0,0.339,2.002,1,36,0.34,4,41,3.44,2,41,1.75,2,51,2.44,2,62,0.91,4,100,3.12
16417,0,0.339,3.243,1,36,0.34,2,34,2.08,2,33,2.17,3,22,8.49,3,23,3.69,2,58,2.69
7925,0,0.339,1.198,80,454,2.15,47,678,2.45,29,1418,0.73,18,2196,0.51,64,5341,0.34,50,3872,1.01
6440,0,0.339,0.551,40,538,0.91,9,747,0.43,11,1165,0.34,13,1439,0.56,49,2019,0.69,12,2412,0.39
19640,0,0.338,0.591,21,226,1.13,5,316,0.56,9,424,0.76,3,552,0.34,13,968,0.38,4,835,0.37
9809,0,0.338,0.916,39,491,0.97,13,733,0.63,6,305,0.71,2,368,0.34,12,239,1.42,9,489,1.44
10541,0,0.338,0.943,31,346,1.09,9,387,0.82,7,742,0.34,18,771,1.45,21,1274,0.47,29,1522,1.49
8092,0,0.338,1.198,27,447,0.74,17,671,0.89,1,106,0.34,3,154,1.21,2,44,1.28,6,172,2.72
987,0,0.338,0.675,17,280,0.74,7,371,0.67,2,212,0.34,2,245,0.51,6,142,1.19,2,260,0.6
13017,0,0.338,1.572,3,49,0.75,4,54,2.62,6,87,2.47,6,155,2.41,3,251,0.34,2,184,0.85
27575,0,0.337,1.246,93,524,2.16,14,1465,0.34,37,787,1.69,10,755,0.82,25,659,1.07,13,730,1.39
32005,0,0.337,0.701,61,874,0.85,13,941,0.49,11,856,0.46,5,923,0.34,43,1108,1.1,15,1201,0.98
19080,0,0.337,0.766,85,1061,0.98,40,1348,1.05,30,1545,0.7,24,1915,0.78,33,2765,0.34,31,3184,0.76
27876,0,0.337,0.923,752,4640,1.98,83,8549,0.34,418,9218,1.63,177,12657,0.87,300,22031,0.38,73,16924,0.34
25531,0,0.337,0.885,30,293,1.25,9,386,0.82,33,692,1.71,7,675,0.65,12,621,0.55,3,696,0.34
17504,0,0.336,0.857,329,2482,1.62,136,3568,1.35,68,4947,0.49,73,7294,0.62,185,15544,0.34,100,10763,0.73
5648,0,0.336,0.883,72,781,1.12,7,735,0.34,17,833,0.73,13,945,0.86,70,1376,1.44,16,1534,0.81
8020,0,0.336,1.533,10,95,1.28,1,105,0.34,6,274,0.79,4,189,1.32,18,408,1.25,13,240,4.23
32408,0,0.336,0.76,99,1096,1.1,48,1696,1.0,37,1644,0.81,31,2548,0.76,65,5465,0.34,27,3755,0.56
23930,0,0.336,0.689,38,367,1.26,14,581,0.85,9,559,0.58,8,729,0.68,19,1262,0.43,5,1162,0.34
3159,0,0.336,1.096,120,822,1.78,61,1123,1.92,29,1455,0.71,36,3292,0.68,60,5048,0.34,58,3949,1.15
2185,0,0.336,0.732,22,293,0.92,9,332,0.96,7,388,0.65,2,371,0.34,16,390,1.16,2,412,0.38
8127,0,0.335,1.05,26,231,1.37,14,309,1.6,9,343,0.94,5,455,0.68,10,843,0.34,12,685,1.37
22920,0,0.335,0.819,33,261,1.54,15,450,1.18,11,538,0.73,9,761,0.74,19,1603,0.33,6,1199,0.39
7022,0,0.335,1.035,45,587,0.93,13,699,0.66,7,462,0.54,3,558,0.33,40,471,2.4,14,814,1.34
10057,0,0.335,0.667,328,4030,0.99,100,5584,0.63,47,5034,0.33,66,5709,0.72,163,6414,0.72,66,8489,0.61
23019,0,0.335,0.865,105,1114,1.15,24,1181,0.72,39,2077,0.67,61,2579,1.47,113,3786,0.84,14,3266,0.33
2097,0,0.334,1.822,109,780,1.7,13,1373,0.33,44,619,2.55,47,691,4.24,17,695,0.69,12,661,1.42
7227,0,0.334,0.654,29,198,1.79,6,307,0.69,4,429,0.33,3,498,0.38,15,1102,0.38,4,883,0.35
15149,0,0.334,0.994,27,188,1.75,9,302,1.05,11,438,0.9,13,581,1.39,20,1691,0.33,6,883,0.53
6935,0,0.334,0.506,124,1601,0.94,30,2177,0.49,33,3155,0.37,25,3740,0.42,104,6113,0.48,26,6075,0.33
23844,0,0.334,1.088,58,751,0.94,24,974,0.87,15,569,0.95,4,746,0.33,28,378,2.09,15,871,1.34
23030,0,0.334,1.01,60,545,1.34,8,846,0.33,5,373,0.48,12,605,1.24,8,140,1.61,15,1113,1.05
11217,0,0.334,0.632,284,3291,1.05,65,4611,0.5,153,5695,0.96,56,7387,0.47,207,12431,0.47,43,10059,0.33
4671,0,0.334,0.715,75,755,1.21,32,1112,1.02,22,1171,0.67,17,1506,0.7,30,2388,0.36,11,2574,0.33
14060,0,0.334,1.485,147,481,3.73,23,989,0.82,37,697,1.9,21,778,1.68,10,847,0.33,5,875,0.45
25837,0,0.334,0.588,102,1242,1.0,31,1627,0.67,20,2150,0.33,25,2577,0.6,52,4312,0.34,30,4059,0.58
25188,0,0.333,0.628,157,2609,0.73,112,3647,1.08,71,4341,0.59,55,5173,0.66,111,8592,0.37,32,7496,0.33
23155,0,0.333,0.72,11,143,0.94,9,171,1.86,4,315,0.46,2,374,0.33,13,1087,0.34,4,784,0.4
9186,0,0.333,1.055,5,61,1.0,5,65,2.72,2,92,0.78,1,187,0.33,3,185,0.46,3,224,1.05
20170,0,0.333,0.595,111,1570,0.86,17,1803,0.33,27,2155,0.45,32,2453,0.81,71,3182,0.63,29,4670,0.48
11512,0,0.332,0.942,23,104,2.7,7,254,0.97,1,74,0.48,1,90,0.69,1,85,0.33,1,165,0.47
1270,0,0.332,0.683,81,1426,0.69,33,1698,0.69,25,2015,0.44,52,2331,1.39,59,3015,0.55,15,3526,0.33
27203,0,0.332,0.714,243,2287,1.3,58,3358,0.61,105,4349,0.87,76,5774,0.82,113,9615,0.33,43,9222,0.36
16059,0,0.332,0.688,116,1278,1.11,51,1743,1.03,36,2181,0.59,12,2251,0.33,88,3656,0.68,15,3029,0.39
29607,0,0.332,0.75,16,197,0.99,14,343,1.44,4,432,0.33,5,589,0.53,25,1172,0.6,7,901,0.61
11431,0,0.332,2.234,79,534,1.8,14,811,0.61,5,540,0.33,10,447,1.39,28,113,7.0,20,690,2.26
4807,0,0.332,0.941,25,505,0.6,5,532,0.33,9,581,0.56,6,768,0.49,34,386,2.49,23,1523,1.18
17477,0,0.332,0.935,61,602,1.24,22,635,1.22,13,427,1.09,4,472,0.53,18,424,1.2,2,471,0.33
25070,0,0.331,0.854,4,107,0.46,3,233,0.45,4,142,1.01,1,188,0.33,4,104,1.09,4,175,1.78
27051,0,0.331,1.159,28,310,1.1,3,320,0.33,7,288,0.87,7,279,1.56,19,314,1.71,7,397,1.38
16532,0,0.331,0.567,114,1174,1.18,16,1462,0.39,13,1408,0.33,14,1977,0.44,32,2620,0.35,30,3288,0.71
14398,0,0.331,0.594,184,2308,0.97,109,3673,1.05,36,3667,0.35,38,4669,0.51,81,6916,0.33,29,6402,0.35
11570,0,0.331,0.649,41,536,0.93,9,729,0.44,6,650,0.33,16,804,1.24,14,693,0.57,6,1220,0.38
6660,0,0.331,0.859,68,1112,0.75,10,1067,0.33,25,881,1.02,12,857,0.87,46,827,1.57,5,632,0.62
6723,0,0.331,0.693,60,590,1.24,16,968,0.58,24,942,0.91,9,1204,0.47,14,1197,0.33,15,1877,0.62
20908,0,0.33,1.077,15,181,1.01,3,265,0.4,2,217,0.33,2,221,0.56,3,26,3.26,1,87,0.9
25971,0,0.33,1.473,36,484,0.91,18,686,0.93,2,217,0.33,10,346,1.8,6,90,1.88,17,444,2.99
9552,0,0.33,1.059,161,961,2.04,49,1536,1.13,81,2050,1.42,30,3346,0.56,53,4535,0.33,37,3285,0.88
29600,0,0.33,0.699,383,3167,1.47,47,4870,0.34,98,3529,1.0,33,4897,0.42,81,6931,0.33,61,7505,0.63
22733,0,0.33,1.215,88,1389,0.77,21,1602,0.46,42,582,2.59,11,1108,0.62,7,599,0.33,82,2544,2.52
14869,0,0.33,0.646,44,362,1.48,9,434,0.73,8,626,0.46,4,755,0.33,24,1754,0.39,8,1287,0.49
29039,0,0.33,1.065,51,609,1.02,16,639,0.88,3,326,0.33,6,364,1.03,17,300,1.6,8,409,1.53
8793,0,0.33,2.061,81,533,1.85,25,411,2.15,42,968,1.56,5,944,0.33,124,1197,2.93,31,681,3.55
14226,0,0.33,1.797,2,74,0.33,7,51,4.85,3,60,1.79,1,60,1.04,3,73,1.16,3,145,1.62
19486,0,0.33,0.724,85,1390,0.75,15,1444,0.37,30,1145,0.94,8,1512,0.33,47,851,1.56,8,1561,0.4
27049,0,0.33,1.289,237,1620,1.78,19,1127,0.6,15,1632,0.33,26,1450,1.12,87,689,3.57,10,2284,0.34
29991,0,0.329,1.514,7,79,1.08,5,95,1.86,4,112,1.28,6,123,3.04,7,132,1.5,1,237,0.33
11767,0,0.329,0.835,15,238,0.77,9,319,1.0,7,194,1.29,2,259,0.48,5,124,1.14,1,237,0.33
1304,0,0.329,0.745,84,1049,0.98,22,1120,0.69,18,1324,0.49,7,1324,0.33,73,1684,1.23,20,2066,0.76
16393,0,0.329,0.775,40,644,0.76,19,936,0.72,3,327,0.33,4,451,0.55,6,138,1.23,14,1023,1.07
25451,0,0.329,1.063,45,789,0.7,35,1150,1.07,4,436,0.33,7,594,0.73,20,253,2.23,14,834,1.31
15782,0,0.329,0.795,17,370,0.56,8,498,0.57,7,305,0.82,2,379,0.33,16,274,1.65,5,465,0.84
1649,0,0.329,0.864,31,300,1.26,7,399,0.62,22,474,1.66,9,741,0.76,27,1379,0.55,5,1188,0.33
21656,0,0.328,0.706,126,786,1.95,13,946,0.49,10,873,0.41,7,1036,0.42,18,1549,0.33,10,1232,0.63
4546,0,0.328,0.783,55,601,1.12,43,755,2.01,7,605,0.41,7,927,0.47,15,1291,0.33,5,1085,0.36
23080,0,0.328,0.69,19,208,1.11,13,298,1.54,4,437,0.33,3,548,0.34,16,1022,0.44,5,1036,0.38
12380,0,0.328,0.785,9,112,0.98,3,155,0.68,3,148,0.73,1,190,0.33,6,108,1.57,2,370,0.42
5059,0,0.327,0.851,92,1206,0.93,30,1657,0.64,15,835,0.64,5,951,0.33,21,446,1.33,16,1012,1.23
24064,0,0.327,0.645,47,891,0.64,9,741,0.43,21,759,0.99,7,745,0.59,31,980,0.89,4,954,0.33
6122,0,0.327,1.089,65,757,1.05,32,1003,1.13,3,329,0.33,9,565,0.99,9,241,1.06,18,708,1.99
13342,0,0.327,1.317,270,3161,1.04,172,5834,1.04,15,1646,0.33,26,2738,0.59,48,359,3.78,72,5010,1.12
12769,0,0.326,0.841,61,1077,0.69,104,1808,2.03,20,2197,0.33,49,2891,1.06,110,7159,0.43,31,4765,0.51
12821,0,0.326,1.431,68,230,3.6,5,541,0.33,3,68,1.58,5,157,1.98,2,88,0.64,1,175,0.45
25021,0,0.326,0.652,328,3276,1.22,54,4618,0.41,143,8634,0.59,55,9171,0.37,573,16493,0.98,81,19384,0.33
4819,0,0.326,0.633,24,323,0.91,7,387,0.64,2,175,0.41,1,191,0.33,2,98,0.58,2,166,0.94
25541,0,0.326,82.785,121,9,163.93,193,28,243.38,119,60,71.11,3,573,0.33,220,883,7.04,108,772,10.92
10597,0,0.326,1.528,40,169,2.89,11,219,1.77,18,314,2.06,5,503,0.62,12,1040,0.33,13,672,1.51
13249,0,0.326,1.165,93,635,1.79,12,1300,0.33,33,673,1.76,12,656,1.14,19,558,0.96,7,535,1.02
17672,0,0.326,0.582,21,211,1.21,9,385,0.83,4,440,0.33,3,461,0.41,12,1008,0.34,4,815,0.38
11023,0,0.326,1.734,18,51,4.3,5,95,1.86,1,110,0.33,4,144,1.73,7,298,0.66,6,308,1.52
21665,0,0.326,1.12,31,485,0.78,21,700,1.06,2,220,0.33,5,339,0.92,12,144,2.35,8,488,1.28
31798,0,0.326,0.705,57,441,1.58,12,682,0.62,18,811,0.8,9,1173,0.48,28,2428,0.33,9,1613,0.44
13647,0,0.326,0.977,244,1675,1.78,65,3144,0.73,50,1785,1.0,30,1745,1.07,54,1599,0.95,8,1917,0.33
29676,0,0.325,1.002,33,589,0.68,18,937,0.68,4,261,0.55,2,383,0.33,7,107,1.85,13,527,1.93
30403,0,0.325,1.102,49,733,0.82,16,891,0.63,4,441,0.33,7,534,0.82,25,266,2.66,13,742,1.37
3245,0,0.325,0.623,25,261,1.17,6,330,0.64,10,460,0.78,3,575,0.32,15,953,0.44,4,828,0.38
12344,0,0.324,0.666,67,671,1.22,20,894,0.79,15,924,0.58,10,1037,0.6,24,1406,0.48,8,1926,0.32
22070,0,0.324,0.631,235,2244,1.28,44,3136,0.5,68,3282,0.74,42,4607,0.57,99,8633,0.32,32,6633,0.38
22374,0,0.324,0.767,10,152,0.8,8,278,1.02,6,230,0.94,3,271,0.69,8,271,0.83,2,482,0.32
22288,0,0.324,0.669,80,1075,0.91,47,1611,1.03,13,1439,0.32,14,1668,0.52,56,2632,0.6,22,2726,0.63
6744,0,0.323,0.855,7,149,0.57,7,126,1.96,3,214,0.5,6,383,0.98,8,699,0.32,5,490,0.8
21351,0,0.323,0.754,37,239,1.89,14,449,1.1,8,598,0.48,5,851,0.37,16,1223,0.37,6,1450,0.32
4717,0,0.323,0.596,61,922,0.81,24,1200,0.71,12,1116,0.39,6,1158,0.32,43,1606,0.76,15,1955,0.6
26067,0,0.322,0.5,13,242,0.66,2,219,0.32,3,306,0.35,2,293,0.43,13,679,0.54,6,667,0.7
30502,0,0.322,1.18,91,1466,0.76,47,2050,0.81,5,557,0.32,11,936,0.73,19,255,2.11,46,1524,2.36
6264,0,0.322,0.825,11,67,2.0,3,95,1.12,2,115,0.62,1,183,0.34,6,527,0.32,3,426,0.55
5504,0,0.322,0.805,248,2327,1.3,80,2557,1.1,77,3293,0.84,47,4609,0.64,138,6207,0.63,25,6068,0.32
14842,0,0.322,0.66,40,380,1.28,5,549,0.32,14,681,0.74,9,819,0.68,20,1032,0.55,6,1222,0.38
26899,0,0.321,0.577,58,947,0.75,41,1147,1.26,15,1639,0.33,14,2187,0.4,62,5454,0.32,17,3290,0.4
16660,0,0.321,1.75,9,69,1.59,1,110,0.32,4,63,2.28,1,62,1.0,1,9,3.14,2,72,2.17
11280,0,0.321,0.998,47,391,1.47,7,552,0.45,35,720,1.74,33,2470,0.83,41,3611,0.32,23,1521,1.18
9654,0,0.32,1.029,125,613,2.49,32,940,1.2,36,1247,1.04,16,2160,0.46,52,4586,0.32,24,2804,0.67
13062,0,0.32,1.028,63,989,0.78,48,1080,1.57,7,784,0.32,5,865,0.36,18,452,1.13,27,1046,2.02
11622,0,0.32,0.726,25,344,0.89,4,442,0.32,12,265,1.62,5,403,0.77,4,320,0.35,2,391,0.4
20758,0,0.319,0.82,427,3067,1.7,78,5009,0.55,213,6038,1.26,102,9010,0.71,177,15666,0.32,60,12218,0.38
10622,0,0.319,0.606,121,1442,1.02,61,1989,1.08,20,1995,0.36,18,2292,0.49,51,3970,0.36,15,3671,0.32
142,0,0.319,2.133,252,2106,1.46,31,2256,0.49,277,2635,3.77,168,2674,3.91,276,2733,2.85,8,1958,0.32
19798,0,0.319,0.605,215,1950,1.34,58,3302,0.62,42,3192,0.47,27,4089,0.41,98,8683,0.32,38,6438,0.46
6245,0,0.319,1.686,50,826,0.74,31,1174,0.93,2,225,0.32,6,386,0.97,10,60,4.71,19,606,2.45
10924,0,0.319,0.917,97,2054,0.58,68,3044,0.79,11,1238,0.32,13,1843,0.44,47,838,1.58,58,2524,1.79
21101,0,0.318,0.645,48,371,1.58,6,519,0.41,10,586,0.61,7,767,0.57,21,1549,0.38,5,1228,0.32
20306,0,0.318,0.65,66,866,0.93,39,1346,1.02,14,1579,0.32,22,1817,0.75,52,3857,0.38,21,3314,0.49
19296,0,0.318,0.611,305,3894,0.96,147,5701,0.91,85,7221,0.42,56,8188,0.43,366,16255,0.64,62,15233,0.32
30460,0,0.318,0.588,173,2223,0.95,61,3141,0.69,37,4008,0.33,29,4453,0.41,218,7319,0.84,33,8111,0.32
18775,0,0.318,5.084,8,6,16.26,2,59,1.2,4,24,5.98,4,43,5.79,1,89,0.32,2,162,0.96
31801,0,0.317,1.419,16,393,0.5,17,414,1.45,1,113,0.32,4,149,1.67,7,73,2.71,5,209,1.87
19258,0,0.317,2.207,95,763,1.52,69,1220,2.0,2,226,0.32,8,361,1.38,11,78,3.99,23,444,4.04
8727,0,0.317,1.148,128,1901,0.82,72,2350,1.08,8,904,0.32,20,1377,0.9,49,670,2.07,47,2162,1.7
1438,0,0.317,0.581,19,291,0.8,9,430,0.74,11,645,0.61,5,776,0.4,38,1727,0.62,7,1725,0.32
17372,0,0.317,1.353,44,989,0.54,33,1333,0.87,6,679,0.32,43,824,3.25,26,636,1.16,52,2054,1.98
14565,0,0.317,8.359,2,77,0.32,4,48,2.94,2,14,5.12,13,23,35.2,10,106,2.67,4,80,3.9
3724,0,0.316,1.018,31,683,0.55,17,941,0.64,3,340,0.32,9,419,1.34,14,194,2.04,11,703,1.22
1344,0,0.316,1.047,13,102,1.55,9,159,2.0,5,150,1.2,2,204,0.61,6,536,0.32,3,385,0.61
15431,0,0.316,1.045,668,4210,1.93,166,4380,1.34,11,1247,0.32,19,2000,0.59,23,503,1.29,24,2348,0.8
3703,0,0.316,0.828,30,415,0.88,12,449,0.94,12,421,1.02,2,394,0.32,9,348,0.73,5,363,1.08
22962,0,0.316,0.802,23,347,0.81,13,450,1.02,9,414,0.78,8,563,0.89,12,1073,0.32,9,702,1.0
25660,0,0.316,0.961,234,3809,0.75,160,3603,1.57,135,4523,1.07,78,5048,0.96,208,5350,1.1,24,5937,0.32
6486,0,0.316,0.734,30,307,1.19,13,472,0.97,17,675,0.9,8,768,0.65,20,1520,0.37,5,1237,0.32
1160,0,0.315,0.904,312,6411,0.59,341,7271,1.66,91,10346,0.32,114,9976,0.71,576,11578,1.41,150,15764,0.74
26101,0,0.315,0.913,59,854,0.84,10,1122,0.31,5,504,0.36,9,677,0.83,11,140,2.22,12,1021,0.92
22710,0,0.315,0.674,245,3184,0.94,141,4772,1.04,48,5469,0.31,69,6447,0.67,218,10263,0.6,61,9934,0.48
20257,0,0.314,1.138,23,477,0.59,11,705,0.55,3,342,0.31,9,464,1.21,27,286,2.67,12,625,1.5
539,0,0.314,1.042,26,556,0.57,23,833,0.97,2,228,0.31,4,410,0.61,7,116,1.71,15,564,2.08
17428,0,0.314,0.67,44,748,0.72,20,795,0.89,7,799,0.31,11,899,0.76,30,958,0.88,9,1557,0.45
17169,0,0.313,0.618,259,3106,1.02,134,4232,1.12,44,5033,0.31,64,6895,0.58,165,14011,0.33,45,10112,0.35
513,0,0.313,0.821,839,6651,1.54,212,10121,0.74,522,14963,1.25,196,20531,0.59,624,36089,0.49,121,30151,0.31
18606,0,0.313,0.711,449,3388,1.62,80,5658,0.5,182,6725,0.97,61,8982,0.42,247,15669,0.45,51,12728,0.31
27880,0,0.313,0.871,293,5745,0.62,128,5890,0.77,43,4928,0.31,47,7005,0.42,314,3299,2.69,67,12541,0.42
26052,0,0.313,0.68,363,3812,1.16,124,4967,0.88,115,5817,0.71,83,8293,0.62,152,13734,0.31,57,11285,0.39
2050,0,0.313,1.339,1,39,0.31,1,58,0.61,5,66,2.72,1,72,0.87,4,41,2.76,2,202,0.77
25387,0,0.313,2.146,11,151,0.89,49,187,9.25,6,231,0.93,3,235,0.8,5,452,0.31,4,448,0.7
28349,0,0.312,0.674,366,4470,1.0,140,5736,0.86,53,6085,0.31,71,6802,0.65,225,8356,0.76,70,11878,0.46
22578,0,0.312,0.637,92,698,1.61,19,1106,0.61,8,700,0.41,6,853,0.44,16,1448,0.31,7,1219,0.45
24338,0,0.312,0.661,40,364,1.34,7,604,0.41,22,788,1.0,8,1072,0.46,34,2187,0.44,7,1752,0.31
21728,0,0.312,0.678,36,500,0.88,6,575,0.37,21,691,1.09,12,926,0.81,21,1904,0.31,13,1662,0.61
4589,0,0.311,0.541,43,455,1.15,6,681,0.31,11,709,0.56,6,997,0.37,31,1945,0.45,8,1558,0.4
32552,0,0.311,0.609,181,1849,1.19,51,2802,0.64,42,3468,0.43,38,3570,0.66,94,6483,0.41,26,6529,0.31
18392,0,0.311,0.963,43,330,1.59,22,400,1.94,10,745,0.48,16,1268,0.79,27,2455,0.31,13,1510,0.67
2103,0,0.311,0.742,63,555,1.38,26,731,1.26,23,1360,0.61,15,2292,0.41,54,4913,0.31,20,3222,0.48
17295,0,0.311,0.617,345,5429,0.77,212,7486,1.0,81,9350,0.31,128,10473,0.76,296,16293,0.51,76,17270,0.34
25851,0,0.31,0.566,260,2645,1.2,89,4239,0.74,47,4912,0.34,49,6314,0.48,115,10173,0.32,34,8554,0.31
5489,0,0.31,0.653,39,443,1.07,12,662,0.64,11,609,0.65,10,814,0.77,12,1093,0.31,6,974,0.48
10819,0,0.31,2.472,687,6150,1.36,405,9766,1.46,13,1503,0.31,51,2801,1.13,4,20,5.65,126,2003,4.91
6706,0,0.31,1.395,66,737,1.09,57,805,2.5,24,946,0.91,46,1201,2.39,22,2006,0.31,29,1932,1.17
18699,0,0.31,0.657,512,12761,0.49,359,15083,0.84,321,32584,0.35,320,31804,0.63,1541,32921,1.32,232,58527,0.31
11357,0,0.309,1.244,63,443,1.73,36,689,1.84,21,854,0.88,7,1409,0.31,35,1404,0.7,44,1726,1.99
31953,0,0.309,1.238,28,349,0.98,61,493,4.37,15,686,0.78,9,914,0.61,18,1363,0.37,6,1514,0.31
15171,0,0.309,0.699,164,1373,1.46,41,2115,0.68,74,3008,0.88,37,4204,0.55,104,9459,0.31,26,6562,0.31
15182,0,0.309,0.997,81,662,1.49,13,1486,0.31,6,397,0.54,5,412,0.76,6,342,0.5,9,294,2.39
20299,0,0.309,1.786,74,572,1.58,14,980,0.5,19,216,3.15,17,238,4.45,5,195,0.72,1,253,0.31
13609,0,0.308,0.674,16,158,1.23,2,229,0.31,4,307,0.47,5,254,1.23,2,126,0.45,1,219,0.36
14521,0,0.308,1.263,5,79,0.77,6,125,1.69,9,145,2.23,6,327,1.14,6,550,0.31,8,435,1.44
26293,0,0.308,1.054,46,942,0.6,13,1489,0.31,9,951,0.34,60,948,3.94,20,719,0.79,14,3092,0.35
4745,0,0.308,1.429,30,663,0.55,25,946,0.93,2,233,0.31,9,432,1.3,11,122,2.55,22,585,2.94
16218,0,0.307,0.896,9,105,1.05,6,178,1.19,5,269,0.67,3,260,0.72,6,552,0.31,8,432,1.45
10313,0,0.307,0.604,99,1458,0.83,36,1721,0.74,20,1483,0.48,8,1623,0.31,45,1788,0.71,14,1960,0.56
26808,0,0.307,0.572,46,518,1.08,12,809,0.52,19,927,0.73,7,1166,0.37,35,2414,0.41,8,2035,0.31
4166,0,0.307,1.761,95,395,2.93,9,533,0.6,45,497,3.25,10,732,0.85,25,268,2.64,2,509,0.31
28989,0,0.306,0.653,270,3285,1.0,93,4144,0.79,40,4681,0.31,81,5362,0.94,89,6902,0.36,55,8398,0.51
10519,0,0.306,0.738,17,232,0.89,8,384,0.74,12,404,1.06,8,558,0.89,15,1384,0.31,7,1026,0.53
16787,0,0.306,0.906,34,545,0.76,12,568,0.75,9,353,0.91,2,407,0.31,22,314,1.98,5,534,0.73
7927,0,0.306,0.674,15,379,0.48,11,396,0.98,14,724,0.69,17,859,1.23,17,1376,0.35,6,1531,0.31
34,0,0.306,0.911,62,745,1.01,18,796,0.8,9,476,0.68,3,611,0.31,24,450,1.51,11,740,1.16
21914,0,0.306,0.635,433,4849,1.09,164,6710,0.86,123,8332,0.53,101,10676,0.59,214,19792,0.31,90,16101,0.44
12233,0,0.305,0.732,194,1883,1.26,49,3245,0.53,43,2842,0.54,18,3670,0.31,154,4704,0.93,55,5165,0.83
23723,0,0.305,0.854,47,348,1.65,12,447,0.95,4,419,0.34,10,550,1.13,11,1018,0.31,8,835,0.75
8854,0,0.305,0.681,90,1358,0.81,45,1805,0.88,25,1718,0.52,9,1836,0.31,68,2354,0.82,26,2693,0.75
16311,0,0.305,0.684,253,4723,0.65,105,3988,0.93,64,7523,0.3,35,6756,0.32,273,6754,1.14,124,12937,0.75
24163,0,0.305,1.318,23,452,0.62,5,579,0.3,2,220,0.33,5,284,1.1,22,163,3.81,10,447,1.75
28951,0,0.305,1.953,1,40,0.3,1,100,0.35,3,27,3.98,2,32,3.89,4,109,1.04,3,109,2.15
13892,0,0.304,0.77,44,374,1.43,7,569,0.43,4,471,0.3,6,536,0.7,8,355,0.64,9,632,1.11
28296,0,0.304,0.794,59,997,0.72,21,1123,0.66,20,662,1.08,5,815,0.38,24,420,1.61,3,770,0.3
3451,0,0.304,1.878,7,69,1.24,7,69,3.58,4,69,2.08,3,124,1.51,3,279,0.3,6,183,2.56
16331,0,0.304,1.17,3,58,0.63,6,85,2.49,1,118,0.3,4,148,1.68,7,232,0.85,3,222,1.06
11402,0,0.304,0.593,14,260,0.66,13,382,1.2,4,472,0.3,3,546,0.34,17,993,0.48,7,954,0.57
11733,0,0.304,0.741,202,1953,1.26,107,2788,1.36,29,3423,0.3,39,3304,0.74,78,5446,0.4,26,5258,0.39
16158,0,0.303,0.541,264,3294,0.98,71,4838,0.52,67,6176,0.39,37,7594,0.3,261,9914,0.74,47,11643,0.32
29133,0,0.303,0.604,104,1551,0.82,13,1400,0.33,30,1395,0.77,10,1454,0.43,61,1768,0.98,6,1544,0.3
3055,0,0.303,1.518,332,1066,3.8,62,3475,0.63,19,497,1.37,27,737,2.28,19,740,0.73,3,772,0.3
21228,0,0.303,0.963,5,160,0.38,2,233,0.3,2,121,0.59,9,188,2.98,2,127,0.45,6,436,1.07
8235,0,0.303,1.47,235,1519,1.89,16,1864,0.3,49,1021,1.72,48,1450,2.06,93,1417,1.85,19,1495,0.99
30448,0,0.303,0.638,31,352,1.07,11,458,0.85,11,642,0.61,4,823,0.3,25,1572,0.45,9,1302,0.54
8767,0,0.303,1.07,164,1396,1.43,82,1971,1.47,62,2117,1.05,53,2818,1.17,54,5044,0.3,44,3444,1.0
23898,0,0.302,79.775,37,1,451.15,19,63,10.65,3,33,3.26,1,206,0.3,13,593,0.62,55,339,12.67
22476,0,0.302,0.963,24,259,1.13,7,342,0.72,12,427,1.01,3,618,0.3,17,334,1.44,10,662,1.18
27494,0,0.302,0.737,25,391,0.78,4,468,0.3,6,246,0.87,3,246,0.76,8,189,1.2,2,307,0.51
497,0,0.302,0.776,16,212,0.92,2,234,0.3,12,270,1.59,4,429,0.58,8,513,0.44,4,382,0.82
13757,0,0.302,0.939,323,1846,2.13,37,2852,0.46,151,3934,1.38,40,4217,0.59,105,3841,0.77,16,4141,0.3
14899,0,0.302,0.74,299,3649,1.0,206,5193,1.4,50,5943,0.3,84,6437,0.81,157,10910,0.41,67,10082,0.52
4661,0,0.301,0.593,874,13133,0.81,247,16452,0.53,180,21416,0.3,303,25691,0.73,1001,35125,0.81,254,53011,0.37
7830,0,0.301,1.814,33,295,1.36,18,530,1.2,1,119,0.3,2,129,0.97,1,13,2.17,1,16,4.88
2907,0,0.301,0.473,10,296,0.41,8,363,0.78,1,119,0.3,1,167,0.37,1,59,0.48,1,157,0.5
1154,0,0.301,0.673,13,156,1.02,3,206,0.51,2,164,0.44,1,207,0.3,2,101,0.56,7,452,1.21
16917,0,0.301,0.558,64,1076,0.73,27,1741,0.55,13,1274,0.37,17,1527,0.69,61,2420,0.71,10,2595,0.3
18027,0,0.301,1.007,135,1633,1.01,17,1996,0.3,35,1932,0.65,58,2659,1.36,75,1132,1.87,72,6581,0.85
19074,0,0.3,1.398,82,1329,0.75,13,1529,0.3,4,96,1.49,2,203,0.61,1,6,4.71,1,151,0.52
18098,0,0.3,0.936,38,228,2.03,5,386,0.46,6,471,0.46,7,477,0.91,24,466,1.46,4,1042,0.3
9129,0,0.3,0.699,491,3726,1.61,96,5763,0.59,130,6259,0.74,59,8474,0.43,242,13152,0.52,51,13290,0.3
16371,0,0.299,1.008,38,650,0.71,20,709,1.0,20,616,1.16,3,624,0.3,28,498,1.59,12,729,1.29
26543,0,0.299,1.099,24,367,0.8,15,498,1.06,7,347,0.72,2,416,0.3,35,350,2.83,7,616,0.89
20519,0,0.299,0.63,38,404,1.15,13,601,0.76,16,760,0.75,5,924,0.34,25,2360,0.3,9,1466,0.48
1977,0,0.299,0.618,440,5710,0.94,153,7177,0.75,99,8531,0.42,48,9987,0.3,383,12293,0.88,92,17159,0.42
21748,0,0.299,0.989,23,215,1.3,16,354,1.6,1,78,0.46,1,79,0.79,1,19,1.49,1,261,0.3
32142,0,0.299,0.606,43,399,1.31,15,553,0.96,6,633,0.34,4,833,0.3,23,1617,0.4,5,1216,0.32
25955,0,0.299,0.54,49,894,0.67,12,1037,0.41,13,1266,0.37,6,1250,0.3,29,922,0.89,16,2060,0.61
27944,0,0.299,3.857,32,598,0.65,38,1101,1.22,1,120,0.3,6,282,1.33,5,11,12.85,52,597,6.8
19753,0,0.299,1.203,170,1043,1.99,16,1891,0.3,41,1219,1.21,36,1352,1.66,64,1135,1.59,9,1491,0.47
876,0,0.298,0.659,452,5166,1.07,205,7227,1.0,65,7810,0.3,113,9186,0.77,267,16737,0.45,73,15413,0.37
32353,0,0.298,0.917,39,281,1.69,8,370,0.76,15,429,1.25,10,605,1.03,9,853,0.3,6,1011,0.46
25634,0,0.298,0.828,124,1092,1.38,39,1490,0.92,33,1752,0.68,50,2469,1.26,40,3799,0.3,22,4045,0.42
17632,0,0.297,1.885,3,11,3.33,3,29,3.65,1,46,0.78,1,53,1.18,1,95,0.3,2,75,2.08
30691,0,0.297,0.52,14,198,0.86,3,357,0.3,7,318,0.79,3,486,0.38,13,985,0.37,3,569,0.41
14611,0,0.297,0.907,7,80,1.07,1,119,0.3,1,47,0.76,1,106,0.59,1,31,0.91,6,258,1.82
13965,0,0.297,0.955,31,253,1.49,13,373,1.23,3,165,0.65,1,210,0.3,6,110,1.54,2,302,0.52
19113,0,0.296,1.043,20,415,0.59,18,465,1.37,3,363,0.3,8,414,1.2,22,369,1.68,9,629,1.12
28143,0,0.296,1.481,16,246,0.79,12,320,1.32,1,121,0.3,3,160,1.17,3,43,1.97,12,281,3.33
26635,0,0.296,0.8,39,422,1.13,9,509,0.62,7,502,0.5,3,631,0.3,14,278,1.42,11,1038,0.83
10742,0,0.296,0.72,243,2399,1.24,92,3455,0.94,95,5098,0.67,61,5838,0.65,220,11708,0.53,38,10025,0.3
8631,0,0.296,0.588,37,312,1.45,5,597,0.3,14,735,0.68,5,880,0.35,26,1781,0.41,7,1626,0.34
21108,0,0.296,1.017,4,165,0.3,7,207,1.19,2,78,0.92,2,116,1.07,4,96,1.18,5,271,1.44
1456,0,0.295,1.307,60,901,0.81,94,1194,2.78,61,1696,1.29,57,2122,1.67,64,6124,0.3,42,3301,0.99
32737,0,0.295,1.154,35,437,0.98,11,419,0.93,2,243,0.3,4,280,0.89,13,155,2.37,8,427,1.46
8348,0,0.295,1.525,47,819,0.7,29,1293,0.79,2,243,0.3,4,327,0.76,7,40,4.95,13,614,1.65
13018,0,0.295,0.944,161,1377,1.43,63,2504,0.89,93,2864,1.16,60,3711,1.01,86,8237,0.3,65,5731,0.89
8627,0,0.295,0.671,91,1487,0.75,16,1915,0.3,4,403,0.36,3,459,0.41,2,106,0.53,5,231,1.69
20062,0,0.295,0.999,127,1952,0.79,72,2272,1.12,23,1085,0.76,8,1689,0.3,42,665,1.78,48,3015,1.24
30427,0,0.295,0.588,69,912,0.92,25,1356,0.65,11,1087,0.36,17,1254,0.84,25,1553,0.45,7,1853,0.29
13180,0,0.295,0.848,203,2425,1.02,137,3617,1.34,30,3648,0.29,75,3599,1.3,90,3587,0.71,29,5316,0.43
20265,0,0.295,0.513,330,5035,0.8,44,5270,0.29,30,1733,0.62,11,2077,0.33,15,684,0.62,8,1509,0.41
15665,0,0.295,0.762,29,308,1.15,16,430,1.31,6,635,0.34,9,807,0.69,17,1630,0.29,13,1299,0.78
17909,0,0.294,1.047,63,830,0.93,34,1196,1.0,4,487,0.29,16,731,1.36,9,269,0.95,22,982,1.75
32686,0,0.294,0.612,357,5252,0.83,213,6912,1.09,79,8171,0.35,71,9914,0.45,353,14948,0.67,57,15118,0.29
22206,0,0.294,1.102,2,67,0.36,1,120,0.29,8,132,2.17,1,116,0.54,8,79,2.86,2,406,0.38
7696,0,0.294,0.64,56,504,1.35,10,824,0.43,20,810,0.89,7,991,0.44,21,1352,0.44,5,1328,0.29
3280,0,0.294,0.856,1,35,0.35,7,81,3.05,1,122,0.29,1,154,0.4,3,214,0.4,2,243,0.64
32762,0,0.294,0.383,28,1163,0.29,19,1486,0.45,16,1330,0.43,8,1478,0.34,15,1401,0.3,10,1625,0.48
26744,0,0.293,1.223,19,140,1.65,8,151,1.87,8,280,1.02,4,343,0.73,4,386,0.29,10,442,1.77
15914,0,0.293,0.822,17,325,0.64,10,400,0.88,2,245,0.29,2,287,0.43,13,194,1.89,4,396,0.79
22840,0,0.293,1.176,31,515,0.73,20,685,1.03,2,245,0.29,2,414,0.3,14,171,2.31,19,623,2.38
8688,0,0.293,0.905,27,601,0.55,16,1053,0.54,2,245,0.29,7,350,1.25,5,103,1.37,18,980,1.43
5119,0,0.293,0.615,152,1600,1.16,30,2424,0.44,60,2720,0.79,37,3305,0.7,75,6756,0.31,23,6137,0.29
9927,0,0.292,0.973,30,518,0.71,8,442,0.64,13,413,1.13,4,430,0.58,32,363,2.49,2,534,0.29
19988,0,0.292,0.497,36,534,0.82,8,593,0.48,8,748,0.38,5,858,0.36,36,1578,0.64,6,1607,0.29
6348,0,0.291,0.882,17,189,1.1,5,304,0.58,1,123,0.29,4,190,1.31,7,117,1.69,1,242,0.32
21083,0,0.291,0.667,48,432,1.35,11,731,0.53,16,752,0.76,10,953,0.65,19,1844,0.29,8,1532,0.41
22170,0,0.291,0.524,117,2046,0.7,29,2419,0.42,20,2463,0.29,32,3040,0.66,78,3079,0.72,23,4946,0.36
27274,0,0.291,0.691,39,302,1.57,8,560,0.5,6,298,0.72,2,428,0.29,7,539,0.37,5,566,0.69
10251,0,0.291,0.613,46,439,1.28,12,652,0.65,16,752,0.76,6,958,0.39,20,1838,0.31,6,1612,0.29
20813,0,0.29,0.673,28,343,1.0,7,630,0.39,21,564,1.33,8,711,0.7,14,1216,0.33,4,1076,0.29
12258,0,0.29,0.617,20,334,0.73,3,365,0.29,8,270,1.06,2,346,0.36,4,355,0.32,5,414,0.94
19891,0,0.29,3.432,332,4847,0.84,310,7989,1.37,7,865,0.29,59,1923,1.91,5,14,10.09,193,2474,6.09
19248,0,0.29,0.679,39,296,1.61,10,433,0.82,10,660,0.54,4,860,0.29,16,1182,0.38,7,1247,0.44
28713,0,0.29,0.76,172,2783,0.75,35,2600,0.48,34,1748,0.7,8,1720,0.29,106,1769,1.69,17,2034,0.65
1852,0,0.29,0.613,14,151,1.13,3,163,0.65,2,189,0.38,1,215,0.29,4,132,0.86,2,422,0.37
13957,0,0.29,0.834,314,3406,1.12,209,4585,1.61,47,5820,0.29,85,7488,0.71,210,10200,0.58,87,9802,0.69
30944,0,0.289,0.902,21,400,0.64,4,488,0.29,8,218,1.32,2,334,0.37,6,122,1.39,3,167,1.4
27328,0,0.289,0.83,314,2724,1.41,107,5093,0.74,18,2231,0.29,55,3240,1.06,29,1021,0.8,29,3325,0.68
30922,0,0.289,1.328,15,114,1.6,5,198,0.89,2,248,0.29,4,246,1.01,6,96,1.77,6,195,2.4
15902,0,0.289,1.336,151,1011,1.82,67,1455,1.63,90,1942,1.66,52,2586,1.25,51,4985,0.29,61,3484,1.37
29828,0,0.289,0.595,291,3179,1.12,84,4134,0.72,38,4714,0.29,67,6362,0.66,138,10185,0.38,46,8735,0.41
31877,0,0.289,1.112,99,2015,0.6,58,2351,0.87,5,621,0.29,12,967,0.77,24,369,1.84,32,1084,2.3
13912,0,0.288,0.742,336,3623,1.13,145,4874,1.05,50,6216,0.29,119,7303,1.01,170,9719,0.49,65,10754,0.47
10096,0,0.288,1.027,46,808,0.69,24,1099,0.77,3,373,0.29,7,525,0.83,17,264,1.82,17,755,1.76
7517,0,0.288,1.929,132,2067,0.78,105,3458,1.07,6,746,0.29,45,1120,2.5,36,270,3.77,76,1876,3.16
28654,0,0.288,0.955,26,223,1.42,15,269,1.97,9,592,0.55,5,438,0.71,27,960,0.79,3,813,0.29
7522,0,0.288,0.616,240,2797,1.05,69,3668,0.66,100,5785,0.62,83,7104,0.73,169,13660,0.35,45,12203,0.29
7040,0,0.288,1.4,34,193,2.15,14,293,1.69,26,361,2.58,8,756,0.66,13,1276,0.29,12,904,1.04
3390,0,0.288,0.78,86,1358,0.77,30,1476,0.72,19,1160,0.59,6,1298,0.29,36,913,1.11,20,1301,1.2
29293,0,0.288,0.745,129,2139,0.74,161,3038,1.87,33,3541,0.33,43,4250,0.63,171,7936,0.61,23,6241,0.29
16106,0,0.287,0.567,29,314,1.13,9,344,0.92,4,468,0.31,3,650,0.29,20,1422,0.4,5,1078,0.36
21681,0,0.287,0.591,66,861,0.93,24,1535,0.55,43,1514,1.02,13,1969,0.41,38,3736,0.29,13,2944,0.34
17041,0,0.287,0.631,199,2525,0.96,68,3544,0.68,76,4622,0.59,61,5030,0.76,143,7858,0.51,30,8155,0.29
22021,0,0.287,0.92,21,481,0.53,26,370,2.48,6,467,0.46,6,558,0.67,11,286,1.09,2,544,0.29
27337,0,0.287,1.103,16,136,1.43,10,204,1.73,1,125,0.29,2,99,1.26,3,85,1.0,2,172,0.91
14011,0,0.287,0.652,201,2155,1.14,34,3208,0.37,127,4812,0.95,49,5762,0.53,210,9288,0.64,36,9807,0.29
15306,0,0.286,0.76,25,469,0.65,13,441,1.04,6,515,0.42,2,435,0.29,29,584,1.4,5,512,0.76
29104,0,0.286,0.604,71,782,1.11,27,939,1.02,10,1252,0.29,8,1366,0.36,35,1915,0.52,9,2092,0.34
27521,0,0.286,0.598,64,789,0.99,23,1151,0.71,19,1306,0.52,7,1524,0.29,60,2306,0.74,12,2679,0.35
12215,0,0.286,1.042,108,756,1.74,23,1881,0.43,43,871,1.77,15,867,1.08,25,749,0.94,3,819,0.29
16171,0,0.286,0.837,13,202,0.78,6,302,0.7,7,186,1.35,1,218,0.29,5,144,0.98,3,255,0.92
15627,0,0.286,1.033,18,272,0.81,10,266,1.33,7,213,1.18,1,218,0.29,13,177,2.08,2,299,0.52
11594,0,0.286,0.608,52,429,1.48,7,676,0.37,13,644,0.72,5,837,0.37,15,1484,0.29,7,1295,0.42
29326,0,0.285,0.833,8,205,0.48,14,270,1.83,9,306,1.05,2,284,0.44,10,310,0.91,2,547,0.29
14220,0,0.285,0.657,409,3227,1.55,81,5199,0.55,162,6557,0.89,48,9767,0.31,219,16722,0.37,44,12034,0.29
4424,0,0.285,0.682,176,2346,0.91,60,2339,0.91,51,2487,0.74,23,2739,0.52,121,4715,0.73,12,3285,0.29
25961,0,0.285,0.607,22,188,1.43,4,329,0.43,5,299,0.6,4,455,0.55,11,1090,0.29,4,879,0.36
22455,0,0.285,0.727,136,2346,0.71,36,2130,0.6,16,2015,0.28,25,2497,0.62,112,1817,1.74,22,4225,0.41
2867,0,0.285,0.559,351,3129,1.37,80,4493,0.63,51,4337,0.42,31,5558,0.35,158,15688,0.28,36,9176,0.31
5525,0,0.285,1.464,36,644,0.68,18,1031,0.62,2,252,0.28,4,399,0.62,13,99,3.71,17,463,2.87
31737,0,0.285,0.66,69,546,1.54,17,782,0.77,13,887,0.53,6,1303,0.29,28,2781,0.28,14,1977,0.55
11567,0,0.284,1.73,173,1642,1.28,102,1925,1.87,16,2017,0.28,15,2633,0.35,207,1066,5.49,55,3922,1.09
29296,0,0.284,0.855,29,386,0.92,18,520,1.22,5,362,0.5,4,502,0.5,25,411,1.72,3,825,0.28
25615,0,0.284,0.82,3,95,0.39,11,160,2.43,4,300,0.48,3,302,0.62,9,349,0.73,1,275,0.28
17658,0,0.284,1.579,19,251,0.92,22,194,4.0,3,379,0.28,7,503,0.87,19,706,0.76,14,415,2.63
3115,0,0.284,0.826,32,284,1.37,4,462,0.31,17,517,1.18,11,569,1.2,16,738,0.61,3,826,0.28
26739,0,0.283,0.558,163,1638,1.21,50,2374,0.74,27,2512,0.39,20,3387,0.37,84,6737,0.35,18,4963,0.28
28590,0,0.283,0.51,37,463,0.97,9,625,0.51,14,836,0.6,6,1062,0.35,26,2162,0.34,7,1934,0.28
30335,0,0.283,1.526,307,864,4.33,78,1542,1.79,23,550,1.5,11,824,0.83,6,600,0.28,5,925,0.42
3293,0,0.283,1.562,4,26,1.88,3,31,3.42,4,96,1.49,3,171,1.09,3,300,0.28,3,194,1.21
7079,0,0.282,0.689,16,144,1.35,2,131,0.54,1,127,0.28,2,151,0.82,2,86,0.66,2,328,0.48
30578,0,0.282,1.156,98,609,1.96,39,856,1.61,43,1037,1.49,19,2265,0.52,41,4105,0.28,43,3122,1.08
27339,0,0.282,0.667,296,2204,1.64,125,4143,1.07,55,5183,0.38,32,7005,0.28,223,17768,0.35,40,11067,0.28
5079,0,0.282,0.89,115,536,2.62,10,1073,0.33,11,501,0.79,9,565,0.99,6,601,0.28,3,698,0.34
21970,0,0.282,0.499,55,998,0.67,21,1112,0.67,25,1526,0.59,11,2290,0.3,61,3535,0.49,11,3049,0.28
21381,0,0.281,0.689,52,642,0.99,21,931,0.8,15,776,0.69,15,961,0.97,12,1207,0.28,9,1734,0.41
10877,0,0.281,0.553,25,439,0.69,7,631,0.39,20,890,0.81,12,1166,0.64,24,2415,0.28,11,1698,0.51
3514,0,0.281,0.847,580,4348,1.63,139,6462,0.76,25,3192,0.28,83,4971,1.04,26,1685,0.44,62,5149,0.94
30253,0,0.281,0.527,15,258,0.71,7,365,0.68,8,705,0.41,9,789,0.71,17,1711,0.28,7,1443,0.38
24821,0,0.281,0.935,27,354,0.93,12,611,0.69,3,154,0.7,1,222,0.28,6,83,2.04,3,243,0.96
4767,0,0.28,0.762,347,5193,0.81,119,6196,0.68,39,4989,0.28,92,5390,1.06,130,3945,0.93,104,10130,0.8
29222,0,0.28,0.773,54,469,1.4,13,632,0.73,14,774,0.65,17,1139,0.93,22,2219,0.28,15,1810,0.65
16795,0,0.28,0.42,69,1195,0.7,16,1688,0.33,35,3486,0.36,16,3558,0.28,93,6158,0.43,36,6800,0.41
19742,0,0.28,0.697,50,931,0.65,15,989,0.54,21,640,1.18,3,613,0.3,19,436,1.23,1,279,0.28
1317,0,0.28,0.801,15,217,0.84,6,248,0.85,8,269,1.07,2,297,0.42,15,316,1.34,1,279,0.28
19048,0,0.28,0.973,4,99,0.49,2,158,0.45,2,159,0.45,2,207,0.6,1,101,0.28,20,438,3.57
27924,0,0.28,0.768,136,2149,0.77,85,2678,1.12,18,2307,0.28,19,2613,0.45,108,2419,1.26,38,4116,0.72
20409,0,0.28,0.699,291,3134,1.13,212,4448,1.68,42,5384,0.28,42,6568,0.4,171,11718,0.41,36,9720,0.29
18777,0,0.28,4.564,174,3032,0.7,111,4131,0.95,4,513,0.28,33,1244,1.65,7,10,19.78,51,990,4.02
7643,0,0.279,0.772,96,833,1.41,10,1197,0.29,49,1393,1.26,34,2030,1.04,31,3136,0.28,14,3130,0.35
18642,0,0.279,0.564,16,246,0.79,6,406,0.52,6,319,0.67,2,446,0.28,12,648,0.52,5,661,0.59
12356,0,0.279,0.499,6,217,0.34,2,253,0.28,3,385,0.28,9,588,0.95,8,796,0.28,8,725,0.86
11226,0,0.279,0.573,54,886,0.74,21,1163,0.64,23,1796,0.46,18,2103,0.53,88,3158,0.79,15,4196,0.28
3459,0,0.279,0.641,73,585,1.52,23,796,1.02,11,1026,0.38,7,1302,0.33,28,2587,0.31,7,1959,0.28
8024,0,0.279,1.62,134,313,5.22,15,879,0.6,8,163,1.76,3,284,0.66,3,304,0.28,5,325,1.2
13094,0,0.279,0.768,21,371,0.69,9,357,0.89,3,386,0.28,6,403,0.93,8,620,0.36,14,749,1.46
22324,0,0.279,0.891,81,1286,0.77,38,2044,0.66,6,772,0.28,5,1114,0.28,40,536,2.11,32,1991,1.25
2631,0,0.278,0.622,43,529,0.99,11,656,0.59,4,515,0.28,7,581,0.75,9,546,0.47,6,715,0.66
21488,0,0.278,1.396,70,344,2.48,15,490,1.08,34,654,1.86,22,938,1.46,18,1827,0.28,18,1159,1.21
31675,0,0.278,0.643,41,357,1.4,10,461,0.77,13,787,0.59,4,895,0.28,34,2123,0.45,7,1473,0.37
23994,0,0.278,0.598,221,2523,1.07,85,3889,0.77,37,4769,0.28,29,5622,0.32,200,8115,0.7,53,9112,0.45
15081,0,0.277,0.999,13,115,1.38,7,195,1.27,14,271,1.85,3,305,0.61,12,562,0.6,2,563,0.28
17312,0,0.277,0.872,69,581,1.45,23,709,1.15,23,1148,0.72,11,1224,0.56,60,1564,1.08,7,1972,0.28
18815,0,0.277,0.674,2,88,0.28,4,161,0.88,2,136,0.53,2,105,1.19,4,136,0.83,1,227,0.34
725,0,0.277,1.669,1,44,0.28,3,78,1.36,6,92,2.34,1,80,0.78,10,57,4.96,1,256,0.3
28371,0,0.277,1.133,43,640,0.82,24,428,1.98,7,251,1.0,9,292,1.92,2,204,0.28,2,194,0.8
15469,0,0.277,0.835,151,1065,1.73,45,1435,1.11,63,2258,1.0,21,4729,0.28,111,9314,0.34,42,5860,0.56
1306,0,0.277,1.072,65,368,2.15,10,554,0.64,40,723,1.98,13,910,0.89,14,808,0.49,3,847,0.28
1394,0,0.276,0.594,389,3906,1.21,126,5601,0.79,76,6802,0.4,50,8585,0.36,275,14995,0.52,49,13840,0.28
6493,0,0.276,0.583,121,1414,1.04,46,2151,0.76,21,2457,0.31,15,3388,0.28,150,5981,0.71,26,4962,0.41
5419,0,0.276,0.6,33,305,1.32,11,504,0.77,6,639,0.34,6,979,0.38,20,2051,0.28,10,1520,0.51
10613,0,0.275,0.757,51,463,1.34,9,456,0.7,12,325,1.32,4,623,0.4,9,505,0.5,2,567,0.28
27347,0,0.275,0.649,304,2723,1.36,82,4353,0.67,86,4814,0.64,57,6031,0.59,166,12998,0.36,33,9367,0.28
2449,0,0.275,0.831,16,213,0.92,5,305,0.58,3,125,0.86,3,162,1.15,4,94,1.2,1,284,0.27
27456,0,0.275,0.743,263,2520,1.27,58,3531,0.58,39,2643,0.53,37,2337,0.99,54,1874,0.81,9,2558,0.27
25290,0,0.275,0.694,309,3695,1.02,196,5082,1.36,85,5481,0.56,58,6999,0.52,95,9776,0.27,46,8291,0.43
28553,0,0.274,0.65,45,372,1.47,11,605,0.64,7,674,0.37,4,908,0.27,31,1473,0.59,10,1445,0.54
7423,0,0.274,0.667,152,1886,0.98,51,2634,0.68,10,1308,0.27,17,1466,0.72,29,1563,0.52,23,2209,0.81
23937,0,0.274,0.751,29,616,0.57,4,380,0.37,2,52,1.38,1,60,1.04,6,619,0.27,1,90,0.87
30309,0,0.274,1.034,27,504,0.65,5,645,0.27,4,178,0.81,3,249,0.75,13,126,2.92,3,290,0.81
12123,0,0.274,0.962,41,446,1.12,6,774,0.27,17,493,1.24,15,592,1.58,10,457,0.62,10,827,0.94
26513,0,0.274,0.686,196,2493,0.96,82,3163,0.92,71,4049,0.63,78,5512,0.88,89,9190,0.27,45,7672,0.46
24100,0,0.274,0.693,2823,42599,0.81,357,37778,0.33,1679,68358,0.88,491,69712,0.44,6078,120451,1.43,441,125833,0.27
7346,0,0.273,1.543,124,1639,0.92,33,1603,0.73,53,545,3.49,13,895,0.9,90,864,2.94,7,1999,0.27
25711,0,0.273,0.741,25,209,1.46,8,271,1.04,3,320,0.34,3,370,0.51,7,724,0.27,6,562,0.83
29504,0,0.273,1.462,54,125,5.27,7,555,0.45,6,143,1.5,2,149,0.84,2,207,0.27,1,174,0.45
24724,0,0.273,1.857,13,119,1.33,9,171,1.86,11,164,2.4,9,187,3.0,3,311,0.27,6,206,2.27
25680,0,0.272,2.614,5,224,0.27,6,326,0.65,28,357,2.81,16,387,2.58,73,257,8.03,6,347,1.35
2937,0,0.272,0.68,38,516,0.9,9,849,0.37,44,1086,1.45,16,1266,0.79,22,2287,0.27,8,2101,0.3
1578,0,0.272,0.586,70,770,1.11,34,1177,1.02,7,835,0.3,5,1146,0.27,16,1564,0.29,9,1338,0.53
18139,0,0.272,1.62,28,86,3.97,7,245,1.01,6,93,2.31,3,115,1.62,1,104,0.27,1,147,0.53
26775,0,0.272,2.307,4,50,0.98,1,57,0.62,1,97,0.37,12,114,6.56,2,208,0.27,11,170,5.05
22821,0,0.272,1.061,43,335,1.57,13,382,1.2,10,450,0.8,16,637,1.56,11,1144,0.27,14,1134,0.96
19977,0,0.271,1.165,81,1159,0.85,39,1543,0.89,4,529,0.27,18,815,1.38,26,349,2.11,20,1044,1.5
32169,0,0.271,0.649,59,545,1.32,8,845,0.33,35,1084,1.16,7,1609,0.27,38,2569,0.42,10,1982,0.39
21509,0,0.271,0.923,97,660,1.79,12,1564,0.27,30,796,1.35,6,727,0.51,24,550,1.23,3,625,0.37
31612,0,0.271,1.229,18,295,0.74,6,433,0.49,6,169,1.27,1,230,0.27,9,91,2.79,6,260,1.8
13575,0,0.271,0.96,234,3403,0.84,225,5764,1.38,9,1192,0.27,12,1647,0.45,20,338,1.67,55,3749,1.15
16865,0,0.271,0.738,52,387,1.64,4,522,0.27,21,620,1.21,8,792,0.63,14,1006,0.39,4,1098,0.28
24787,0,0.27,0.66,14,146,1.17,6,227,0.93,2,266,0.27,4,361,0.69,9,776,0.33,4,549,0.57
9512,0,0.27,0.842,12,100,1.46,1,131,0.27,2,60,1.2,1,157,0.4,1,89,0.32,7,387,1.41
3258,0,0.269,0.648,21,228,1.12,5,360,0.49,12,330,1.3,2,428,0.29,8,839,0.27,4,766,0.41
12657,0,0.269,1.943,77,385,2.44,49,502,3.45,55,671,2.94,30,2351,0.79,32,3357,0.27,57,2515,1.77
13742,0,0.269,0.67,230,2720,1.03,166,4311,1.36,33,4394,0.27,32,4996,0.4,209,8996,0.66,30,7743,0.3
12780,0,0.269,1.003,49,294,2.03,21,443,1.67,13,714,0.65,11,1176,0.58,26,2730,0.27,15,1454,0.81
12988,0,0.268,0.57,6,159,0.46,4,148,0.95,3,253,0.43,1,232,0.27,5,171,0.83,1,160,0.49
580,0,0.268,0.558,243,2603,1.14,71,3918,0.64,57,3992,0.51,23,5339,0.27,211,11535,0.52,30,8509,0.28
22505,0,0.268,0.597,342,4395,0.95,155,5427,1.01,60,7048,0.31,88,8697,0.63,234,15755,0.42,47,13694,0.27
5958,0,0.268,0.91,32,237,1.65,3,388,0.27,27,526,1.84,9,586,0.96,13,776,0.47,3,875,0.27
10425,0,0.268,0.807,18,282,0.78,6,374,0.57,1,134,0.27,2,203,0.61,5,90,1.57,4,299,1.04
11446,0,0.268,3.861,117,2266,0.63,169,3744,1.59,1,134,0.27,12,345,2.17,1,7,4.04,76,410,14.47
4401,0,0.267,0.709,74,822,1.1,15,1398,0.38,36,1170,1.1,21,1457,0.9,36,2008,0.51,7,2047,0.27
31713,0,0.267,0.622,53,451,1.43,9,614,0.52,18,1005,0.64,13,1368,0.59,31,3286,0.27,8,2221,0.28
20486,0,0.266,0.813,308,5990,0.63,226,8529,0.94,11,1480,0.27,26,2344,0.69,13,572,0.64,60,2728,1.72
12050,0,0.266,0.662,346,4016,1.05,137,5992,0.81,126,6638,0.68,90,8308,0.67,205,11692,0.5,43,12601,0.27
20474,0,0.266,0.611,28,861,0.4,43,1281,1.19,12,1615,0.27,22,1827,0.75,60,2570,0.66,18,3468,0.41
644,0,0.266,0.558,48,550,1.06,15,823,0.64,5,674,0.27,7,854,0.51,21,1617,0.37,10,1579,0.49
2300,0,0.266,1.133,4,169,0.29,26,280,3.28,9,290,1.11,6,293,1.28,5,246,0.57,2,588,0.27
2217,0,0.265,0.857,131,3012,0.53,155,3137,1.74,19,2566,0.27,18,2316,0.48,88,2079,1.2,49,4140,0.92
16057,0,0.265,0.822,136,779,2.13,9,1194,0.27,37,1209,1.1,28,2037,0.86,33,3514,0.27,11,2682,0.32
32393,0,0.265,0.899,26,278,1.14,22,366,2.12,10,496,0.72,4,623,0.4,21,797,0.74,4,1177,0.27
12752,0,0.265,0.599,180,1835,1.2,65,2803,0.82,47,3561,0.47,43,4922,0.54,90,9595,0.27,27,7146,0.3
29753,0,0.265,1.176,14,170,1.0,4,323,0.44,11,184,2.14,1,235,0.27,2,51,1.11,8,298,2.1
29787,0,0.265,0.58,4,142,0.34,5,130,1.36,2,225,0.32,1,235,0.27,2,181,0.31,6,530,0.88
31282,0,0.265,0.781,535,4590,1.42,116,6366,0.64,246,7505,1.18,152,10573,0.9,208,20491,0.29,53,15622,0.26
15269,0,0.265,0.554,396,5439,0.89,180,7363,0.86,54,7311,0.26,67,8585,0.49,244,14136,0.49,53,12284,0.34
5297,0,0.265,0.666,33,249,1.62,4,342,0.41,7,306,0.82,4,446,0.56,6,641,0.26,3,724,0.32
7309,0,0.264,0.573,236,5391,0.53,121,6397,0.67,75,6843,0.39,54,7179,0.47,232,5913,1.11,59,17429,0.26
2768,0,0.264,5.997,40,69,7.07,39,119,11.57,1,136,0.26,4,131,1.9,9,221,1.15,30,167,14.03
18872,0,0.264,1.015,44,637,0.84,15,993,0.53,2,272,0.26,4,372,0.67,16,174,2.6,7,463,1.18
20993,0,0.264,0.913,88,892,1.2,9,1206,0.26,9,794,0.41,23,1241,1.15,18,406,1.25,33,2153,1.2
16742,0,0.264,1.083,5,172,0.35,2,268,0.26,12,277,1.55,2,315,0.4,15,132,3.21,5,543,0.72
6091,0,0.263,0.712,26,438,0.72,17,595,1.01,5,681,0.26,7,784,0.56,27,795,0.96,11,1131,0.76
1878,0,0.263,0.916,602,3349,2.19,55,6161,0.32,392,7710,1.82,104,12304,0.53,191,20506,0.26,61,12674,0.38
573,0,0.263,0.466,48,774,0.76,21,1000,0.74,8,1009,0.28,5,1037,0.3,26,1633,0.45,6,1780,0.26
2459,0,0.263,0.597,24,207,1.41,5,299,0.59,3,390,0.28,3,546,0.34,9,967,0.26,8,898,0.7
12735,0,0.263,1.1,446,20684,0.26,478,25053,0.67,104,11746,0.32,138,16418,0.52,595,6982,2.41,707,22893,2.41
8211,0,0.263,0.912,43,286,1.83,11,593,0.65,7,274,0.92,5,347,0.9,2,215,0.26,4,344,0.91
2463,0,0.263,0.647,27,231,1.43,3,403,0.26,10,444,0.81,4,653,0.38,19,1325,0.41,7,911,0.6
22978,0,0.263,0.581,84,1198,0.85,32,1491,0.76,13,1256,0.37,6,1423,0.26,32,1156,0.78,11,1878,0.46
27117,0,0.262,1.625,9,97,1.13,16,131,4.31,15,240,2.24,18,891,1.26,16,1723,0.26,8,1146,0.55
17841,0,0.262,0.677,154,1468,1.28,39,2026,0.68,70,3139,0.8,32,3652,0.55,118,6710,0.5,22,6552,0.26
18541,0,0.262,0.481,119,1690,0.86,28,2232,0.44,25,2996,0.3,17,3371,0.31,145,5762,0.71,21,6255,0.26
5730,0,0.262,0.594,97,1307,0.9,31,1599,0.68,12,1642,0.26,15,1809,0.52,49,2448,0.57,19,2351,0.63
4873,0,0.262,0.568,177,1814,1.19,51,2571,0.7,44,3298,0.48,33,4300,0.48,89,8425,0.3,24,7157,0.26
27107,0,0.262,0.855,156,1554,1.22,92,2052,1.58,44,2275,0.69,39,3206,0.76,71,7666,0.26,38,4858,0.61
18223,0,0.262,1.269,36,244,1.8,8,391,0.72,2,274,0.26,8,214,2.33,2,32,1.77,1,106,0.74
6550,0,0.262,1.127,13,335,0.47,22,771,1.01,1,137,0.26,2,281,0.44,3,73,1.16,13,297,3.42
23517,0,0.262,1.131,5,114,0.53,1,135,0.26,6,103,2.09,3,147,1.27,5,92,1.54,2,143,1.09
11454,0,0.261,1.09,45,447,1.23,19,524,1.28,1,133,0.27,2,215,0.58,3,29,2.92,1,299,0.26
13871,0,0.261,1.704,12,172,0.85,37,242,5.4,3,412,0.26,19,434,2.73,12,680,0.5,4,638,0.49
23572,0,0.261,0.545,241,2550,1.15,69,3447,0.71,42,4168,0.36,28,4794,0.36,108,7161,0.43,24,7188,0.26
10207,0,0.259,1.046,16,116,1.68,2,120,0.59,8,175,1.64,4,195,1.28,1,109,0.26,3,282,0.83
22519,0,0.259,0.604,44,748,0.72,26,1030,0.89,22,1462,0.54,19,1654,0.72,60,3363,0.5,10,3012,0.26
313,0,0.259,0.908,98,1302,0.92,72,1545,1.65,58,2647,0.79,69,3333,1.29,71,7741,0.26,41,5831,0.55
17314,0,0.259,0.97,508,5065,1.22,38,3618,0.37,32,4436,0.26,25,4763,0.33,230,2627,2.47,123,8239,1.17
6528,0,0.259,0.591,77,1176,0.8,11,1331,0.29,14,864,0.58,9,937,0.6,25,692,1.02,2,604,0.26
10726,0,0.258,1.054,18,188,1.17,4,210,0.67,8,329,0.87,2,482,0.26,19,222,2.42,7,584,0.94
28895,0,0.258,0.622,159,1227,1.58,41,2173,0.67,33,2555,0.46,14,3376,0.26,89,8007,0.31,28,4884,0.45
26907,0,0.258,1.818,33,135,2.98,25,213,4.14,18,453,1.42,7,809,0.54,12,1313,0.26,26,1302,1.56
11813,0,0.258,1.264,126,399,3.85,21,634,1.17,8,300,0.96,9,569,0.99,4,438,0.26,2,431,0.36
16253,0,0.258,0.55,22,309,0.87,7,373,0.66,9,415,0.78,4,566,0.44,8,876,0.26,3,794,0.3
25633,0,0.258,0.826,4,83,0.59,3,138,0.77,1,139,0.26,1,104,0.6,6,85,1.99,1,104,0.75
10552,0,0.257,0.837,1776,12039,1.8,136,18668,0.26,1217,28861,1.51,364,34850,0.65,948,56645,0.47,218,51424,0.33
12193,0,0.257,0.715,46,379,1.48,17,517,1.16,17,840,0.73,7,1160,0.38,24,2637,0.26,7,1871,0.29
29128,0,0.257,0.603,204,2572,0.97,131,3972,1.16,35,4879,0.26,47,5526,0.53,137,11377,0.34,42,9127,0.36
13515,0,0.257,0.538,25,358,0.85,4,488,0.29,9,425,0.76,7,742,0.59,10,1099,0.26,5,807,0.48
31548,0,0.257,0.938,31,272,1.39,3,412,0.26,19,440,1.55,8,515,0.97,17,441,1.09,2,414,0.38
21619,0,0.257,0.762,146,1729,1.03,63,2563,0.87,7,418,0.6,12,685,1.09,1,110,0.26,12,1290,0.73
32366,0,0.257,0.589,11,133,1.01,3,126,0.84,2,116,0.62,1,127,0.49,1,110,0.26,1,246,0.32
27889,0,0.257,0.76,23,195,1.44,3,135,0.78,2,191,0.38,2,201,0.62,4,104,1.09,1,304,0.26
1275,0,0.257,0.879,80,626,1.56,29,1118,0.92,42,1109,1.36,12,1201,0.62,27,1359,0.56,6,1825,0.26
1075,0,0.257,0.595,71,561,1.54,8,956,0.3,19,1040,0.65,14,1557,0.56,36,3964,0.26,8,2426,0.26
29469,0,0.256,2.729,567,8537,0.81,371,12260,1.07,14,1958,0.26,100,3795,1.64,19,59,9.1,183,4086,3.5
4976,0,0.256,0.685,21,202,1.27,3,254,0.42,3,178,0.6,1,243,0.26,6,136,1.25,2,489,0.32
1279,0,0.256,0.583,35,335,1.27,8,530,0.53,12,662,0.65,3,729,0.26,22,1656,0.38,7,1337,0.41
30591,0,0.256,1.222,22,253,1.06,11,358,1.08,1,140,0.26,6,221,1.69,5,131,1.08,12,434,2.16
6501,0,0.256,0.528,13,177,0.9,3,242,0.44,1,140,0.26,2,232,0.54,1,98,0.29,4,415,0.75
24477,0,0.256,0.652,742,4757,1.9,156,7166,0.77,62,8007,0.28,41,9799,0.26,115,12699,0.26,85,14787,0.45
13593,0,0.256,0.431,19,258,0.9,4,369,0.38,6,488,0.44,3,648,0.29,13,1437,0.26,5,1217,0.32
21786,0,0.256,0.627,30,340,1.08,16,674,0.84,12,908,0.47,10,1049,0.59,33,1779,0.52,6,1833,0.26
7132,0,0.255,0.825,81,1234,0.8,83,1822,1.61,11,1545,0.26,17,1778,0.6,49,1291,1.07,24,3046,0.62
10583,0,0.255,1.185,108,411,3.2,25,667,1.32,5,270,0.66,6,308,1.21,4,250,0.45,1,306,0.26
7528,0,0.254,1.137,64,904,0.86,30,1305,0.81,3,423,0.25,7,736,0.59,5,194,0.73,53,1158,3.57
15404,0,0.254,2.287,16,208,0.94,3,154,0.69,1,141,0.25,3,105,1.78,6,23,7.37,2,58,2.69
21220,0,0.254,0.899,100,635,1.92,11,1529,0.25,11,537,0.73,9,544,1.03,12,486,0.7,5,515,0.76
32199,0,0.254,1.467,34,387,1.07,35,478,2.59,13,408,1.14,13,1249,0.65,15,1669,0.25,54,1360,3.1
1732,0,0.254,0.664,59,644,1.12,27,924,1.03,30,1161,0.93,13,2252,0.36,43,4791,0.25,10,2624,0.3
11479,0,0.253,1.286,39,497,0.96,18,737,0.86,2,283,0.25,8,350,1.42,17,171,2.81,10,554,1.41
12932,0,0.253,0.85,314,2321,1.65,85,3182,0.94,137,4038,1.22,70,6949,0.63,119,13281,0.25,44,8389,0.41
5131,0,0.253,0.502,28,355,0.96,7,503,0.49,6,501,0.43,6,732,0.51,12,1341,0.25,5,1073,0.36
6708,0,0.253,0.521,143,2071,0.84,65,2684,0.86,30,3224,0.33,26,3667,0.44,85,5983,0.4,20,6178,0.25
9498,0,0.253,0.689,65,795,1.0,31,921,1.19,28,1137,0.88,10,1357,0.46,29,2327,0.35,7,2163,0.25
1257,0,0.252,0.605,70,760,1.12,17,1257,0.48,32,1768,0.65,8,1977,0.25,123,5878,0.59,22,3196,0.54
20504,0,0.252,1.238,133,1652,0.98,85,2343,1.28,4,569,0.25,12,973,0.77,10,150,1.88,32,1104,2.26
29137,0,0.252,1.223,14,95,1.8,2,157,0.45,15,165,3.26,4,222,1.12,5,308,0.46,1,310,0.25
4551,0,0.252,0.831,17,404,0.51,12,532,0.8,2,285,0.25,10,400,1.56,9,380,0.67,13,845,1.2
19555,0,0.251,0.723,80,1204,0.81,30,1567,0.68,22,1120,0.7,5,1239,0.25,49,1188,1.17,12,1286,0.73
13460,0,0.251,0.575,91,1080,1.03,40,1643,0.86,25,1817,0.49,9,2231,0.25,76,4104,0.52,12,3167,0.3
32648,0,0.251,2.617,37,167,2.7,12,198,2.14,11,205,1.92,13,257,3.15,4,450,0.25,27,381,5.53
19917,0,0.251,1.472,72,2376,0.37,101,3361,1.06,8,1142,0.25,17,1491,0.71,64,423,4.28,62,2236,2.16
10517,0,0.251,0.634,19,296,0.78,4,267,0.53,3,223,0.48,1,248,0.25,5,176,0.8,4,327,0.96
24484,0,0.251,1.622,14,83,2.06,8,108,2.62,2,218,0.33,1,248,0.25,24,310,2.19,14,477,2.29
1493,0,0.251,0.835,26,374,0.85,13,403,1.14,9,459,0.7,4,536,0.46,33,581,1.61,2,622,0.25
2164,0,0.251,0.424,8,201,0.49,4,254,0.56,4,459,0.31,4,405,0.62,10,1127,0.25,2,484,0.32
32638,0,0.251,0.563,34,360,1.15,11,595,0.65,11,640,0.62,4,850,0.29,16,1804,0.25,7,1329,0.41
750,0,0.25,0.618,58,733,0.96,7,989,0.25,6,809,0.27,9,936,0.6,34,959,1.0,13,1614,0.63
18043,0,0.249,0.539,9,182,0.6,2,210,0.34,3,146,0.74,1,169,0.37,3,90,0.94,1,313,0.25
281,0,0.249,4.306,14,27,6.32,2,39,1.81,7,67,3.75,6,91,4.11,2,227,0.25,15,122,9.6
25251,0,0.249,0.75,251,3264,0.94,78,4006,0.69,114,3247,1.26,33,4258,0.48,188,6018,0.88,16,5021,0.25
16545,0,0.249,0.77,96,1269,0.92,36,1207,1.05,16,604,0.95,7,744,0.59,17,558,0.86,2,628,0.25
2810,0,0.249,0.493,36,472,0.93,6,686,0.31,18,1013,0.64,6,1230,0.3,53,2833,0.53,7,2199,0.25
9452,0,0.248,1.105,26,344,0.92,20,378,1.87,5,355,0.5,13,449,1.8,13,286,1.28,2,630,0.25
10465,0,0.248,0.784,10,168,0.73,2,285,0.25,17,354,1.72,2,427,0.29,22,544,1.14,6,816,0.57
14895,0,0.248,0.638,69,655,1.28,20,821,0.86,29,1223,0.85,10,1934,0.32,37,4010,0.26,8,2523,0.25
13662,0,0.247,0.648,1418,18959,0.91,136,19422,0.25,229,18659,0.44,352,22122,0.99,650,20422,0.9,118,23109,0.4
29440,0,0.247,0.692,86,677,1.55,15,1100,0.48,38,1467,0.93,15,1849,0.51,59,3783,0.44,10,3158,0.25
26172,0,0.247,0.715,158,1185,1.63,12,1645,0.26,68,2253,1.08,41,3078,0.83,50,5715,0.25,15,4677,0.25
5205,0,0.247,0.62,25,462,0.66,7,522,0.47,10,481,0.75,2,504,0.25,12,399,0.85,4,420,0.74
30893,0,0.247,0.619,59,609,1.18,24,795,1.07,15,1080,0.5,5,1260,0.25,36,2406,0.42,8,2110,0.3
21127,0,0.247,0.47,24,290,1.01,3,429,0.25,4,459,0.31,4,624,0.4,18,1272,0.4,6,1037,0.45
485,0,0.247,2.8,9,102,1.08,1,143,0.25,57,186,10.99,2,271,0.46,61,554,3.11,3,254,0.92
5386,0,0.246,0.672,88,1208,0.89,62,1531,1.43,21,2055,0.37,31,2285,0.84,31,3558,0.25,11,3382,0.25
4254,0,0.246,0.654,43,2001,0.26,24,1803,0.47,23,2656,0.31,11,2784,0.25,214,3203,1.89,54,5622,0.75
7084,0,0.246,0.62,44,389,1.38,20,601,1.18,6,599,0.36,4,802,0.31,12,1379,0.25,4,1263,0.25
21167,0,0.245,0.687,72,596,1.47,7,1007,0.25,31,1441,0.77,15,1707,0.55,83,3057,0.77,12,2949,0.32
19944,0,0.245,1.066,23,299,0.94,13,290,1.58,7,179,1.4,1,254,0.25,10,147,1.92,1,254,0.31
10175,0,0.245,1.344,22,167,1.61,12,216,1.96,19,282,2.42,6,384,0.97,9,295,0.86,1,319,0.24
21299,0,0.245,1.186,14,235,0.73,7,355,0.7,4,148,0.97,10,201,3.1,4,82,1.38,1,319,0.24
32624,0,0.245,1.147,104,1778,0.71,67,2458,0.96,5,733,0.24,21,1061,1.23,32,355,2.55,26,1714,1.18
25545,0,0.244,0.801,50,889,0.69,30,1110,0.95,6,880,0.24,5,1014,0.31,28,538,1.47,26,1778,1.14
4343,0,0.244,0.582,28,412,0.83,4,497,0.28,26,928,1.0,10,1008,0.62,45,2470,0.51,6,1917,0.24
5436,0,0.244,0.711,7,92,0.93,4,159,0.89,3,101,1.06,2,196,0.64,2,232,0.24,1,155,0.5
8692,0,0.243,0.823,436,3406,1.56,34,4934,0.24,251,6942,1.3,141,8485,1.04,185,10933,0.48,56,13535,0.32
14699,0,0.243,0.963,30,581,0.63,15,807,0.66,3,143,0.75,1,256,0.24,3,53,1.6,8,329,1.9
26669,0,0.243,0.738,29,440,0.8,15,476,1.11,4,228,0.63,1,256,0.24,2,103,0.55,4,286,1.09
16729,0,0.243,0.748,51,611,1.02,23,738,1.1,14,1102,0.46,22,1511,0.91,26,3020,0.24,24,2454,0.76
17586,0,0.243,0.54,59,772,0.93,22,1047,0.74,7,1032,0.24,11,1250,0.55,26,1526,0.48,7,1864,0.29
24138,0,0.243,1.086,59,396,1.82,11,319,1.22,12,839,0.51,8,920,0.54,68,879,2.19,10,3211,0.24
3943,0,0.243,0.626,121,1340,1.1,36,2218,0.57,57,2762,0.74,29,3478,0.52,148,7250,0.58,19,6101,0.24
25146,0,0.243,0.72,27,319,1.03,14,375,1.32,4,590,0.24,4,609,0.41,25,807,0.88,6,1060,0.44
8932,0,0.243,0.848,17,144,1.44,6,170,1.25,2,139,0.52,1,226,0.28,2,233,0.24,5,285,1.37
21020,0,0.242,0.571,2,46,0.53,1,56,0.63,1,116,0.31,2,122,1.02,3,122,0.69,1,322,0.24
28830,0,0.242,0.64,124,1321,1.14,35,1704,0.73,14,2072,0.24,20,2050,0.61,69,3171,0.61,22,3403,0.5
7237,0,0.242,0.651,42,419,1.22,15,621,0.85,12,611,0.7,6,797,0.47,12,1400,0.24,5,944,0.41
13209,0,0.242,0.621,47,414,1.38,8,651,0.43,23,796,1.04,6,985,0.38,22,2570,0.24,5,1559,0.25
17912,0,0.242,2.52,152,2087,0.89,84,3130,0.95,4,593,0.24,17,1173,0.9,20,63,8.97,57,1405,3.17
12492,0,0.242,0.522,51,620,1.0,14,733,0.67,17,978,0.62,5,1154,0.27,28,2461,0.32,6,1938,0.24
16271,0,0.242,0.69,39,275,1.73,4,395,0.36,3,445,0.24,6,586,0.64,12,688,0.49,7,803,0.68
6902,0,0.242,0.94,4,50,0.98,2,97,0.73,1,63,0.57,2,51,2.44,1,117,0.24,1,114,0.68
1528,0,0.241,0.643,87,882,1.2,25,1286,0.69,29,1342,0.77,19,1746,0.68,26,3043,0.24,9,2546,0.28
23812,0,0.241,0.842,16,238,0.82,10,342,1.03,4,220,0.65,1,258,0.24,4,179,0.63,6,280,1.67
14990,0,0.241,0.658,21,172,1.49,7,316,0.78,4,397,0.36,2,516,0.24,11,646,0.48,6,790,0.59
2038,0,0.241,0.737,62,712,1.06,49,1041,1.66,23,1987,0.41,25,2375,0.66,98,7122,0.39,16,5178,0.24
14986,0,0.241,1.298,262,3293,0.97,27,3955,0.24,445,9384,1.7,124,9238,0.84,501,6155,2.3,102,4568,1.74
22293,0,0.241,0.518,15,187,0.98,2,293,0.24,3,274,0.39,4,386,0.65,9,668,0.38,4,668,0.47
4655,0,0.241,0.476,25,360,0.85,8,481,0.59,6,653,0.33,7,778,0.56,15,1468,0.29,4,1296,0.24
20019,0,0.241,0.644,35,271,1.57,6,386,0.55,8,551,0.52,3,776,0.24,17,1266,0.38,9,1167,0.6
25302,0,0.241,0.582,399,5089,0.96,138,6773,0.72,49,7300,0.24,94,8359,0.7,195,12383,0.45,70,12647,0.43
21563,0,0.241,1.715,32,560,0.7,23,646,1.26,1,149,0.24,4,226,1.1,9,68,3.74,14,336,3.25
27022,0,0.241,1.818,21,72,3.56,7,127,1.95,18,179,3.61,5,690,0.45,8,940,0.24,10,706,1.11
21264,0,0.24,3.17,10,61,2.0,18,54,11.77,4,140,1.02,1,259,0.24,18,315,1.61,9,296,2.37
18903,0,0.24,0.661,99,1440,0.84,47,1824,0.91,15,2239,0.24,25,2358,0.66,94,3093,0.86,25,4237,0.46
1007,0,0.24,0.594,73,1017,0.88,28,949,1.04,7,1047,0.24,6,1036,0.36,39,1541,0.72,6,1426,0.33
23777,0,0.24,0.763,42,275,1.86,3,442,0.24,27,620,1.56,6,1052,0.36,15,1485,0.29,4,1133,0.28
30274,0,0.24,0.607,64,644,1.21,14,1051,0.47,18,1179,0.55,17,1491,0.71,36,4247,0.24,16,2711,0.46
19052,0,0.239,1.438,2,102,0.24,3,131,0.81,12,199,2.16,6,200,1.87,9,102,2.49,3,222,1.06
11521,0,0.239,0.643,306,3614,1.03,136,4568,1.05,91,6141,0.53,105,9232,0.71,171,16444,0.29,39,12761,0.24
3175,0,0.238,1.041,87,1315,0.81,28,1821,0.54,3,451,0.24,9,614,0.91,8,117,1.93,15,646,1.81
26402,0,0.238,1.079,20,67,3.64,5,218,0.81,4,141,1.02,4,495,0.5,7,830,0.24,2,585,0.27
27111,0,0.238,0.53,21,274,0.93,9,498,0.64,11,649,0.61,4,839,0.3,38,2316,0.46,5,1643,0.24
15654,0,0.238,0.846,29,281,1.26,3,446,0.24,9,441,0.73,13,543,1.49,11,746,0.42,13,1077,0.94
12219,0,0.237,0.73,94,681,1.68,16,759,0.74,22,966,0.82,10,1342,0.46,24,2856,0.24,9,1613,0.44
6350,0,0.237,1.47,37,616,0.73,37,871,1.5,2,302,0.24,13,467,1.73,17,177,2.71,19,779,1.9
27449,0,0.237,0.536,16,177,1.1,2,246,0.29,2,302,0.24,5,399,0.78,9,756,0.34,4,664,0.47
30476,0,0.237,0.673,62,638,1.18,23,790,1.03,19,1043,0.65,13,1640,0.49,28,3333,0.24,13,2291,0.44
15082,0,0.237,2.922,14,337,0.51,119,289,14.54,7,489,0.51,9,715,0.78,11,1310,0.24,12,982,0.95
1473,0,0.237,0.835,4,82,0.59,4,74,1.91,4,124,1.16,2,257,0.48,4,477,0.24,2,248,0.63
28623,0,0.237,0.87,193,1323,1.78,46,2175,0.75,109,3442,1.14,36,3519,0.64,70,2879,0.69,11,3627,0.24
17739,0,0.237,0.637,47,527,1.09,21,722,1.03,6,909,0.24,5,957,0.33,29,2156,0.38,14,1431,0.76
20427,0,0.237,0.676,42,397,1.29,4,597,0.24,18,926,0.7,17,1090,0.97,28,2818,0.28,17,2298,0.58
28750,0,0.236,1.965,17,408,0.51,23,569,1.43,1,152,0.24,6,241,1.55,14,57,6.94,6,415,1.13
22986,0,0.236,0.544,21,304,0.84,15,488,1.09,4,608,0.24,7,937,0.47,30,2140,0.4,4,1303,0.24
5857,0,0.235,1.529,19,69,3.36,3,143,0.74,3,89,1.21,2,110,1.13,1,120,0.24,4,125,2.5
24126,0,0.235,0.598,72,815,1.08,12,1141,0.37,48,1470,1.17,9,2351,0.24,78,4452,0.5,9,2984,0.24
3632,0,0.235,0.714,95,2002,0.58,40,2496,0.57,4,609,0.24,13,824,0.98,12,263,1.29,10,1232,0.63
9989,0,0.235,1.517,10,119,1.02,14,186,2.66,11,193,2.04,13,575,1.41,10,1202,0.24,16,722,1.73
32133,0,0.235,0.547,67,882,0.93,31,1246,0.88,15,1863,0.29,8,2122,0.23,72,3252,0.63,16,3795,0.33
27391,0,0.234,0.796,33,232,1.73,2,257,0.27,9,434,0.74,10,492,1.27,16,866,0.52,3,999,0.23
27255,0,0.234,0.563,106,1579,0.82,61,2293,0.94,13,1988,0.23,21,2854,0.46,51,3593,0.4,24,3551,0.53
3508,0,0.234,0.719,39,581,0.82,15,816,0.65,2,306,0.23,5,393,0.79,6,185,0.92,6,520,0.9
14914,0,0.234,0.709,25,261,1.17,9,337,0.94,7,441,0.57,10,715,0.87,23,1380,0.47,3,1000,0.23
6767,0,0.234,0.718,94,1114,1.03,48,1470,1.15,44,1523,1.04,7,1862,0.23,78,3568,0.62,8,2616,0.24
25597,0,0.234,0.526,18,241,0.91,6,370,0.57,8,420,0.68,2,532,0.23,15,1087,0.39,4,848,0.37
5015,0,0.234,1.226,13,530,0.3,6,681,0.31,2,178,0.4,1,266,0.23,5,46,3.07,16,411,3.04
31345,0,0.234,0.808,137,931,1.79,48,1374,1.23,48,2040,0.84,24,4217,0.35,75,9059,0.23,25,5031,0.39
16934,0,0.234,0.808,32,238,1.64,19,385,1.74,4,528,0.27,6,712,0.52,26,1678,0.44,4,1336,0.23
9425,0,0.234,0.779,26,121,2.62,6,271,0.78,2,146,0.49,1,220,0.28,5,538,0.26,1,334,0.23
18660,0,0.233,0.548,18,231,0.95,4,361,0.39,10,372,0.96,4,556,0.45,11,1024,0.3,2,669,0.23
25734,0,0.233,0.475,74,950,0.95,27,1277,0.75,9,1084,0.3,7,1464,0.3,15,1818,0.23,7,1690,0.32
21452,0,0.233,0.555,83,639,1.58,11,966,0.4,8,1231,0.23,11,1329,0.52,32,3216,0.28,9,2222,0.32
21297,0,0.233,0.688,4,78,0.63,3,75,1.41,1,154,0.23,3,154,1.21,3,223,0.38,1,297,0.26
20606,0,0.233,0.516,94,1075,1.07,42,1817,0.82,22,3034,0.26,18,3734,0.3,126,8511,0.42,20,6714,0.23
15399,0,0.233,0.573,115,2371,0.59,18,1845,0.34,85,3703,0.82,27,3220,0.52,216,6586,0.93,12,4029,0.23
27810,0,0.232,0.769,167,2960,0.69,75,5248,0.5,90,3606,0.89,81,4253,1.19,141,3590,1.11,15,5040,0.23
3711,0,0.232,1.255,4,86,0.57,1,152,0.23,5,68,2.64,1,74,0.84,1,55,0.51,2,57,2.74
8195,0,0.231,0.552,34,355,1.17,9,470,0.68,9,696,0.46,3,808,0.23,13,1439,0.26,8,1209,0.52
17840,0,0.231,0.803,20,187,1.3,7,280,0.88,10,488,0.73,2,539,0.23,31,785,1.12,7,997,0.55
29051,0,0.231,0.977,86,594,1.77,6,917,0.23,16,603,0.95,12,635,1.18,24,602,1.13,6,770,0.61
24817,0,0.231,0.543,88,842,1.27,18,1010,0.63,29,1684,0.62,11,2483,0.28,44,5390,0.23,10,3347,0.23
25562,0,0.23,0.92,85,484,2.14,5,766,0.23,42,968,1.56,4,1027,0.24,34,978,0.98,5,1070,0.36
16199,0,0.23,0.547,41,495,1.01,10,731,0.48,19,931,0.73,7,1194,0.37,31,1903,0.46,5,1694,0.23
20979,0,0.23,0.848,15,283,0.65,22,319,2.44,4,285,0.5,2,298,0.42,2,246,0.23,3,274,0.85
16448,0,0.23,1.114,83,414,2.44,9,940,0.34,22,478,1.65,10,470,1.33,10,405,0.7,1,340,0.23
17063,0,0.23,0.822,17,268,0.77,23,401,2.03,6,563,0.38,9,976,0.57,13,1600,0.23,15,1235,0.95
10159,0,0.229,0.896,39,548,0.87,19,646,1.04,12,422,1.02,2,543,0.23,23,428,1.52,7,776,0.7
10984,0,0.229,0.855,103,1892,0.66,73,2137,1.21,9,1409,0.23,14,1399,0.62,41,1020,1.14,32,1961,1.27
4615,0,0.229,0.72,51,788,0.79,5,771,0.23,3,331,0.32,2,450,0.28,25,319,2.21,4,641,0.49
3246,0,0.229,0.685,33,392,1.03,13,509,0.9,20,627,1.14,5,970,0.32,12,1483,0.23,8,1283,0.49
13116,0,0.228,1.036,32,490,0.8,16,596,0.95,1,157,0.23,3,296,0.63,7,105,1.88,10,452,1.73
32732,0,0.228,1.07,58,853,0.83,49,1528,1.13,2,314,0.23,8,576,0.87,1,23,1.23,24,878,2.13
32204,0,0.228,0.831,39,519,0.92,12,738,0.57,19,795,0.86,7,883,0.49,8,991,0.23,29,1181,1.92
14506,0,0.228,0.803,164,2333,0.86,71,2462,1.02,43,3126,0.49,15,4096,0.23,175,2481,1.99,21,7163,0.23
16077,0,0.228,0.672,73,627,1.42,6,930,0.23,28,1298,0.77,14,1478,0.59,29,1889,0.43,19,2535,0.59
3790,0,0.228,1.328,39,696,0.68,34,978,1.23,2,315,0.23,6,509,0.73,17,174,2.76,19,636,2.33
18214,0,0.227,0.713,631,4442,1.73,60,6601,0.32,313,8689,1.29,107,14270,0.47,227,28284,0.23,53,17326,0.24
21537,0,0.227,0.561,32,341,1.14,8,435,0.65,4,405,0.35,6,513,0.73,5,537,0.26,2,689,0.23
8981,0,0.227,1.892,14,51,3.35,3,46,2.3,7,90,2.79,4,296,0.84,4,499,0.23,7,296,1.85
21582,0,0.226,0.806,37,171,2.64,5,231,0.76,4,366,0.39,2,550,0.23,19,1411,0.38,5,893,0.44
6200,0,0.226,0.716,323,3941,1.0,175,5381,1.15,40,6333,0.23,65,6825,0.59,229,8163,0.79,66,9657,0.53
26410,0,0.226,0.689,9,108,1.02,2,168,0.42,9,244,1.32,3,234,0.8,3,244,0.35,1,345,0.23
10152,0,0.226,0.758,574,4162,1.68,54,7052,0.27,364,8188,1.59,95,11505,0.51,198,21606,0.26,40,13813,0.23
20801,0,0.225,0.548,301,3061,1.2,40,3926,0.36,100,5636,0.64,74,8671,0.53,150,18811,0.23,53,12342,0.34
9975,0,0.225,1.298,117,1701,0.84,132,1627,2.86,109,2111,1.85,60,2751,1.36,71,3095,0.65,9,3123,0.23
15946,0,0.225,0.577,78,869,1.09,19,1308,0.51,22,1458,0.54,17,1686,0.63,52,3184,0.46,8,2776,0.23
23334,0,0.225,1.683,19,447,0.52,16,554,1.02,3,162,0.66,1,277,0.22,9,72,3.53,23,434,4.14
11126,0,0.225,1.296,84,242,4.23,9,218,1.46,6,198,1.09,1,277,0.22,7,373,0.53,1,321,0.24
24610,0,0.225,0.654,497,3293,1.84,63,5667,0.39,197,7780,0.91,57,12238,0.29,274,28592,0.27,47,16325,0.22
18892,0,0.225,0.661,40,394,1.24,6,546,0.39,24,711,1.21,10,917,0.68,12,1510,0.22,4,1388,0.23
29665,0,0.225,1.014,71,1210,0.72,36,1747,0.73,3,479,0.22,14,597,1.46,11,211,1.47,12,631,1.48
13318,0,0.224,0.755,191,3248,0.72,62,4535,0.48,27,4312,0.22,113,5203,1.35,120,4012,0.85,108,9305,0.91
4228,0,0.224,1.241,34,215,1.93,5,287,0.62,11,331,1.19,2,556,0.22,33,308,3.03,6,1018,0.46
6196,0,0.223,0.748,26,259,1.22,4,271,0.52,8,220,1.3,1,279,0.22,12,368,0.92,1,267,0.29
25061,0,0.223,0.973,14,84,2.03,5,123,1.44,3,206,0.52,2,215,0.58,9,243,1.05,1,350,0.22
32488,0,0.223,0.74,98,422,2.83,7,746,0.33,10,671,0.53,3,838,0.22,13,1427,0.26,4,1177,0.27
23654,0,0.223,0.73,24,186,1.57,2,317,0.22,17,356,1.71,3,545,0.34,7,806,0.25,3,821,0.29
27931,0,0.223,1.335,20,501,0.49,16,563,1.0,1,161,0.22,3,210,0.89,1,11,2.57,15,413,2.84
26898,0,0.223,0.594,193,2169,1.08,45,3315,0.48,52,3330,0.56,45,4079,0.69,102,5446,0.53,15,5260,0.22
16814,0,0.222,0.463,6,329,0.22,6,422,0.5,4,332,0.43,4,306,0.81,7,452,0.44,3,633,0.37
13387,0,0.222,0.653,49,382,1.56,22,696,1.12,6,969,0.22,5,1077,0.29,29,2448,0.33,8,1599,0.39
30395,0,0.221,0.575,42,778,0.66,7,639,0.39,30,1177,0.91,6,989,0.38,55,1748,0.89,3,1058,0.22
5494,0,0.221,0.98,47,660,0.87,28,832,1.19,3,486,0.22,10,685,0.91,16,273,1.66,13,979,1.04
4666,0,0.221,1.003,23,410,0.68,25,579,1.52,21,709,1.06,25,1112,1.4,25,3201,0.22,26,1798,1.13
20918,0,0.22,0.604,66,636,1.27,12,930,0.46,30,1332,0.81,14,1785,0.49,43,3119,0.39,8,2836,0.22
462,0,0.22,0.587,408,4608,1.08,171,6798,0.89,46,7503,0.22,66,8909,0.46,225,13123,0.48,64,12874,0.39
27473,0,0.22,0.683,240,2928,1.0,128,4209,1.07,32,4404,0.26,52,4851,0.67,168,5430,0.87,22,7817,0.22
9000,0,0.22,0.558,52,435,1.46,5,544,0.32,17,775,0.79,6,1169,0.32,23,2960,0.22,5,1620,0.24
22392,0,0.219,0.718,14,422,0.4,8,588,0.48,7,268,0.94,4,289,0.86,9,181,1.41,1,356,0.22
8857,0,0.219,0.64,16,124,1.57,6,219,0.97,2,327,0.22,3,390,0.48,9,720,0.35,2,632,0.25
681,0,0.219,0.57,25,367,0.83,14,561,0.88,5,819,0.22,5,785,0.4,13,969,0.38,11,1207,0.71
66,0,0.219,0.887,217,2047,1.29,118,3126,1.33,142,4494,1.13,62,4953,0.78,114,5672,0.57,20,7136,0.22
5327,0,0.219,0.674,52,491,1.29,17,568,1.06,12,797,0.54,13,1255,0.65,20,2583,0.22,6,1616,0.29
20674,0,0.219,0.559,57,614,1.13,18,740,0.86,13,1240,0.38,12,1445,0.52,31,3471,0.25,7,2500,0.22
20807,0,0.218,0.896,420,2253,2.27,62,3035,0.72,217,5385,1.44,70,11497,0.38,174,22509,0.22,52,12065,0.34
6396,0,0.218,0.819,60,404,1.81,15,584,0.91,32,886,1.29,6,1247,0.3,18,2332,0.22,9,1820,0.39
10227,0,0.218,1.419,31,586,0.65,5,556,0.32,2,329,0.22,21,421,3.11,25,314,2.25,19,750,1.98
29910,0,0.218,0.543,81,624,1.58,11,1066,0.36,13,1249,0.37,8,2289,0.22,78,5539,0.4,14,3384,0.32
5752,0,0.217,1.236,29,596,0.59,15,636,0.83,23,367,2.25,8,480,1.04,36,409,2.49,2,718,0.22
16402,0,0.217,1.12,6,46,1.59,2,72,0.98,2,83,0.86,1,113,0.55,1,130,0.22,3,93,2.52
24599,0,0.217,0.898,23,147,1.91,2,325,0.22,3,191,0.56,2,157,0.79,4,122,0.93,2,159,0.98
17469,0,0.217,1.481,33,589,0.68,20,900,0.78,1,165,0.22,10,268,2.32,5,50,2.83,15,571,2.05
330,0,0.217,0.671,21,351,0.73,7,532,0.46,5,245,0.73,1,287,0.22,11,194,1.6,2,558,0.28
30503,0,0.217,0.603,35,457,0.93,17,580,1.03,5,481,0.37,7,590,0.74,13,1150,0.32,3,1081,0.22
9741,0,0.217,0.775,14,123,1.39,1,163,0.22,11,275,1.43,4,387,0.64,4,360,0.31,4,476,0.66
7932,0,0.217,0.868,37,303,1.49,10,494,0.71,26,731,1.28,7,818,0.53,40,1157,0.98,4,1442,0.22
13620,0,0.217,3.433,18,53,4.14,2,157,0.45,6,98,2.19,21,140,9.34,2,261,0.22,11,202,4.25
10872,0,0.216,0.529,17,310,0.67,6,292,0.73,8,442,0.65,2,576,0.22,12,1122,0.3,7,891,0.61
15554,0,0.216,1.245,43,661,0.79,30,1047,1.01,1,166,0.22,7,281,1.55,3,50,1.7,8,284,2.2
29420,0,0.216,0.72,26,208,1.52,7,341,0.72,13,408,1.14,2,577,0.22,8,954,0.24,5,825,0.47
24611,0,0.215,0.739,85,1012,1.02,49,1175,1.47,17,1253,0.49,17,1645,0.64,45,2140,0.59,8,2901,0.22
9280,0,0.215,0.703,8,109,0.89,1,164,0.22,4,108,1.33,1,135,0.46,1,94,0.3,2,153,1.02
3535,0,0.215,0.851,37,269,1.68,2,328,0.22,15,417,1.29,9,539,1.04,14,836,0.47,5,948,0.41
498,0,0.215,0.867,40,144,3.39,3,249,0.43,7,396,0.63,2,474,0.26,10,1014,0.28,2,726,0.22
7411,0,0.215,0.768,233,3184,0.89,148,5451,0.96,10,1668,0.21,16,2212,0.45,12,607,0.56,66,3361,1.53
24971,0,0.215,0.601,133,1712,0.95,28,1903,0.52,33,2864,0.41,53,2913,1.13,59,4381,0.38,15,5453,0.21
19208,0,0.215,1.556,65,776,1.02,62,824,2.66,2,334,0.21,16,513,1.94,6,142,1.19,12,406,2.31
27243,0,0.215,1.181,23,359,0.78,3,385,0.28,17,255,2.39,6,272,1.37,24,331,2.05,1,364,0.21
8464,0,0.214,0.697,236,1940,1.48,55,2974,0.65,128,4353,1.05,47,5815,0.5,131,13656,0.27,25,9103,0.21
14381,0,0.214,1.033,31,485,0.78,3,494,0.21,10,280,1.28,3,367,0.51,17,271,1.77,8,381,1.64
6317,0,0.214,0.613,23,284,0.99,7,411,0.6,9,373,0.87,3,340,0.55,3,396,0.21,2,339,0.46
17740,0,0.214,0.623,9,392,0.28,2,330,0.21,5,455,0.39,5,438,0.71,15,438,0.97,11,733,1.17
15274,0,0.214,0.975,41,185,2.7,26,457,2.01,6,917,0.23,7,1205,0.36,33,2812,0.33,5,1827,0.21
26348,0,0.213,0.644,223,1681,1.62,46,3014,0.54,93,3607,0.92,22,5939,0.23,150,12395,0.34,22,8046,0.21
30445,0,0.213,1.286,56,1400,0.49,22,1873,0.41,73,1253,2.09,5,1459,0.21,74,557,3.75,31,3198,0.76
12658,0,0.213,0.991,138,1009,1.67,41,1669,0.87,6,1010,0.21,42,1635,1.6,2,251,0.23,61,3465,1.37
2637,0,0.213,0.619,13,158,1.0,2,205,0.34,18,477,1.35,6,747,0.5,30,2816,0.3,3,1100,0.21
21365,0,0.213,0.677,126,1428,1.08,47,2073,0.8,10,1684,0.21,34,1995,1.06,31,2020,0.43,13,2130,0.48
5623,0,0.213,0.579,260,2520,1.26,71,3417,0.73,95,4798,0.71,25,7314,0.21,153,13585,0.32,28,9004,0.24
25406,0,0.213,0.524,90,1396,0.79,30,1858,0.57,55,2337,0.84,15,2853,0.33,50,6637,0.21,23,4463,0.4
26141,0,0.213,3.095,535,7957,0.82,384,11192,1.21,7,1179,0.21,49,2141,1.43,16,56,8.07,186,2128,6.82
8074,0,0.213,1.899,48,411,1.42,4,664,0.21,2,131,0.55,15,127,7.36,2,56,1.01,2,185,0.84
28394,0,0.212,0.669,25,285,1.07,19,419,1.6,4,676,0.21,8,886,0.56,23,1903,0.34,5,1712,0.23
26615,0,0.211,0.641,189,1658,1.39,36,2525,0.5,85,4036,0.76,27,5252,0.32,222,9401,0.67,25,9230,0.21
15892,0,0.211,2.863,10,127,0.96,1,167,0.21,44,139,11.35,3,204,0.92,40,466,2.43,5,297,1.31
15748,0,0.211,0.626,17,267,0.78,2,334,0.21,3,424,0.25,2,485,0.26,26,533,1.38,9,797,0.88
17031,0,0.211,1.194,54,659,1.0,19,637,1.05,3,509,0.21,29,560,3.23,16,382,1.18,6,953,0.49
29180,0,0.211,0.627,214,2592,1.01,73,2983,0.86,12,2038,0.21,27,2376,0.71,35,1781,0.56,17,3204,0.41
10876,0,0.211,0.788,49,346,1.73,9,543,0.59,14,529,0.95,7,679,0.64,11,1473,0.21,10,1277,0.61
27906,0,0.211,0.761,28,351,0.97,6,418,0.51,5,272,0.66,4,270,0.92,8,175,1.29,1,370,0.21
1575,0,0.211,0.908,16,194,1.01,4,266,0.53,6,236,0.91,8,231,2.16,3,402,0.21,3,372,0.63
28110,0,0.21,1.0,15,209,0.88,2,206,0.34,2,341,0.21,13,387,2.09,19,272,1.97,3,462,0.51
3662,0,0.21,0.499,33,372,1.08,3,504,0.21,15,757,0.71,7,1067,0.41,22,1872,0.33,5,1555,0.25
1907,0,0.21,0.544,29,372,0.95,8,521,0.54,13,666,0.7,5,834,0.37,21,1211,0.49,3,1115,0.21
12635,0,0.21,0.531,96,1009,1.16,30,1293,0.82,29,2585,0.4,10,2675,0.23,54,7269,0.21,21,4509,0.36
18021,0,0.21,0.572,53,553,1.17,10,836,0.42,21,870,0.87,9,1196,0.47,23,2171,0.3,4,1488,0.21
24377,0,0.21,0.952,256,2432,1.28,31,2494,0.44,68,1883,1.29,61,2307,1.65,66,2223,0.84,7,2606,0.21
6535,0,0.209,0.813,2,62,0.39,2,60,1.18,3,61,1.76,1,91,0.68,1,135,0.21,1,120,0.65
2547,0,0.209,0.721,22,167,1.61,6,346,0.61,11,324,1.22,3,489,0.38,11,1033,0.3,2,746,0.21
24315,0,0.209,2.235,175,424,5.03,23,2341,0.35,96,1028,3.35,25,806,1.93,6,811,0.21,17,522,2.54
5442,0,0.209,2.192,17,108,1.92,1,169,0.21,21,136,5.54,6,171,2.19,6,61,2.78,1,149,0.52
6849,0,0.209,0.873,22,411,0.65,10,390,0.91,3,515,0.21,13,442,1.83,16,561,0.81,8,749,0.83
22436,0,0.208,0.604,248,3517,0.86,92,4063,0.8,29,4988,0.21,71,6029,0.73,171,8244,0.59,57,10173,0.44
8286,0,0.208,1.528,38,694,0.67,34,1137,1.06,1,172,0.21,1,292,0.21,6,43,3.94,15,380,3.08
1433,0,0.208,0.995,2,117,0.21,2,154,0.46,2,167,0.43,2,207,0.6,5,74,1.91,13,430,2.36
21159,0,0.208,0.579,52,743,0.85,35,861,1.44,12,1591,0.27,11,1404,0.49,23,3128,0.21,6,2125,0.22
14118,0,0.208,0.853,39,1047,0.45,16,1418,0.4,5,863,0.21,41,919,2.78,15,534,0.79,16,2573,0.49
7,0,0.207,0.757,39,319,1.49,9,469,0.68,13,584,0.8,8,740,0.67,11,1500,0.21,10,1128,0.69
26187,0,0.207,0.358,17,275,0.75,5,410,0.43,3,519,0.21,3,702,0.27,13,1627,0.23,4,1193,0.26
28235,0,0.207,0.554,64,514,1.52,6,707,0.3,17,991,0.62,10,1752,0.36,29,3962,0.21,9,2128,0.33
7018,0,0.207,0.904,91,923,1.2,10,1708,0.21,32,985,1.16,15,991,0.94,13,756,0.49,16,877,1.42
18846,0,0.207,1.401,68,799,1.04,47,1168,1.42,2,347,0.21,10,491,1.27,17,182,2.64,17,725,1.83
18668,0,0.207,1.012,42,697,0.73,23,1063,0.76,6,407,0.53,2,603,0.21,20,251,2.25,18,886,1.59
23043,0,0.206,1.843,40,102,4.78,3,205,0.52,9,87,3.71,2,118,1.06,1,137,0.21,1,99,0.79
24449,0,0.206,0.701,70,743,1.15,25,988,0.89,24,1199,0.72,21,1614,0.81,39,2574,0.43,6,2272,0.21
22238,0,0.206,0.712,11,96,1.4,2,129,0.55,1,174,0.21,1,225,0.28,16,307,1.47,2,423,0.37
24474,0,0.206,0.573,22,150,1.79,4,323,0.44,2,348,0.21,3,601,0.31,18,1448,0.35,4,906,0.34
28128,0,0.206,0.555,6,93,0.79,2,126,0.56,4,155,0.93,2,211,0.59,2,275,0.21,1,299,0.26
3207,0,0.206,0.676,36,262,1.68,5,366,0.48,5,292,0.61,6,448,0.83,4,550,0.21,2,636,0.25
13265,0,0.205,0.727,40,372,1.31,8,406,0.7,15,529,1.02,10,737,0.85,14,1368,0.29,3,1141,0.21
1774,0,0.205,0.745,15,142,1.29,1,172,0.21,3,102,1.05,1,124,0.5,2,65,0.87,1,142,0.55
19884,0,0.205,0.725,44,665,0.81,3,517,0.2,38,900,1.51,7,728,0.6,65,1893,0.97,3,913,0.26
25236,0,0.205,0.446,9,195,0.56,1,165,0.21,1,109,0.33,2,141,0.88,1,138,0.2,1,161,0.48
11328,0,0.205,0.425,16,223,0.87,2,345,0.2,5,374,0.48,2,524,0.24,14,910,0.43,3,736,0.32
6987,0,0.205,0.811,76,749,1.24,30,1135,0.93,56,1572,1.28,22,1825,0.75,38,2318,0.46,6,2289,0.2
32040,0,0.204,0.582,19,395,0.59,7,470,0.53,6,361,0.6,12,570,1.31,6,638,0.27,2,764,0.2
26120,0,0.204,0.483,41,916,0.55,23,1018,0.8,16,1590,0.36,16,2040,0.49,61,3461,0.5,10,3823,0.2
7235,0,0.204,1.461,3,14,2.61,1,173,0.2,1,36,1.0,5,138,2.26,21,350,1.7,2,156,1.0
21859,0,0.204,1.552,281,761,4.5,40,1839,0.77,29,704,1.48,21,799,1.64,17,661,0.73,2,766,0.2
3339,0,0.204,0.967,29,463,0.76,15,807,0.66,1,176,0.2,3,300,0.62,2,69,0.82,13,371,2.74
28656,0,0.203,0.656,19,360,0.64,3,521,0.2,3,328,0.33,2,418,0.3,7,150,1.32,11,750,1.15
30241,0,0.203,0.764,1,60,0.2,2,159,0.44,1,104,0.34,3,130,1.44,4,135,0.84,3,178,1.32
18348,0,0.203,1.095,50,493,1.24,5,869,0.2,17,648,0.94,8,1076,0.46,25,425,1.66,51,1928,2.07
7722,0,0.203,0.644,68,1337,0.62,81,1925,1.49,15,2652,0.2,34,3207,0.66,108,4443,0.69,13,4908,0.21
18776,0,0.203,0.519,323,3516,1.12,55,5164,0.38,120,4788,0.9,28,6912,0.25,124,13293,0.26,24,9250,0.2
25647,0,0.202,0.853,37,548,0.82,15,883,0.6,5,285,0.63,1,308,0.2,10,143,1.98,4,352,0.89
12392,0,0.202,0.936,90,593,1.85,17,789,0.76,85,1659,1.84,28,2981,0.59,56,7841,0.2,24,4907,0.38
824,0,0.201,0.657,164,1799,1.11,51,2381,0.76,55,2662,0.74,43,3491,0.77,71,5518,0.36,15,5814,0.2
26408,0,0.201,0.499,186,2686,0.84,118,4615,0.9,46,5264,0.31,20,6191,0.2,252,14368,0.5,34,11247,0.24
32082,0,0.201,0.501,116,1544,0.92,39,1990,0.69,15,2673,0.2,31,3126,0.62,64,5732,0.32,15,4473,0.26
5945,0,0.201,0.538,23,280,1.0,10,480,0.74,12,584,0.74,3,650,0.29,12,1281,0.26,3,1165,0.2
13625,0,0.201,0.587,205,3267,0.77,53,3794,0.49,73,9091,0.29,211,8476,1.55,213,27177,0.22,46,17879,0.2
1784,0,0.201,2.518,38,295,1.57,1,176,0.2,19,305,2.23,12,269,2.78,59,475,3.51,18,292,4.81
15483,0,0.2,0.624,50,380,1.6,8,625,0.45,17,657,0.93,4,1140,0.22,13,1834,0.2,6,1380,0.34
5274,0,0.2,0.978,15,332,0.55,9,502,0.63,1,179,0.2,5,287,1.09,6,136,1.25,11,399,2.15
24834,0,0.2,8.088,16,196,1.0,46,66,24.61,1,179,0.2,3,170,1.1,4,175,0.65,18,67,20.98
22675,0,0.2,0.61,40,370,1.32,11,505,0.77,6,741,0.29,9,1137,0.49,16,2258,0.2,12,1585,0.59
29030,0,0.2,1.192,9,96,1.14,3,119,0.89,4,212,0.68,1,234,0.27,19,135,3.98,1,390,0.2
1335,0,0.2,0.557,45,461,1.19,12,681,0.62,10,809,0.44,5,960,0.32,33,1651,0.56,4,1561,0.2
7969,0,0.2,0.805,219,4522,0.59,165,7502,0.78,84,3819,0.79,98,3651,1.67,91,3203,0.8,10,3909,0.2
8945,0,0.2,1.091,20,139,1.75,2,167,0.42,5,157,1.14,1,185,0.34,8,84,2.69,1,391,0.2
31749,0,0.2,0.58,43,348,1.51,8,555,0.51,14,667,0.75,3,936,0.2,22,2459,0.25,5,1508,0.26
6283,0,0.199,1.092,16,145,1.35,1,177,0.2,1,180,0.2,2,173,0.72,8,59,3.83,1,305,0.26
2210,0,0.199,1.452,7,182,0.47,26,177,5.19,1,180,0.2,6,228,1.64,6,168,1.01,1,379,0.21
15196,0,0.199,0.754,19,232,1.0,3,443,0.24,15,386,1.39,5,523,0.6,5,710,0.2,10,712,1.1
31719,0,0.199,0.495,23,293,0.96,8,425,0.66,7,431,0.58,2,626,0.2,10,1061,0.27,4,1042,0.3
23313,0,0.199,0.473,170,2149,0.96,51,2484,0.72,21,3485,0.22,23,4382,0.33,104,7277,0.4,16,6279,0.2
29336,0,0.198,0.422,91,1347,0.82,38,1758,0.76,11,1987,0.2,9,2412,0.23,58,5411,0.3,10,3698,0.21
7326,0,0.198,0.731,31,199,1.9,6,251,0.84,8,368,0.78,3,425,0.44,8,1007,0.22,2,787,0.2
291,0,0.198,1.101,31,161,2.35,2,356,0.2,17,299,2.04,3,686,0.27,17,800,0.6,9,611,1.15
15232,0,0.198,2.484,17,86,2.41,19,115,5.83,4,84,1.71,8,329,1.51,4,570,0.2,12,289,3.24
9725,0,0.198,0.586,12,386,0.38,5,412,0.43,2,362,0.2,2,383,0.33,7,451,0.44,9,402,1.75
16143,0,0.198,0.984,26,348,0.91,12,475,0.89,8,268,1.07,1,315,0.2,13,217,1.69,5,343,1.14
14549,0,0.197,0.518,211,3509,0.73,101,4896,0.73,29,5266,0.2,46,5288,0.54,144,8577,0.47,52,9318,0.44
9767,0,0.197,0.633,628,4860,1.58,116,8102,0.51,249,10385,0.86,80,14483,0.34,358,32061,0.32,52,20579,0.2
14901,0,0.197,0.689,18,259,0.85,15,301,1.76,2,364,0.2,3,467,0.4,13,625,0.59,3,683,0.34
6330,0,0.197,0.558,54,465,1.42,13,856,0.54,12,1013,0.42,4,1265,0.2,39,2165,0.51,7,2063,0.26
1194,0,0.197,0.683,53,648,1.0,4,501,0.28,38,928,1.47,4,713,0.35,48,1690,0.8,2,793,0.2
11327,0,0.197,0.901,79,676,1.42,82,1055,2.74,11,1501,0.26,16,1931,0.52,34,3711,0.26,7,2778,0.2
27701,0,0.197,0.648,68,585,1.42,17,760,0.79,31,1227,0.91,12,2351,0.32,44,4725,0.26,8,3176,0.2
5224,0,0.196,0.528,39,586,0.81,23,728,1.12,8,888,0.32,8,1063,0.47,23,2577,0.25,4,1590,0.2
2573,0,0.195,0.438,69,940,0.9,22,1332,0.58,14,1276,0.39,10,2010,0.31,23,2614,0.25,6,2398,0.2
8372,0,0.195,0.679,64,455,1.72,4,494,0.29,6,423,0.51,11,765,0.9,12,716,0.47,2,800,0.2
25100,0,0.195,0.954,2,99,0.25,1,181,0.2,5,115,1.56,1,126,0.49,4,78,1.45,10,438,1.78
31481,0,0.194,1.408,21,206,1.24,7,299,0.83,3,273,0.39,36,439,5.11,5,207,0.68,1,402,0.19
20035,0,0.194,0.829,42,711,0.72,25,980,0.9,14,594,0.84,2,642,0.19,18,434,1.17,11,751,1.14
19565,0,0.194,0.513,12,110,1.33,4,206,0.69,1,184,0.19,1,321,0.19,10,785,0.36,2,497,0.31
12888,0,0.194,1.16,6,76,0.96,1,182,0.19,14,146,3.44,1,126,0.49,6,109,1.56,2,493,0.32
16066,0,0.194,0.516,66,710,1.13,24,927,0.91,18,1489,0.43,7,2248,0.19,50,6263,0.23,9,3546,0.2
15174,0,0.194,0.538,36,449,0.98,4,574,0.25,1,185,0.19,1,192,0.32,1,74,0.38,3,212,1.1
4662,0,0.194,3.49,8,286,0.34,4,402,0.35,1,185,0.19,1,118,0.53,20,57,9.92,96,780,9.61
22281,0,0.194,0.624,584,5611,1.27,94,9145,0.36,339,11319,1.07,111,15808,0.44,419,28861,0.41,50,20168,0.19
25994,0,0.194,1.337,15,117,1.56,19,195,3.44,8,239,1.2,4,470,0.53,11,1606,0.19,8,571,1.09
11421,0,0.194,0.756,1,63,0.19,1,112,0.32,3,79,1.36,1,96,0.65,3,50,1.7,1,245,0.32
14600,0,0.193,0.63,12,100,1.46,4,171,0.83,2,168,0.43,2,255,0.49,6,444,0.38,1,404,0.19
21423,0,0.193,0.6,148,1409,1.28,39,1857,0.74,43,3016,0.51,31,3289,0.59,50,4963,0.28,12,4850,0.19
16712,0,0.193,0.501,28,375,0.91,8,541,0.52,3,558,0.19,8,617,0.81,18,1471,0.35,3,1037,0.23
956,0,0.193,0.766,583,3963,1.79,98,7469,0.46,305,8826,1.24,99,13065,0.47,324,21052,0.43,38,15412,0.19
811,0,0.192,0.576,22,341,0.79,2,367,0.19,4,367,0.39,3,357,0.52,10,326,0.87,3,336,0.7
29230,0,0.192,0.752,102,993,1.25,60,1753,1.21,9,1678,0.19,22,2121,0.65,63,3445,0.52,28,3138,0.7
3984,0,0.192,0.495,32,225,1.73,3,351,0.3,3,476,0.23,2,648,0.19,17,1890,0.25,4,1204,0.26
25094,0,0.192,0.846,173,1913,1.1,12,2206,0.19,8,603,0.48,22,719,1.91,2,92,0.61,5,496,0.79
7034,0,0.192,0.646,198,2273,1.06,96,2728,1.24,18,3360,0.19,16,3707,0.27,131,6207,0.6,37,5603,0.52
27626,0,0.192,1.085,84,434,2.36,9,784,0.41,42,748,2.01,11,975,0.7,12,1769,0.19,15,1396,0.84
1301,0,0.192,0.718,51,720,0.86,3,553,0.19,32,747,1.54,4,804,0.31,55,1297,1.2,2,755,0.21
302,0,0.191,0.801,53,305,2.12,11,478,0.81,4,749,0.19,3,345,0.54,4,220,0.51,3,374,0.63
19670,0,0.191,0.825,18,202,1.09,22,452,1.72,9,451,0.72,6,762,0.49,8,1181,0.19,11,1152,0.75
16966,0,0.191,1.758,3,73,0.5,1,103,0.34,2,128,0.56,20,186,6.7,3,443,0.19,11,381,2.25
23966,0,0.191,0.566,54,617,1.07,14,869,0.57,22,1037,0.76,8,1182,0.42,30,2184,0.39,5,2042,0.19
27023,0,0.191,1.631,3,58,0.63,8,102,2.77,7,90,2.79,1,83,0.75,1,148,0.19,5,147,2.66
26033,0,0.191,0.697,3,65,0.56,3,127,0.83,3,102,1.05,1,91,0.68,1,148,0.19,2,183,0.85
22654,0,0.191,0.65,36,441,1.0,17,647,0.93,11,1015,0.39,4,1305,0.19,41,2137,0.54,19,1736,0.85
25556,0,0.191,0.413,524,8715,0.73,66,7339,0.32,79,5016,0.56,27,4920,0.34,33,2835,0.33,5,2045,0.19
29634,0,0.191,0.828,256,2800,1.11,82,3307,0.88,121,3142,1.38,42,4040,0.65,170,6307,0.76,12,4911,0.19
21429,0,0.191,3.325,33,816,0.49,58,1156,1.77,1,188,0.19,14,264,3.3,3,29,2.92,42,291,11.27
3237,0,0.191,0.584,53,366,1.77,4,442,0.32,10,554,0.65,5,808,0.39,12,1780,0.19,3,1197,0.2
11284,0,0.19,0.705,57,845,0.82,5,820,0.22,29,1004,1.04,12,1033,0.72,67,1525,1.24,2,820,0.19
305,0,0.19,1.665,99,1021,1.18,62,1551,1.41,3,565,0.19,10,424,1.47,3,45,1.88,8,162,3.86
11162,0,0.19,1.113,64,1472,0.53,68,2001,1.2,3,565,0.19,10,899,0.69,16,211,2.14,40,1625,1.92
3041,0,0.19,0.526,52,883,0.72,7,679,0.36,21,1029,0.73,3,982,0.19,36,1359,0.75,4,777,0.4
14790,0,0.19,0.634,38,278,1.67,10,445,0.79,3,566,0.19,6,662,0.56,17,1503,0.32,5,1463,0.27
17436,0,0.19,0.561,306,3386,1.1,124,4455,0.98,28,5294,0.19,30,6277,0.3,130,9680,0.38,47,8838,0.42
15589,0,0.19,0.712,88,744,1.44,7,1304,0.19,62,1597,1.39,22,2103,0.65,38,2725,0.39,7,2722,0.2
14097,0,0.189,0.689,44,428,1.25,3,559,0.19,15,608,0.88,14,818,1.07,10,1474,0.19,10,1422,0.55
1831,0,0.189,0.822,167,1059,1.92,32,2406,0.47,43,2541,0.61,36,2455,0.91,23,3430,0.19,42,3960,0.83
8577,0,0.189,0.519,39,443,1.07,14,532,0.93,5,946,0.19,7,1044,0.42,18,2394,0.21,7,1886,0.29
16453,0,0.189,0.502,48,690,0.85,19,992,0.68,10,1250,0.29,15,1412,0.66,27,2189,0.35,6,2475,0.19
12574,0,0.189,0.942,37,854,0.53,11,1251,0.31,7,981,0.26,61,1011,3.76,20,929,0.61,8,3303,0.19
4796,0,0.189,0.588,171,2244,0.93,78,2956,0.93,16,3036,0.19,43,3528,0.76,62,3776,0.46,14,4285,0.26
5587,0,0.189,1.082,25,514,0.59,16,809,0.7,1,190,0.19,5,319,0.98,4,69,1.64,12,391,2.4
9044,0,0.188,0.987,6,34,2.15,2,50,1.41,4,133,1.08,2,265,0.47,4,600,0.19,3,377,0.62
24014,0,0.188,0.577,110,2051,0.65,35,2724,0.45,31,3139,0.35,11,3638,0.19,141,3066,1.3,39,5912,0.52
2306,0,0.188,1.793,307,2171,1.72,101,2817,1.27,61,2314,0.95,7,2316,0.19,292,1524,5.41,62,3973,1.22
26807,0,0.188,0.954,24,89,3.29,4,159,0.89,1,191,0.19,1,207,0.3,10,426,0.66,2,392,0.4
2862,0,0.188,0.554,153,1979,0.94,69,2271,1.07,26,3608,0.26,45,4706,0.6,98,10361,0.27,19,7908,0.19
18454,0,0.187,1.797,44,222,2.42,3,565,0.19,35,336,3.73,13,654,1.24,16,158,2.86,2,457,0.34
12427,0,0.187,1.304,93,1714,0.66,48,2357,0.72,3,574,0.19,22,871,1.57,18,241,2.11,42,1275,2.57
4049,0,0.187,0.94,47,260,2.2,3,478,0.22,20,464,1.55,12,644,1.16,6,906,0.19,3,727,0.32
23110,0,0.187,0.804,141,1803,0.95,42,1933,0.77,43,1108,1.39,20,1699,0.73,7,1058,0.19,26,2564,0.79
7593,0,0.187,0.518,62,781,0.97,23,861,0.94,6,1152,0.19,11,1249,0.55,21,2496,0.24,6,2079,0.23
4510,0,0.186,0.82,5,327,0.19,3,238,0.45,9,355,0.91,2,271,0.46,20,336,1.68,2,126,1.24
16878,0,0.186,0.545,25,236,1.29,2,325,0.22,16,522,1.1,4,1057,0.24,15,2278,0.19,4,1289,0.24
12885,0,0.186,0.686,36,589,0.75,16,511,1.11,4,349,0.41,2,426,0.29,18,369,1.38,1,420,0.19
26850,0,0.186,0.671,13,100,1.59,1,190,0.19,7,328,0.77,4,331,0.75,11,779,0.4,4,929,0.34
12120,0,0.185,0.654,184,2499,0.9,41,2664,0.54,82,4514,0.65,120,5513,1.36,106,10371,0.29,26,10945,0.19
1535,0,0.185,1.189,64,271,2.88,9,466,0.68,15,197,2.73,2,314,0.4,5,540,0.26,1,421,0.19
30545,0,0.185,0.853,63,708,1.08,5,952,0.19,15,820,0.66,20,1376,0.91,28,592,1.34,38,3119,0.95
23192,0,0.185,0.61,34,317,1.31,9,414,0.77,14,553,0.91,3,803,0.23,20,2174,0.26,3,1265,0.19
25339,0,0.185,1.166,5,91,0.67,1,191,0.18,2,52,1.38,2,51,2.44,1,21,1.35,1,80,0.98
30908,0,0.185,0.748,28,431,0.79,10,510,0.69,2,285,0.25,1,337,0.18,14,234,1.69,5,444,0.88
4443,0,0.184,1.189,272,1705,1.95,127,1247,3.6,34,1548,0.79,4,1353,0.18,14,1751,0.23,8,1587,0.39
1725,0,0.184,0.603,22,307,0.87,9,407,0.78,16,625,0.92,5,769,0.4,27,1679,0.45,3,1274,0.18
21038,0,0.184,1.077,23,464,0.6,14,709,0.7,1,195,0.18,4,285,0.87,6,83,2.04,12,455,2.06
26239,0,0.184,1.538,9,52,2.11,3,47,2.25,1,59,0.61,3,79,2.37,1,154,0.18,3,137,1.71
27384,0,0.183,0.626,361,3769,1.17,127,6103,0.73,32,6262,0.18,52,8198,0.4,335,11927,0.79,79,12831,0.48
29445,0,0.183,0.598,41,310,1.61,6,498,0.43,2,341,0.21,6,484,0.77,6,926,0.18,3,606,0.39
20283,0,0.183,1.379,18,130,1.69,1,193,0.18,7,72,3.49,2,196,0.64,1,112,0.25,11,423,2.03
8267,0,0.182,0.51,123,1571,0.95,60,2277,0.93,20,2557,0.28,23,3111,0.46,34,5271,0.18,13,4048,0.25
157,0,0.182,0.573,65,450,1.76,8,721,0.39,14,766,0.66,5,1289,0.24,17,2637,0.18,4,1531,0.2
14743,0,0.182,1.608,12,161,0.91,20,106,6.66,2,181,0.4,2,580,0.21,6,931,0.18,10,608,1.28
32065,0,0.182,0.633,17,190,1.09,14,363,1.36,2,394,0.18,2,561,0.22,12,1578,0.21,11,1180,0.73
12375,0,0.182,0.546,21,351,0.73,7,373,0.66,2,394,0.18,6,370,1.01,4,287,0.39,2,520,0.3
8824,0,0.182,0.837,41,478,1.05,18,681,0.93,10,582,0.62,2,685,0.18,26,623,1.18,13,951,1.07
21831,0,0.182,0.571,45,401,1.37,3,583,0.18,19,790,0.86,7,1021,0.43,35,2910,0.34,6,1904,0.25
8438,0,0.181,0.625,25,168,1.81,3,254,0.42,6,295,0.73,1,344,0.18,9,710,0.36,2,623,0.25
10549,0,0.181,0.762,114,1627,0.85,41,2186,0.66,6,1189,0.18,29,1520,1.19,22,615,1.01,18,2075,0.68
6057,0,0.181,0.564,109,1190,1.12,42,2120,0.7,30,2890,0.37,12,4132,0.18,233,8299,0.79,19,6758,0.22
29094,0,0.18,1.103,33,429,0.94,16,686,0.82,1,199,0.18,3,296,0.63,8,110,2.06,11,431,1.99
28313,0,0.18,0.906,30,338,1.08,15,534,0.99,1,199,0.18,2,251,0.5,5,91,1.55,6,413,1.13
30513,0,0.18,0.548,31,209,1.81,7,431,0.57,4,491,0.29,2,523,0.24,8,1255,0.18,2,794,0.2
28597,0,0.18,1.139,3,47,0.78,4,48,2.94,1,81,0.44,1,108,0.58,1,157,0.18,4,163,1.92
21361,0,0.18,0.542,87,1253,0.85,28,1697,0.58,40,2701,0.53,35,3077,0.71,77,5369,0.41,13,5643,0.18
27683,0,0.18,0.378,14,276,0.62,4,508,0.28,4,798,0.18,5,975,0.32,46,2376,0.55,9,2146,0.33
26405,0,0.179,0.634,412,5947,0.84,179,7399,0.85,21,4195,0.18,22,4056,0.34,26,1042,0.71,60,5325,0.88
29560,0,0.179,0.57,135,2472,0.67,17,1960,0.31,77,3213,0.86,21,2948,0.44,177,5172,0.97,9,3934,0.18
13224,0,0.178,0.87,21,116,2.21,1,198,0.18,5,165,1.09,2,224,0.56,4,264,0.43,3,307,0.76
2916,0,0.178,0.613,292,4011,0.89,108,5347,0.71,25,5029,0.18,64,5841,0.68,204,6129,0.94,30,8501,0.28
14640,0,0.178,0.628,46,358,1.57,3,535,0.2,22,638,1.24,3,1050,0.18,26,1903,0.39,4,1548,0.2
14928,0,0.177,0.731,4,119,0.41,1,199,0.18,3,113,0.95,4,188,1.33,2,98,0.58,5,413,0.95
9084,0,0.177,1.296,24,188,1.56,2,398,0.18,42,535,2.81,15,403,2.32,4,372,0.3,2,259,0.6
25801,0,0.177,0.489,155,1372,1.38,32,2132,0.53,29,2471,0.42,13,3927,0.21,67,8509,0.22,13,5730,0.18
16238,0,0.177,0.695,68,430,1.93,14,644,0.77,12,807,0.53,3,1056,0.18,22,2322,0.27,10,1574,0.5
22538,0,0.177,0.676,28,273,1.25,17,532,1.13,4,607,0.24,5,825,0.38,45,1436,0.89,3,1325,0.18
10853,0,0.177,0.827,2,138,0.18,2,168,0.42,3,136,0.79,2,102,1.22,3,57,1.49,4,362,0.86
26623,0,0.177,1.772,328,1075,3.72,67,2732,0.87,3,609,0.18,32,730,2.73,16,183,2.47,9,1050,0.67
1260,0,0.177,0.787,382,2997,1.55,25,5000,0.18,286,5859,1.75,63,7780,0.5,185,13450,0.39,41,9183,0.35
10189,0,0.177,0.886,36,1041,0.42,13,1452,0.32,13,1552,0.3,76,1476,3.21,41,1294,0.9,11,4866,0.18
17864,0,0.176,0.563,138,1777,0.95,66,2289,1.02,17,3454,0.18,44,4054,0.68,106,9593,0.31,24,7491,0.25
7787,0,0.176,0.418,59,1003,0.72,14,1310,0.38,8,1192,0.24,6,1247,0.3,48,1952,0.69,5,2213,0.18
2355,0,0.176,0.509,43,317,1.65,5,431,0.41,5,637,0.28,5,1053,0.3,15,2403,0.18,4,1328,0.24
5791,0,0.176,0.512,50,525,1.16,21,857,0.87,7,784,0.32,5,1019,0.31,18,2105,0.24,4,1771,0.18
28477,0,0.176,0.66,34,408,1.02,24,451,1.88,5,909,0.2,2,708,0.18,22,1442,0.43,6,1785,0.26
30135,0,0.176,1.712,67,510,1.6,35,642,1.92,10,1045,0.34,3,1062,0.18,116,596,5.5,21,2266,0.72
20080,0,0.176,0.767,29,258,1.37,6,479,0.44,23,517,1.59,5,592,0.53,14,805,0.49,2,888,0.18
31876,0,0.176,1.088,29,444,0.8,23,503,1.61,2,408,0.18,9,509,1.1,32,483,1.87,9,726,0.97
21455,0,0.175,0.497,73,619,1.44,14,719,0.69,6,1082,0.2,4,1337,0.19,39,3694,0.3,5,2227,0.18
14711,0,0.175,0.68,197,2418,0.99,96,3486,0.97,56,4153,0.48,98,5242,1.16,100,9615,0.29,19,8465,0.18
28096,0,0.175,3.138,70,1137,0.75,64,1781,1.27,1,205,0.17,15,499,1.87,3,9,9.42,34,497,5.34
3097,0,0.175,0.842,41,180,2.78,3,291,0.36,13,436,1.07,4,658,0.38,13,1277,0.29,2,893,0.17
29548,0,0.175,0.603,30,323,1.13,11,430,0.9,14,645,0.78,7,1005,0.43,16,2588,0.17,4,1611,0.19
23378,0,0.175,1.027,23,546,0.51,4,564,0.25,3,496,0.22,2,713,0.17,43,284,4.28,11,1177,0.73
7009,0,0.174,0.916,40,294,1.66,10,403,0.88,5,339,0.53,1,357,0.17,24,497,1.36,6,524,0.89
12536,0,0.174,1.709,36,698,0.63,35,937,1.32,1,206,0.17,11,355,1.93,9,71,3.58,17,507,2.62
10299,0,0.174,0.852,46,275,2.04,14,544,0.91,13,502,0.93,2,716,0.17,19,1270,0.42,8,979,0.64
21673,0,0.174,1.323,5,107,0.57,1,203,0.17,8,187,1.53,2,196,0.64,15,88,4.82,1,370,0.21
31555,0,0.174,0.651,41,350,1.43,26,688,1.33,3,619,0.17,5,722,0.43,20,1989,0.28,4,1230,0.25
12026,0,0.174,1.02,102,1695,0.73,65,2486,0.92,3,619,0.17,13,873,0.93,22,320,1.94,27,1485,1.42
2823,0,0.174,0.461,22,262,1.02,2,368,0.19,7,482,0.52,2,717,0.17,21,1391,0.43,6,1084,0.43
11681,0,0.174,0.444,32,588,0.66,18,952,0.67,5,1033,0.17,10,1204,0.52,21,1433,0.41,6,2051,0.23
24664,0,0.174,0.651,20,565,0.43,4,814,0.17,39,1054,1.33,15,1124,0.83,8,764,0.3,7,645,0.85
14258,0,0.173,0.574,26,307,1.03,13,493,0.93,9,605,0.53,5,790,0.39,21,1562,0.38,3,1355,0.17
12571,0,0.173,1.009,17,227,0.91,8,317,0.89,6,244,0.88,1,246,0.25,23,221,2.94,1,452,0.17
6751,0,0.173,0.759,6,109,0.67,8,155,1.82,4,170,0.84,4,352,0.71,4,655,0.17,2,467,0.33
22540,0,0.173,0.545,11,121,1.11,4,185,0.76,4,289,0.5,1,361,0.17,7,414,0.48,2,628,0.25
8562,0,0.172,1.241,20,439,0.56,20,445,1.59,1,208,0.17,3,301,0.62,12,130,2.61,12,493,1.9
18887,0,0.172,0.766,65,910,0.87,47,1469,1.13,2,416,0.17,8,570,0.87,2,172,0.33,16,1022,1.22
32696,0,0.172,0.815,43,195,2.69,9,379,0.84,6,562,0.38,4,915,0.27,45,2381,0.53,3,1362,0.17
4436,0,0.172,0.432,210,2737,0.94,62,3667,0.6,29,4457,0.23,34,5974,0.35,128,12069,0.3,17,7722,0.17
13634,0,0.17,0.472,42,542,0.94,10,705,0.5,13,855,0.55,6,1056,0.35,23,2063,0.32,4,1834,0.17
29780,0,0.17,0.755,14,119,1.43,5,147,1.2,6,217,0.99,2,268,0.46,8,846,0.27,1,459,0.17
16144,0,0.17,1.075,22,484,0.55,17,660,0.91,1,211,0.17,5,266,1.17,5,100,1.41,9,315,2.23
26347,0,0.17,0.591,133,1913,0.85,31,1273,0.86,8,1237,0.23,7,606,0.72,3,499,0.17,4,434,0.72
14725,0,0.17,0.468,144,1870,0.94,30,2802,0.38,51,3354,0.55,30,3971,0.47,66,6151,0.3,14,6447,0.17
550,0,0.169,1.341,66,945,0.85,41,1363,1.06,2,424,0.17,9,574,0.98,14,169,2.34,24,708,2.65
998,0,0.169,0.476,196,2060,1.16,29,2570,0.4,14,2969,0.17,24,3427,0.44,91,4921,0.52,11,5021,0.17
30183,0,0.169,0.503,166,2678,0.76,63,3478,0.64,16,3398,0.17,48,4046,0.74,100,5910,0.48,19,6237,0.24
22250,0,0.168,1.031,73,2192,0.41,18,3774,0.17,110,2320,1.7,41,2725,0.94,108,1325,2.3,57,6646,0.67
1233,0,0.168,0.809,15,64,2.86,1,52,0.68,1,213,0.17,1,111,0.56,3,239,0.35,1,333,0.23
28907,0,0.168,0.708,64,1318,0.59,14,1080,0.46,45,1265,1.28,6,1385,0.27,117,2223,1.49,4,1858,0.17
16968,0,0.168,0.683,12,373,0.39,2,383,0.18,7,328,0.77,1,371,0.17,28,343,2.31,2,554,0.28
6271,0,0.168,1.07,27,805,0.41,13,874,0.53,3,641,0.17,5,947,0.33,53,359,4.17,17,1625,0.82
17873,0,0.168,0.485,74,992,0.91,37,1233,1.06,12,1814,0.24,9,1915,0.29,44,5122,0.24,7,3261,0.17
12430,0,0.168,0.461,19,188,1.23,2,277,0.25,4,415,0.35,3,489,0.38,18,1328,0.38,2,932,0.17
8777,0,0.168,0.617,50,639,0.95,14,651,0.76,11,625,0.63,6,687,0.54,24,1050,0.65,2,932,0.17
10466,0,0.167,0.479,17,245,0.85,7,305,0.81,6,458,0.47,4,613,0.41,8,1321,0.17,2,933,0.17
23028,0,0.167,0.701,118,1236,1.16,27,1386,0.69,115,2787,1.48,35,4205,0.52,59,9979,0.17,16,6619,0.19
14575,0,0.167,0.711,24,232,1.26,4,286,0.49,12,271,1.59,2,321,0.39,7,537,0.37,1,468,0.17
17940,0,0.167,0.503,29,321,1.1,7,488,0.51,5,400,0.45,2,588,0.21,6,1017,0.17,6,803,0.58
12105,0,0.167,0.842,34,266,1.56,2,424,0.17,18,445,1.45,11,580,1.18,9,1172,0.22,7,1142,0.48
1184,0,0.166,0.396,16,764,0.26,19,1090,0.62,25,1106,0.81,6,1081,0.35,3,512,0.17,3,1274,0.18
2835,0,0.165,0.764,37,333,1.35,35,645,1.92,17,1475,0.41,15,2070,0.45,65,6526,0.28,6,2831,0.17
3893,0,0.165,0.639,124,2217,0.68,29,2148,0.48,54,1833,1.06,9,1795,0.31,107,2645,1.14,5,2361,0.17
32553,0,0.165,7.018,410,6274,0.8,333,10200,1.15,2,434,0.17,44,1183,2.32,1,1,28.26,120,995,9.42
4843,0,0.165,2.062,8,188,0.52,4,104,1.36,1,217,0.17,1,213,0.29,25,80,8.83,9,582,1.21
2121,0,0.165,0.878,45,766,0.72,17,1042,0.58,6,272,0.79,1,377,0.17,8,112,2.02,6,469,1.0
28694,0,0.165,0.659,34,634,0.65,4,855,0.17,4,314,0.46,1,318,0.2,8,128,1.77,4,436,0.72
31447,0,0.165,0.482,49,435,1.37,7,569,0.43,5,653,0.27,5,1039,0.3,14,2396,0.17,6,1365,0.34
5915,0,0.165,0.502,29,309,1.14,3,465,0.23,4,488,0.29,10,662,0.94,9,1054,0.24,2,946,0.17
13285,0,0.165,0.515,362,3373,1.31,65,5026,0.46,89,6352,0.5,61,11675,0.33,274,23486,0.33,32,15137,0.17
29235,0,0.165,0.869,153,3696,0.5,94,4324,0.77,7,1522,0.16,12,1955,0.38,30,360,2.35,31,2335,1.04
4760,0,0.165,0.486,36,843,0.52,5,799,0.22,16,700,0.82,3,649,0.29,29,910,0.9,1,474,0.16
5613,0,0.165,0.486,56,892,0.77,16,1105,0.51,15,1845,0.29,28,1907,0.91,44,4610,0.27,7,3320,0.16
13673,0,0.164,0.764,55,503,1.33,3,644,0.16,23,869,0.95,15,1025,0.91,33,1110,0.84,10,2039,0.38
25369,0,0.164,0.457,10,150,0.81,2,276,0.26,5,270,0.66,2,446,0.28,11,547,0.57,1,475,0.16
23441,0,0.164,1.002,10,71,1.72,2,127,0.56,6,97,2.22,2,169,0.74,1,172,0.16,1,126,0.62
29638,0,0.164,0.785,27,214,1.54,1,215,0.16,2,151,0.47,1,153,0.41,4,72,1.57,1,140,0.56
9759,0,0.164,0.922,18,545,0.4,5,701,0.25,12,437,0.98,20,505,2.47,19,426,1.26,3,1427,0.16
28467,0,0.164,0.606,216,1994,1.32,47,3580,0.46,86,3258,0.95,21,4491,0.29,168,10520,0.45,14,6663,0.16
3528,0,0.164,1.322,39,681,0.7,15,759,0.7,3,656,0.16,8,843,0.59,53,349,4.29,34,1779,1.49
1088,0,0.164,0.561,79,936,1.03,31,1303,0.84,26,2207,0.42,7,2661,0.16,180,7355,0.69,16,5751,0.22
9878,0,0.164,0.783,5,41,1.49,6,165,1.28,2,138,0.52,2,371,0.34,4,690,0.16,7,601,0.91
31707,0,0.163,0.798,61,929,0.8,12,759,0.56,29,609,1.71,2,762,0.16,42,899,1.32,2,654,0.24
20681,0,0.163,0.6,122,2123,0.7,45,2710,0.59,14,3076,0.16,34,3370,0.63,158,3599,1.24,21,5813,0.28
24556,0,0.163,1.229,5,248,0.25,5,406,0.43,4,521,0.28,45,464,6.04,4,694,0.16,6,2178,0.22
7107,0,0.163,1.36,81,310,3.19,6,1301,0.16,3,301,0.36,7,209,2.09,7,121,1.63,5,534,0.73
2815,0,0.163,0.441,6,86,0.85,3,135,0.78,1,135,0.27,1,383,0.16,4,656,0.17,3,573,0.41
3168,0,0.163,0.851,109,1602,0.83,52,3181,0.58,80,2063,1.39,9,1926,0.29,108,1644,1.86,5,2401,0.16
29063,0,0.163,0.807,76,571,1.62,4,869,0.16,93,2033,1.64,28,2217,0.79,68,5550,0.35,17,4643,0.29
15670,0,0.162,0.514,154,2449,0.77,91,3360,0.96,18,3976,0.16,44,4501,0.61,89,6446,0.39,16,6198,0.2
32263,0,0.162,1.296,22,345,0.78,11,319,1.22,1,221,0.16,2,205,0.61,5,49,2.88,6,220,2.13
12167,0,0.162,0.595,60,501,1.46,19,847,0.79,24,1950,0.44,12,2306,0.32,90,6500,0.39,11,5299,0.16
31201,0,0.162,0.622,109,1201,1.11,30,1710,0.62,6,1328,0.16,16,1545,0.65,23,1587,0.41,21,2083,0.79
30675,0,0.162,0.717,25,369,0.83,2,436,0.16,2,245,0.29,2,540,0.23,6,236,0.72,23,866,2.07
16390,0,0.162,0.955,31,550,0.69,8,705,0.4,2,443,0.16,22,396,3.46,7,314,0.63,7,1406,0.39
30286,0,0.162,0.841,30,261,1.4,7,426,0.58,18,413,1.56,11,638,1.07,6,1048,0.16,3,878,0.27
19225,0,0.162,1.021,20,220,1.11,8,298,0.95,15,290,1.85,3,386,0.48,18,324,1.57,1,483,0.16
8657,0,0.161,0.458,31,278,1.36,3,416,0.25,4,679,0.21,4,929,0.27,32,1826,0.5,3,1451,0.16
21153,0,0.161,1.625,45,426,1.29,28,453,2.18,30,1389,0.77,47,1016,2.88,72,826,2.46,2,970,0.16
1513,0,0.161,1.496,61,1129,0.66,56,1968,1.0,1,223,0.16,16,409,2.44,1,56,0.5,38,705,4.21
26313,0,0.16,0.706,40,223,2.19,9,289,1.1,2,447,0.16,2,489,0.25,8,1386,0.16,4,836,0.37
1358,0,0.16,0.957,28,420,0.81,19,536,1.25,1,224,0.16,3,285,0.66,9,159,1.6,7,434,1.26
10928,0,0.16,0.527,350,4822,0.89,140,6557,0.75,91,9133,0.36,32,12456,0.16,594,22635,0.74,65,19356,0.26
12764,0,0.16,0.6,48,545,1.07,9,686,0.46,12,703,0.61,2,779,0.16,36,1116,0.91,7,1436,0.38
15033,0,0.16,0.601,15,134,1.36,5,246,0.72,4,304,0.47,1,390,0.16,11,669,0.46,4,729,0.43
3812,0,0.16,0.652,35,376,1.14,10,542,0.65,2,449,0.16,7,620,0.7,6,411,0.41,9,827,0.85
11799,0,0.159,0.586,48,332,1.76,5,481,0.37,3,675,0.16,5,727,0.43,13,1306,0.28,7,1055,0.52
1175,0,0.159,0.595,16,194,1.01,4,278,0.51,1,225,0.16,1,313,0.2,5,101,1.4,2,524,0.3
27399,0,0.159,0.544,43,475,1.1,7,538,0.46,5,726,0.25,14,937,0.93,15,1168,0.36,3,1474,0.16
11714,0,0.159,0.611,45,522,1.05,14,753,0.66,12,893,0.48,11,1189,0.58,57,2166,0.74,4,1969,0.16
19887,0,0.158,0.456,16,286,0.68,4,335,0.42,3,276,0.39,3,356,0.52,10,504,0.56,1,493,0.16
16207,0,0.158,1.474,4,158,0.31,51,238,7.57,3,657,0.16,3,804,0.23,17,1160,0.41,3,1479,0.16
6517,0,0.158,1.32,46,214,2.62,22,285,2.73,7,402,0.62,6,785,0.48,11,1963,0.16,16,951,1.31
1494,0,0.158,1.446,1,77,0.16,3,137,0.77,12,152,2.83,1,116,0.54,11,78,3.99,2,400,0.39
13011,0,0.158,0.801,84,1335,0.77,52,1272,1.44,15,1121,0.48,3,1180,0.16,44,1123,1.11,14,1282,0.85
29280,0,0.158,0.536,9,62,1.77,2,113,0.62,1,138,0.26,1,308,0.2,5,697,0.2,1,494,0.16
26644,0,0.158,0.724,35,342,1.25,4,422,0.33,24,519,1.66,9,758,0.74,7,948,0.21,2,989,0.16
31721,0,0.158,0.656,55,1186,0.57,53,1694,1.1,8,1820,0.16,24,2037,0.73,69,2435,0.8,29,3959,0.57
29776,0,0.158,0.659,19,255,0.91,11,357,1.09,8,522,0.55,9,609,0.92,15,1289,0.33,2,991,0.16
10067,0,0.157,0.917,60,787,0.93,5,1122,0.16,9,725,0.45,13,1131,0.72,28,398,1.99,34,2100,1.26
24513,0,0.157,0.504,76,871,1.06,5,1122,0.16,22,1551,0.51,25,1905,0.82,32,3952,0.23,13,4056,0.25
16499,0,0.157,1.545,82,1608,0.62,87,2690,1.14,1,228,0.16,13,483,1.68,1,14,2.02,42,897,3.66
8013,0,0.157,0.529,369,3594,1.25,91,5846,0.55,150,8026,0.67,49,11799,0.26,319,31323,0.29,36,17898,0.16
18415,0,0.157,1.278,46,543,1.03,2,450,0.16,19,234,2.91,7,391,1.12,6,95,1.78,8,938,0.67
23660,0,0.157,1.412,8,158,0.62,53,280,6.68,4,625,0.23,2,794,0.16,21,1273,0.47,6,1475,0.32
29717,0,0.157,0.836,24,109,2.68,2,315,0.22,8,239,1.2,3,442,0.42,10,856,0.33,1,498,0.16
22013,0,0.156,0.566,37,309,1.46,6,388,0.55,15,626,0.86,3,856,0.22,11,1990,0.16,3,1470,0.16
4559,0,0.156,1.04,17,112,1.85,21,216,3.43,1,230,0.16,1,258,0.24,3,244,0.35,1,372,0.21
5193,0,0.156,0.659,556,4662,1.45,86,7120,0.43,323,9830,1.18,118,14268,0.52,266,33672,0.22,41,20541,0.16
5395,0,0.155,1.899,10,93,1.31,3,131,0.81,17,156,3.91,8,294,1.69,4,727,0.16,14,311,3.51
12567,0,0.155,0.809,202,1317,1.87,13,1462,0.31,26,1626,0.57,5,2003,0.16,77,1570,1.39,15,2100,0.56
12755,0,0.154,1.072,102,642,1.94,36,460,2.76,9,341,0.95,2,461,0.27,4,734,0.15,3,645,0.36
24238,0,0.154,0.556,117,1748,0.82,24,1931,0.44,15,808,0.67,5,973,0.32,18,539,0.94,2,1016,0.15
31725,0,0.153,0.702,24,437,0.67,6,602,0.35,8,346,0.83,1,407,0.15,14,274,1.44,5,510,0.77
9263,0,0.153,0.571,5,335,0.18,23,520,1.56,3,704,0.15,2,771,0.16,41,1089,1.06,6,1537,0.3
12960,0,0.153,1.058,13,188,0.84,10,270,1.31,7,234,1.07,7,234,1.86,1,185,0.15,5,353,1.11
20981,0,0.153,0.478,16,188,1.04,4,276,0.51,7,410,0.61,3,587,0.32,12,1450,0.23,2,1023,0.15
26020,0,0.153,0.913,32,459,0.85,5,613,0.29,1,235,0.15,8,577,0.86,1,183,0.15,35,863,3.17
30649,0,0.153,0.768,89,1278,0.85,30,1707,0.62,3,705,0.15,13,964,0.84,16,451,1.0,15,1024,1.14
30986,0,0.152,0.672,80,469,2.08,8,649,0.44,5,704,0.25,16,1098,0.91,13,2409,0.15,4,1529,0.2
14165,0,0.152,0.568,140,1533,1.11,46,2313,0.7,35,3096,0.41,9,3681,0.15,128,5302,0.68,27,6021,0.35
8007,0,0.152,1.303,111,3999,0.34,74,6288,0.42,4,943,0.15,8,1417,0.35,26,202,3.64,110,2937,2.92
13641,0,0.152,1.062,74,368,2.45,3,697,0.15,57,912,2.24,13,855,0.95,9,763,0.33,2,633,0.25
6230,0,0.152,0.495,17,121,1.71,3,223,0.48,1,236,0.15,1,339,0.18,6,644,0.26,1,431,0.18
14246,0,0.152,0.668,15,225,0.81,6,210,1.01,1,236,0.15,2,261,0.48,6,211,0.8,3,312,0.75
22688,0,0.152,0.783,40,566,0.86,13,694,0.66,7,370,0.68,1,410,0.15,6,172,0.99,6,344,1.36
16031,0,0.152,0.579,28,225,1.52,3,448,0.24,12,506,0.85,5,730,0.43,14,1367,0.29,2,1028,0.15
25469,0,0.152,0.611,134,1516,1.08,54,2300,0.83,25,1975,0.45,22,2167,0.63,94,5111,0.52,7,3599,0.15
15863,0,0.152,0.263,38,1715,0.27,15,2360,0.22,31,2916,0.38,11,4517,0.15,8,631,0.36,4,1600,0.2
2908,0,0.152,0.696,36,296,1.48,8,482,0.59,18,535,1.21,5,712,0.44,15,1366,0.31,2,1030,0.15
30643,0,0.151,0.545,32,460,0.85,12,629,0.67,16,601,0.95,4,768,0.32,10,881,0.32,2,1031,0.15
16952,0,0.151,0.911,99,1180,1.02,36,1288,0.99,45,1229,1.31,16,1425,0.7,61,1334,1.29,3,1547,0.15
21587,0,0.151,0.556,100,1459,0.84,42,2075,0.71,12,2846,0.15,12,2993,0.25,133,3812,0.99,29,5687,0.4
28698,0,0.15,0.91,16,195,1.0,1,235,0.15,3,296,0.36,1,260,0.24,6,118,1.44,7,241,2.27
28772,0,0.15,0.462,205,3329,0.75,91,3988,0.81,29,5731,0.18,86,7713,0.69,93,13889,0.19,23,11952,0.15
28043,0,0.15,0.75,263,1145,2.8,9,1780,0.18,59,2406,0.88,21,3889,0.34,44,7995,0.16,9,4682,0.15
14735,0,0.15,0.614,87,634,1.67,15,981,0.54,39,1633,0.86,12,3534,0.21,51,5627,0.26,8,4163,0.15
12230,0,0.15,0.64,102,682,1.82,18,929,0.68,8,1586,0.18,13,1987,0.41,79,3765,0.59,6,3129,0.15
31540,0,0.15,0.528,43,347,1.51,7,513,0.48,2,479,0.15,3,601,0.31,11,1129,0.28,5,892,0.44
10311,0,0.15,0.872,30,788,0.46,4,944,0.15,16,911,0.63,10,1388,0.45,53,1083,1.38,32,1160,2.15
31928,0,0.15,0.718,56,342,2.0,14,451,1.1,7,620,0.4,2,833,0.15,23,1872,0.35,5,1253,0.31
8225,0,0.149,1.27,57,867,0.8,29,1269,0.81,1,240,0.15,12,389,1.92,12,121,2.8,5,343,1.14
28649,0,0.149,1.106,18,133,1.65,10,123,2.87,4,193,0.74,3,315,0.59,3,568,0.15,3,371,0.63
29346,0,0.149,0.965,48,254,2.3,2,322,0.22,27,384,2.52,1,419,0.15,3,403,0.21,7,1422,0.38
22667,0,0.149,0.669,35,248,1.72,4,349,0.4,8,381,0.75,4,661,0.38,5,951,0.15,7,895,0.61
19719,0,0.148,0.626,12,349,0.42,8,369,0.77,8,332,0.86,1,420,0.15,20,582,0.97,4,531,0.59
4543,0,0.148,1.063,46,1462,0.38,96,986,3.44,5,1210,0.15,12,1135,0.66,45,840,1.51,4,1323,0.24
14621,0,0.148,0.761,10,142,0.86,8,178,1.59,1,242,0.15,4,302,0.82,6,365,0.46,4,458,0.68
1029,0,0.148,0.502,13,103,1.54,2,191,0.37,2,198,0.36,1,288,0.22,10,746,0.38,1,528,0.15
7420,0,0.148,0.511,7,240,0.36,1,239,0.15,1,192,0.19,2,282,0.44,3,98,0.87,5,365,1.07
2363,0,0.148,0.7,55,821,0.82,9,914,0.35,18,680,0.95,5,636,0.49,30,586,1.45,1,529,0.15
19093,0,0.148,0.539,26,353,0.9,12,500,0.85,2,486,0.15,3,465,0.4,10,508,0.56,3,611,0.38
28945,0,0.147,1.436,107,669,1.95,10,889,0.4,21,578,1.3,32,682,2.92,26,387,1.9,1,531,0.15
28833,0,0.147,1.203,4,48,1.02,8,67,4.22,2,61,1.18,1,186,0.33,2,385,0.15,1,238,0.33
28884,0,0.147,0.592,221,3607,0.75,28,3062,0.32,59,3225,0.66,7,2973,0.15,161,3443,1.32,13,2819,0.36
16705,0,0.147,0.746,81,1198,0.82,107,1795,2.1,30,2633,0.41,31,2921,0.66,68,5796,0.33,10,5328,0.15
4325,0,0.146,1.515,77,580,1.62,10,842,0.42,79,603,4.7,15,717,1.3,17,530,0.91,1,533,0.15
26606,0,0.146,1.61,40,576,0.85,28,887,1.11,1,245,0.15,6,432,0.87,15,105,4.04,19,560,2.65
3591,0,0.146,0.768,45,568,0.97,9,516,0.62,3,735,0.15,7,964,0.45,42,656,1.81,10,1269,0.62
8393,0,0.146,0.49,52,384,1.65,7,487,0.51,5,697,0.26,3,862,0.22,10,1933,0.15,3,1479,0.16
22858,0,0.146,1.038,94,351,3.27,12,831,0.51,10,204,1.76,1,427,0.15,5,394,0.36,1,412,0.19
22453,0,0.146,5.179,233,238,11.94,54,147,12.97,16,516,1.11,4,1709,0.15,82,3228,0.72,105,1956,4.19
30679,0,0.146,0.531,144,1360,1.29,31,2270,0.48,56,3757,0.53,8,3419,0.15,66,4287,0.44,11,2860,0.3
21139,0,0.145,0.471,22,504,0.53,8,596,0.47,6,875,0.25,18,1045,1.07,21,1678,0.35,4,2147,0.15
7209,0,0.145,0.632,25,161,1.89,5,168,1.05,1,227,0.16,1,355,0.18,10,767,0.37,1,538,0.15
30947,0,0.145,1.12,357,1023,4.26,21,5045,0.15,13,563,0.83,15,793,1.18,9,1495,0.17,2,1079,0.14
1325,0,0.144,0.59,105,1477,0.87,50,1944,0.91,32,2594,0.44,40,3070,0.81,64,4966,0.36,10,5406,0.14
22856,0,0.144,3.47,19,151,1.53,27,205,4.65,51,390,4.69,58,586,6.16,9,1761,0.14,21,451,3.64
5604,0,0.144,0.392,103,2000,0.63,41,1793,0.81,4,994,0.14,6,1766,0.21,10,1085,0.26,6,1570,0.3
13031,0,0.144,1.077,58,881,0.8,34,1324,0.91,2,498,0.14,13,674,1.2,17,219,2.19,15,965,1.21
7933,0,0.144,0.632,46,353,1.59,2,491,0.14,16,773,0.74,8,922,0.54,24,1330,0.51,4,1178,0.27
15854,0,0.144,0.327,124,10517,0.14,78,12261,0.22,124,14944,0.3,111,14913,0.46,183,13040,0.4,86,15402,0.44
29307,0,0.144,0.515,43,899,0.58,39,1194,1.15,9,2247,0.14,19,2282,0.52,67,4489,0.42,16,4646,0.27
5043,0,0.144,0.62,13,177,0.9,1,246,0.14,19,532,1.28,5,564,0.55,4,780,0.14,7,780,0.7
22581,0,0.143,0.654,40,401,1.22,17,530,1.13,11,741,0.53,2,869,0.14,32,1900,0.48,8,1477,0.42
14581,0,0.143,0.474,16,223,0.87,6,261,0.81,4,408,0.35,1,435,0.14,14,889,0.45,2,725,0.22
9783,0,0.143,0.36,159,3551,0.55,52,5626,0.33,18,4514,0.14,49,6287,0.49,94,6969,0.38,30,8499,0.28
26418,0,0.143,0.475,200,3824,0.64,97,4916,0.7,23,5768,0.14,49,6329,0.48,269,11473,0.66,30,10165,0.23
3350,0,0.143,1.306,4,129,0.38,1,247,0.14,1,166,0.22,26,247,6.56,1,130,0.22,2,483,0.32
7278,0,0.143,1.364,64,349,2.24,8,565,0.5,35,597,2.1,7,750,0.58,31,334,2.62,1,547,0.14
25346,0,0.143,0.528,33,617,0.65,21,853,0.87,19,2069,0.33,16,2264,0.44,142,5478,0.73,10,5478,0.14
21795,0,0.142,0.618,45,755,0.73,37,658,1.99,5,1259,0.14,7,870,0.5,13,2286,0.16,3,1204,0.19
28877,0,0.142,1.782,26,74,4.28,3,746,0.14,4,59,2.43,1,53,1.18,1,25,1.13,1,51,1.53
32137,0,0.141,0.529,13,186,0.85,7,205,1.21,3,396,0.27,1,441,0.14,11,1041,0.3,5,965,0.4
8927,0,0.141,0.781,198,3986,0.61,71,5983,0.42,123,3030,1.46,52,3457,0.94,63,1577,1.13,5,2767,0.14
11337,0,0.141,0.634,24,288,1.02,5,398,0.44,15,507,1.06,9,623,0.9,6,1202,0.14,3,953,0.25
16470,0,0.141,0.563,110,1006,1.33,25,1303,0.68,21,1609,0.47,26,2710,0.6,26,5210,0.14,7,3452,0.16
28733,0,0.14,0.48,32,274,1.42,4,376,0.38,6,515,0.42,3,873,0.21,22,1999,0.31,2,1113,0.14
28518,0,0.14,1.21,1,87,0.14,2,157,0.45,6,130,1.65,1,130,0.48,10,73,3.87,3,352,0.67
28564,0,0.14,0.959,16,169,1.15,5,232,0.76,15,1253,0.43,52,1066,3.04,29,3514,0.23,10,5583,0.14
27140,0,0.139,0.471,27,438,0.75,9,635,0.5,11,817,0.48,6,1029,0.36,41,1964,0.59,3,1680,0.14
5423,0,0.139,0.87,37,374,1.21,14,578,0.86,12,386,1.11,1,447,0.14,17,420,1.14,6,614,0.76
24140,0,0.139,0.809,36,322,1.36,3,562,0.19,27,510,1.9,9,629,0.89,5,1015,0.14,5,1047,0.37
22363,0,0.139,0.873,264,1327,2.43,54,2788,0.68,14,1049,0.48,16,1014,0.98,22,1174,0.53,2,1127,0.14
18907,0,0.138,1.038,7,165,0.52,1,225,0.16,1,167,0.21,20,248,5.02,1,159,0.18,1,564,0.14
8421,0,0.138,0.304,13,935,0.17,15,1045,0.51,135,17283,0.28,51,12975,0.24,1431,82988,0.49,119,67203,0.14
25254,0,0.138,0.622,90,845,1.3,31,1121,0.98,17,1173,0.52,15,1672,0.56,23,2710,0.24,4,2259,0.14
3021,0,0.138,0.553,120,1520,0.96,39,1687,0.82,25,2553,0.35,32,2897,0.69,66,5137,0.36,9,5083,0.14
16930,0,0.138,0.449,125,1054,1.45,22,1506,0.52,7,1667,0.15,5,2074,0.15,27,5538,0.14,12,3169,0.3
5761,0,0.138,0.528,84,763,1.34,8,1100,0.26,28,1296,0.77,15,1946,0.48,18,3693,0.14,6,2644,0.18
18044,0,0.138,1.066,108,708,1.86,29,1208,0.85,2,521,0.14,10,256,2.43,1,96,0.29,2,190,0.82
23255,0,0.137,0.796,209,2165,1.18,123,2756,1.58,14,3654,0.14,52,3973,0.82,102,5470,0.53,43,6195,0.54
7881,0,0.137,0.793,9,65,1.69,4,106,1.33,1,157,0.23,3,186,1.0,2,412,0.14,1,211,0.37
9031,0,0.137,3.041,5,445,0.14,76,392,6.85,1,99,0.36,6,169,2.21,28,99,7.99,5,560,0.7
22282,0,0.137,0.801,53,1151,0.56,40,1286,1.1,8,2095,0.14,11,2167,0.32,183,2427,2.13,36,4977,0.56
15109,0,0.137,0.52,232,2207,1.28,59,3189,0.65,57,4755,0.43,53,9170,0.36,166,18200,0.26,19,10868,0.14
30767,0,0.136,0.413,28,356,0.96,10,591,0.6,4,629,0.23,2,915,0.14,22,1845,0.34,4,1406,0.22
19558,0,0.135,0.593,200,2862,0.85,95,3574,0.94,4,1061,0.14,6,1247,0.3,13,478,0.77,23,3183,0.56
19624,0,0.135,0.938,32,448,0.87,16,489,1.16,7,382,0.66,1,461,0.14,27,401,1.9,8,691,0.9
5469,0,0.135,9.892,34,30,13.82,97,83,41.26,8,151,1.9,3,1384,0.14,47,1506,0.88,25,1447,1.35
21456,0,0.135,0.499,51,501,1.24,19,793,0.85,7,805,0.31,3,926,0.2,22,2385,0.26,3,1735,0.14
13979,0,0.135,0.451,298,2691,1.35,63,3432,0.65,25,6348,0.14,20,7704,0.16,135,28305,0.13,47,13480,0.27
10237,0,0.135,1.166,39,875,0.54,28,1142,0.87,1,266,0.13,5,381,0.82,8,71,3.18,10,538,1.45
24656,0,0.135,0.743,45,433,1.27,2,524,0.13,19,806,0.85,19,936,1.26,18,1267,0.4,14,2013,0.54
7704,0,0.135,0.565,94,512,2.24,6,661,0.32,10,987,0.36,4,1626,0.15,19,3987,0.13,5,2198,0.18
20515,0,0.135,0.586,22,653,0.41,42,947,1.57,4,1065,0.13,8,1357,0.37,41,2012,0.58,14,2364,0.46
18679,0,0.135,0.914,87,606,1.75,14,1296,0.38,12,431,1.0,11,423,1.62,10,471,0.6,1,580,0.13
10898,0,0.134,0.94,29,809,0.44,14,1132,0.44,3,800,0.13,51,789,4.03,7,488,0.41,6,2359,0.2
15509,0,0.134,1.621,88,930,1.15,15,1014,0.52,2,534,0.13,25,450,3.46,13,104,3.53,6,507,0.92
930,0,0.134,0.53,55,368,1.82,3,501,0.21,16,851,0.67,3,1246,0.15,14,2949,0.13,4,1673,0.19
17867,0,0.134,0.822,43,591,0.89,23,873,0.93,1,268,0.13,5,396,0.79,7,148,1.34,8,727,0.86
27971,0,0.134,0.616,47,306,1.87,8,509,0.55,6,510,0.42,4,663,0.38,17,1435,0.33,2,1168,0.13
11603,0,0.134,1.32,110,402,3.34,9,2378,0.13,54,907,2.13,16,657,1.52,4,714,0.16,5,610,0.64
24297,0,0.133,0.511,56,448,1.52,8,667,0.42,5,644,0.28,10,1142,0.55,9,1913,0.13,3,1425,0.16
24538,0,0.133,1.034,257,2029,1.54,40,3457,0.41,8,2158,0.13,59,3632,1.01,11,204,1.52,102,5039,1.58
31128,0,0.133,1.049,75,1558,0.59,37,1730,0.76,4,1079,0.13,12,1295,0.58,59,514,3.24,32,2505,1.0
18822,0,0.133,1.068,13,171,0.93,6,199,1.06,1,270,0.13,1,466,0.13,17,138,3.48,6,702,0.67
3824,0,0.133,0.742,26,982,0.32,13,1392,0.33,7,904,0.28,47,984,2.97,12,817,0.42,5,2943,0.13
5607,0,0.132,1.008,5,326,0.19,68,497,4.83,3,812,0.13,3,1138,0.16,22,1060,0.59,3,1627,0.14
29443,0,0.132,0.597,13,90,1.76,1,149,0.24,4,148,0.97,1,240,0.26,2,428,0.13,1,351,0.22
3604,0,0.132,0.651,46,402,1.4,11,666,0.58,23,845,0.98,2,944,0.13,36,1658,0.61,4,1514,0.21
7357,0,0.132,0.538,76,1165,0.8,28,1783,0.55,7,1902,0.13,35,2425,0.9,68,3897,0.49,16,3507,0.36
23785,0,0.131,0.764,15,106,1.73,5,194,0.91,1,273,0.13,3,298,0.63,15,638,0.66,4,591,0.53
14964,0,0.131,1.258,1,93,0.13,1,104,0.34,4,57,2.52,1,65,0.96,3,73,1.16,3,96,2.44
29136,0,0.131,0.85,40,288,1.69,4,491,0.29,32,611,1.88,8,699,0.71,3,647,0.13,4,792,0.39
16025,0,0.131,0.866,26,269,1.18,42,440,3.37,4,1098,0.13,6,1688,0.22,21,4111,0.14,4,2040,0.15
4801,0,0.131,0.538,4,263,0.19,14,324,1.53,2,549,0.13,4,680,0.37,5,192,0.74,3,830,0.28
9247,0,0.13,0.806,3,174,0.21,1,271,0.13,5,283,0.63,11,307,2.23,1,146,0.19,5,272,1.44
26413,0,0.13,0.457,138,1718,0.98,37,1800,0.73,17,3603,0.17,32,3563,0.56,60,9522,0.18,10,5994,0.13
26609,0,0.13,1.808,29,61,5.8,13,132,3.48,1,141,0.25,2,957,0.13,17,1424,0.34,12,1096,0.85
834,0,0.13,0.322,213,3619,0.72,20,3031,0.23,30,1917,0.56,4,1682,0.15,4,871,0.13,2,1091,0.14
10232,0,0.129,0.679,48,806,0.73,21,933,0.79,5,1388,0.13,32,1554,1.28,62,2185,0.8,11,2546,0.34
31515,0,0.129,0.567,34,353,1.17,6,522,0.41,13,590,0.79,5,702,0.44,22,1356,0.46,2,1210,0.13
13464,0,0.129,0.688,171,1177,1.77,29,1674,0.61,68,2602,0.94,35,3990,0.55,42,8818,0.13,10,6054,0.13
7610,0,0.129,8.94,11,48,2.79,19,34,19.73,98,344,10.21,52,384,8.43,6,1318,0.13,55,348,12.34
4923,0,0.128,0.848,6,158,0.46,1,275,0.13,5,207,0.87,3,240,0.78,6,69,2.46,2,396,0.39
24534,0,0.128,1.054,1,95,0.13,1,87,0.41,1,123,0.29,1,127,0.49,3,68,1.25,8,166,3.76
8322,0,0.128,1.272,316,1245,3.09,51,2600,0.69,42,870,1.73,35,1271,1.72,12,1256,0.27,2,1218,0.13
9801,0,0.128,0.537,51,390,1.59,13,496,0.93,3,536,0.2,2,857,0.15,15,1842,0.23,2,1218,0.13
13534,0,0.128,0.958,115,3586,0.39,98,3406,1.02,10,2802,0.13,19,3919,0.3,256,2241,3.23,61,6959,0.68
27388,0,0.128,0.592,155,1590,1.19,74,2418,1.08,10,2802,0.13,41,3144,0.81,34,6201,0.15,13,5391,0.19
12813,0,0.128,2.34,4,14,3.48,4,44,3.21,6,44,4.89,1,115,0.54,1,221,0.13,3,131,1.79
21200,0,0.127,0.636,25,275,1.11,15,349,1.52,5,444,0.4,5,681,0.46,14,1947,0.2,2,1227,0.13
1013,0,0.127,0.558,33,299,1.35,9,529,0.6,5,548,0.33,8,725,0.69,9,1999,0.13,4,1205,0.26
2878,0,0.127,0.735,47,587,0.98,10,660,0.53,16,477,1.2,6,602,0.62,23,687,0.95,1,614,0.13
10824,0,0.127,0.576,23,187,1.5,4,315,0.45,4,399,0.36,1,490,0.13,14,581,0.68,3,691,0.34
32306,0,0.127,0.604,36,454,0.97,9,601,0.53,10,588,0.61,12,783,0.95,17,1096,0.44,2,1232,0.13
24418,0,0.126,1.911,14,303,0.56,2,406,0.17,2,571,0.13,5,524,0.59,44,127,9.79,3,1082,0.22
13811,0,0.126,0.653,36,837,0.52,25,738,1.2,6,646,0.33,7,709,0.61,20,502,1.13,1,622,0.13
14764,0,0.125,0.621,88,1053,1.02,5,1409,0.13,52,1699,1.1,10,2178,0.29,38,1616,0.66,16,2347,0.53
20834,0,0.125,0.82,36,489,0.9,12,524,0.81,13,389,1.2,1,498,0.13,32,552,1.64,2,617,0.25
24290,0,0.125,0.813,95,595,1.95,12,936,0.45,63,1367,1.65,16,2634,0.38,49,4285,0.32,5,3123,0.13
5960,0,0.125,0.499,51,456,1.36,9,557,0.57,7,848,0.3,6,1223,0.31,31,2644,0.33,3,1876,0.12
16577,0,0.125,0.439,6,124,0.59,4,124,1.14,1,242,0.15,2,285,0.44,3,679,0.12,1,404,0.19
10684,0,0.125,0.477,25,255,1.2,3,353,0.3,5,347,0.52,1,499,0.12,11,931,0.33,4,793,0.39
10602,0,0.125,0.812,27,178,1.85,1,283,0.12,10,393,0.91,6,503,0.74,10,797,0.35,12,1053,0.89
30541,0,0.124,0.551,48,598,0.98,10,861,0.41,13,897,0.52,11,1212,0.57,47,1871,0.71,3,1884,0.12
29830,0,0.124,0.455,17,159,1.3,3,198,0.53,1,289,0.12,1,399,0.16,4,764,0.15,4,676,0.46
11871,0,0.124,2.681,53,809,0.8,52,1241,1.48,1,289,0.12,19,573,2.07,13,44,8.35,59,1410,3.27
26921,0,0.124,0.567,11,130,1.03,9,234,1.36,2,453,0.16,4,755,0.33,36,2531,0.4,2,1260,0.12
28390,0,0.124,0.884,75,853,1.07,53,992,1.89,32,1067,1.08,8,1294,0.39,43,1602,0.76,2,1260,0.12
15284,0,0.124,2.469,527,6453,1.0,559,13561,1.46,8,2316,0.12,95,5451,1.09,214,712,8.49,586,17214,2.66
21004,0,0.124,0.646,59,552,1.3,15,763,0.69,9,1323,0.24,2,1006,0.12,76,1649,1.3,4,1496,0.21
1033,0,0.124,0.902,18,218,1.01,21,328,2.26,21,487,1.55,4,1386,0.18,45,4346,0.29,4,2525,0.12
17266,0,0.123,0.401,28,525,0.65,12,505,0.84,7,888,0.28,6,1062,0.35,14,2534,0.16,2,1265,0.12
629,0,0.123,1.128,13,132,1.2,14,209,2.37,1,291,0.12,9,366,1.53,7,598,0.33,8,514,1.22
15952,0,0.123,0.749,54,1113,0.59,17,1704,0.35,3,874,0.12,42,852,3.07,4,504,0.22,5,2901,0.13
28513,0,0.123,1.341,304,830,4.47,44,1935,0.8,28,589,1.7,7,1050,0.42,24,1274,0.53,2,1269,0.12
24161,0,0.123,1.132,7,251,0.34,1,287,0.12,3,292,0.37,36,433,5.18,5,316,0.45,4,926,0.34
14071,0,0.123,0.504,122,1424,1.04,28,1916,0.52,61,2647,0.83,19,4711,0.25,98,10592,0.26,9,5714,0.12
21968,0,0.123,0.605,29,424,0.83,37,764,1.71,4,1167,0.12,3,1273,0.15,70,2933,0.67,5,2789,0.14
14613,0,0.123,0.606,33,180,2.24,4,279,0.51,1,292,0.12,1,438,0.14,6,1048,0.16,4,672,0.46
2208,0,0.123,0.583,175,1535,1.39,21,2048,0.36,74,2770,0.96,22,3485,0.39,86,8943,0.27,9,5728,0.12
29313,0,0.123,0.739,9,170,0.65,2,193,0.37,9,294,1.1,6,331,1.13,16,421,1.07,1,637,0.12
3705,0,0.122,0.513,15,104,1.76,2,146,0.48,2,256,0.28,1,512,0.12,6,580,0.29,1,549,0.14
12880,0,0.121,1.67,4,214,0.23,1,291,0.12,8,244,1.18,6,263,1.42,39,178,6.19,2,177,0.88
23101,0,0.121,1.148,4,54,0.9,4,89,1.59,4,130,1.1,6,226,1.65,2,466,0.12,6,308,1.52
614,0,0.121,0.449,31,517,0.73,14,574,0.86,3,892,0.12,4,1046,0.24,21,2541,0.23,11,1687,0.51
18450,0,0.12,0.484,107,1142,1.14,24,1486,0.57,25,1763,0.51,6,3105,0.12,74,7645,0.27,18,4873,0.29
12228,0,0.12,0.439,75,1185,0.77,15,1374,0.39,12,1515,0.28,17,1623,0.65,43,2893,0.42,4,2597,0.12
4925,0,0.12,1.353,11,130,1.03,18,133,4.78,1,137,0.26,1,518,0.12,4,748,0.15,15,661,1.77
27907,0,0.119,0.735,23,238,1.18,6,319,0.66,13,389,1.2,6,504,0.74,4,946,0.12,6,922,0.51
9822,0,0.119,0.545,71,974,0.89,33,1184,0.98,28,2507,0.4,18,3139,0.36,131,7102,0.52,9,5885,0.12
31802,0,0.119,0.569,28,339,1.01,9,546,0.58,14,688,0.73,9,780,0.72,16,1745,0.26,2,1309,0.12
4135,0,0.119,1.152,3,153,0.24,1,263,0.13,14,304,1.65,1,270,0.23,31,193,4.54,1,656,0.12
9627,0,0.119,0.593,20,196,1.24,3,256,0.41,10,324,1.11,2,372,0.33,10,826,0.34,1,657,0.12
14380,0,0.119,0.438,121,1829,0.81,80,2695,1.05,12,3622,0.12,15,3979,0.23,103,12309,0.24,18,7794,0.18
14122,0,0.118,0.319,8,626,0.16,15,829,0.64,16,1142,0.5,6,1040,0.36,2,478,0.12,2,1128,0.14
12525,0,0.118,0.635,53,810,0.8,26,705,1.3,4,414,0.35,1,527,0.12,13,346,1.06,1,427,0.18
9432,0,0.118,2.079,229,2653,1.05,173,3688,1.66,3,913,0.12,31,1257,1.54,4,30,3.77,60,1078,4.35
13082,0,0.117,0.945,1,104,0.12,6,170,1.25,2,153,0.47,2,140,0.89,8,82,2.76,1,405,0.19
8079,0,0.117,0.469,18,239,0.92,1,303,0.12,4,448,0.32,3,515,0.36,19,921,0.58,6,912,0.51
8788,0,0.116,2.132,6,347,0.21,2,400,0.18,11,497,0.79,16,606,1.64,76,218,9.85,2,1342,0.12
18370,0,0.116,0.598,30,235,1.56,11,449,0.87,6,591,0.36,3,707,0.26,31,2081,0.42,2,1347,0.12
27290,0,0.116,1.31,136,1657,1.0,72,2317,1.1,35,1420,0.88,3,1613,0.12,133,1429,2.63,50,1829,2.13
17950,0,0.116,0.463,8,99,0.99,1,160,0.22,2,270,0.27,4,357,0.7,11,628,0.49,1,675,0.12
23576,0,0.116,0.625,69,632,1.33,34,928,1.29,6,1274,0.17,4,1253,0.2,64,2807,0.64,3,2027,0.12
14668,0,0.116,0.584,44,612,0.88,20,858,0.82,10,803,0.45,16,1100,0.91,20,1685,0.34,2,1352,0.12
11154,0,0.115,0.667,57,394,1.76,16,572,0.99,8,590,0.49,6,902,0.41,16,1904,0.24,2,1353,0.12
26780,0,0.115,0.616,9,202,0.54,19,267,2.51,3,417,0.26,1,528,0.12,5,959,0.15,1,677,0.12
4172,0,0.115,0.443,43,955,0.55,36,1285,0.99,4,1246,0.12,8,1301,0.38,16,1831,0.25,10,2092,0.37
5310,0,0.115,2.789,25,378,0.81,16,925,0.61,6,533,0.4,1,542,0.11,13,31,11.85,17,450,2.95
1099,0,0.115,0.928,35,815,0.52,12,1069,0.4,1,312,0.11,6,386,0.97,14,144,2.75,4,383,0.82
21857,0,0.115,0.634,22,198,1.35,3,343,0.31,1,312,0.11,8,454,1.1,10,865,0.33,6,783,0.6
16897,0,0.115,1.023,71,837,1.03,34,1012,1.19,32,622,1.84,7,846,0.52,38,745,1.44,1,680,0.11
20045,0,0.115,0.498,80,1180,0.83,51,1667,1.08,6,1878,0.11,13,2417,0.33,37,3238,0.32,12,3012,0.31
359,0,0.114,0.791,23,436,0.64,3,454,0.23,1,314,0.11,4,641,0.39,14,278,1.42,28,1125,1.94
19743,0,0.114,0.369,23,354,0.79,3,391,0.27,3,421,0.26,2,464,0.27,13,716,0.51,1,684,0.11
5365,0,0.114,0.598,159,1948,1.0,71,2550,0.98,10,3142,0.11,49,3404,0.9,65,5098,0.36,16,5211,0.24
25760,0,0.114,0.356,24,291,1.01,5,459,0.38,2,507,0.14,1,546,0.11,13,1357,0.27,3,1081,0.22
24799,0,0.114,0.443,59,787,0.91,15,1141,0.46,13,1428,0.33,21,1849,0.71,14,3470,0.11,4,2329,0.13
32503,0,0.114,1.044,26,253,1.25,2,402,0.18,37,512,2.59,13,625,1.3,12,406,0.84,1,685,0.11
21118,0,0.114,0.306,50,1596,0.38,49,2793,0.62,6,1891,0.11,5,1380,0.23,48,4373,0.31,5,2119,0.18
29382,0,0.114,0.52,31,713,0.53,6,610,0.35,15,636,0.85,5,671,0.46,25,862,0.82,1,687,0.11
32620,0,0.113,0.631,11,353,0.38,2,400,0.18,3,347,0.31,1,549,0.11,14,271,1.46,18,1044,1.35
17246,0,0.113,4.133,2809,40890,0.84,3090,77229,1.41,14,4453,0.11,540,14495,2.32,34,77,12.48,1692,17300,7.64
24739,0,0.113,1.241,53,555,1.16,15,1077,0.49,6,869,0.25,2,1106,0.11,53,355,4.22,25,1609,1.21
31099,0,0.112,0.553,25,339,0.9,22,427,1.82,4,1279,0.11,3,1040,0.18,23,3952,0.16,4,2176,0.14
6474,0,0.112,0.41,144,2030,0.86,57,2845,0.71,5,522,0.34,2,1113,0.11,2,248,0.23,6,2307,0.2
30310,0,0.112,0.636,1,109,0.11,2,111,0.64,2,114,0.63,3,211,0.89,10,356,0.79,2,205,0.76
3774,0,0.112,0.571,29,209,1.69,6,277,0.76,4,407,0.35,1,557,0.11,18,1428,0.36,2,1034,0.15
30375,0,0.112,0.979,33,190,2.12,1,316,0.11,20,374,1.92,7,385,1.13,7,452,0.44,1,488,0.16
8955,0,0.112,1.33,56,305,2.24,4,1265,0.11,1,194,0.18,7,213,2.05,6,70,2.42,5,400,0.98
31999,0,0.111,0.597,49,526,1.14,22,841,0.92,32,1268,0.9,5,2793,0.11,71,6543,0.31,10,3900,0.2
27495,0,0.111,0.457,52,651,0.97,28,856,1.15,4,1287,0.11,4,1554,0.16,22,3157,0.2,4,2134,0.15
21465,0,0.111,1.287,5,186,0.33,1,317,0.11,11,171,2.31,5,164,1.9,9,87,2.92,1,505,0.15
30775,0,0.111,1.536,3,126,0.29,1,255,0.14,1,322,0.11,2,340,0.37,26,91,8.07,2,671,0.23
31868,0,0.111,0.728,60,1041,0.7,96,1684,2.01,9,2918,0.11,52,3622,0.89,102,5588,0.52,11,6646,0.13
5646,0,0.11,0.609,34,253,1.64,12,359,1.18,2,369,0.19,1,564,0.11,11,1148,0.27,3,907,0.26
29985,0,0.11,0.459,105,1813,0.71,14,1378,0.36,23,973,0.85,2,1129,0.11,31,1410,0.62,1,691,0.11
2992,0,0.11,0.698,61,999,0.74,54,1178,1.62,4,1301,0.11,16,1419,0.7,40,2046,0.55,13,2214,0.46
200,0,0.11,0.47,35,413,1.03,9,494,0.64,2,652,0.11,5,763,0.41,13,1537,0.24,5,1009,0.39
2393,0,0.11,0.962,41,326,1.53,5,485,0.36,30,501,2.15,13,599,1.35,7,737,0.27,1,710,0.11
26657,0,0.11,0.403,134,1659,0.98,43,1922,0.79,12,1877,0.23,6,2094,0.18,20,4469,0.13,4,2842,0.11
9610,0,0.11,0.549,28,208,1.64,6,289,0.73,4,317,0.45,1,502,0.12,9,1082,0.24,1,713,0.11
23588,0,0.109,0.556,24,197,1.49,7,420,0.59,4,427,0.34,1,570,0.11,29,1222,0.67,2,1049,0.15
19859,0,0.109,0.559,36,468,0.94,12,548,0.77,10,665,0.54,8,992,0.5,31,1778,0.49,2,1435,0.11
10050,0,0.109,0.494,72,1135,0.77,19,1330,0.5,4,1318,0.11,21,1558,0.84,27,1851,0.41,12,2883,0.32
6704,0,0.109,0.791,408,6343,0.78,365,7941,1.62,17,5615,0.11,125,5931,1.31,76,4520,0.48,44,7810,0.44
18158,0,0.108,0.664,41,194,2.58,1,326,0.11,5,359,0.5,1,509,0.12,17,1537,0.31,4,862,0.36
24883,0,0.108,0.617,104,676,1.88,24,1328,0.64,11,2488,0.16,29,2317,0.78,22,4413,0.14,7,5050,0.11
27549,0,0.108,0.551,43,803,0.65,36,1082,1.17,10,1902,0.19,11,2128,0.32,127,4173,0.86,6,4332,0.11
31832,0,0.108,0.508,17,147,1.41,3,260,0.41,6,295,0.73,1,546,0.11,3,785,0.11,2,554,0.28
28327,0,0.108,0.939,23,936,0.3,17,387,1.55,2,665,0.11,24,850,1.76,15,322,1.32,5,649,0.6
13097,0,0.108,0.25,5,167,0.37,3,341,0.31,3,396,0.27,1,578,0.11,4,555,0.2,2,651,0.24
22516,0,0.108,0.599,137,1061,1.57,27,1427,0.67,44,1968,0.8,15,3286,0.28,39,6892,0.16,5,3630,0.11
10399,0,0.107,0.63,47,356,1.61,22,614,1.27,2,668,0.11,5,942,0.33,30,3097,0.27,4,1631,0.19
6572,0,0.107,0.766,17,347,0.6,2,661,0.11,18,407,1.59,1,481,0.13,16,255,1.77,5,962,0.41
17616,0,0.107,0.58,85,799,1.3,36,1378,0.92,14,1468,0.34,3,1749,0.11,66,4892,0.38,17,3100,0.43
31193,0,0.107,1.099,34,389,1.07,11,570,0.68,1,336,0.11,8,438,1.14,18,210,2.42,10,663,1.18
6941,0,0.107,0.454,94,1352,0.85,15,1495,0.35,8,558,0.51,7,894,0.49,1,265,0.11,5,938,0.42
18180,0,0.106,0.686,31,142,2.66,1,255,0.14,4,263,0.55,1,384,0.16,5,1328,0.11,4,625,0.5
19888,0,0.106,0.423,33,244,1.65,2,342,0.21,1,337,0.11,1,562,0.11,18,1695,0.3,2,931,0.17
10880,0,0.106,0.531,51,380,1.64,4,518,0.27,14,620,0.81,4,1111,0.22,13,2671,0.14,2,1472,0.11
23989,0,0.105,0.519,17,251,0.83,4,224,0.63,8,330,0.87,2,254,0.49,1,268,0.11,1,405,0.19
19880,0,0.105,0.532,35,276,1.55,1,335,0.11,3,351,0.31,7,560,0.78,7,1082,0.18,3,852,0.27
20297,0,0.105,0.776,23,219,1.28,1,335,0.11,28,468,2.14,7,608,0.72,10,1024,0.28,1,580,0.13
6834,0,0.105,0.477,131,1758,0.91,78,2659,1.04,10,3419,0.1,16,3383,0.29,86,6912,0.35,13,6129,0.17
6903,0,0.105,0.888,46,761,0.74,13,980,0.47,2,684,0.1,40,775,3.21,8,456,0.5,9,2266,0.31
12538,0,0.105,0.744,297,4113,0.88,197,5171,1.35,171,5989,1.02,29,6880,0.26,292,9720,0.85,12,8954,0.1
18337,0,0.104,0.48,61,1133,0.66,44,1507,1.03,5,1718,0.1,21,2070,0.63,39,3237,0.34,4,2653,0.12
3180,0,0.104,0.587,35,279,1.53,4,488,0.29,8,431,0.67,1,597,0.1,5,777,0.18,8,830,0.75
11089,0,0.104,1.037,170,5549,0.37,95,5636,0.6,13,4480,0.1,35,6384,0.34,418,3254,3.63,175,11602,1.18
9123,0,0.104,0.714,107,2219,0.59,63,2823,0.79,8,2761,0.1,66,2807,1.46,90,2649,0.96,25,5102,0.38
11669,0,0.104,0.624,162,1520,1.3,39,1715,0.8,25,3598,0.25,77,4146,1.16,47,10196,0.13,10,7525,0.1
8468,0,0.104,0.588,62,383,1.97,3,515,0.21,12,650,0.66,6,861,0.43,11,2116,0.15,2,1506,0.1
4731,0,0.104,0.541,36,373,1.18,12,477,0.89,2,692,0.1,4,707,0.35,30,1408,0.6,2,1258,0.12
15816,0,0.103,0.963,40,950,0.51,5,1437,0.12,5,892,0.2,57,825,4.3,14,744,0.53,4,3023,0.1
32739,0,0.103,0.691,109,634,2.1,13,875,0.52,5,1024,0.18,15,1058,0.88,16,1251,0.36,2,1512,0.1
26105,0,0.103,0.454,18,263,0.83,4,323,0.44,4,247,0.58,5,481,0.65,3,821,0.1,1,642,0.12
13504,0,0.103,0.416,52,467,1.36,7,647,0.38,2,696,0.1,3,1082,0.17,12,2110,0.16,6,1468,0.32
1118,0,0.103,0.712,33,210,1.92,7,345,0.72,10,388,0.92,2,541,0.23,15,1108,0.38,1,758,0.1
20445,0,0.103,0.39,42,674,0.76,23,1198,0.68,4,1393,0.1,6,1518,0.25,47,4383,0.3,10,3104,0.25
12531,0,0.103,0.487,11,277,0.48,1,343,0.1,1,214,0.17,7,354,1.23,3,278,0.3,5,618,0.63
668,0,0.103,1.565,38,71,6.53,1,111,0.32,10,227,1.58,1,136,0.46,1,275,0.1,1,191,0.41
21468,0,0.103,0.667,98,939,1.27,41,1086,1.33,13,1128,0.41,9,1035,0.54,24,2007,0.34,2,1522,0.1
5847,0,0.102,0.772,897,12719,0.86,175,11981,0.52,113,14465,0.28,27,16435,0.1,1351,14062,2.71,87,42457,0.16
8492,0,0.102,1.761,56,1225,0.56,60,1895,1.12,1,351,0.1,17,616,1.72,6,56,3.03,45,869,4.04
27720,0,0.101,0.666,22,371,0.72,4,431,0.33,2,323,0.22,1,614,0.1,8,254,0.89,25,1129,1.73
19437,0,0.101,0.627,22,219,1.22,4,281,0.5,1,354,0.1,4,416,0.6,6,468,0.36,8,642,0.97
20215,0,0.101,0.564,76,1376,0.67,35,1735,0.71,11,2183,0.18,28,2193,0.8,77,2354,0.92,5,3882,0.1
2241,0,0.1,0.496,113,1823,0.76,74,2790,0.94,11,3927,0.1,40,4583,0.54,135,8580,0.44,21,8364,0.2
21293,0,0.1,0.684,89,838,1.29,42,988,1.5,15,1721,0.31,5,3102,0.1,75,6143,0.35,33,4678,0.55
20381,0,0.1,0.841,167,1178,1.73,5,1760,0.1,88,2304,1.37,23,2193,0.65,48,1611,0.84,6,1333,0.35
16133,0,0.1,0.884,84,434,2.36,18,672,0.95,21,2010,0.37,3,1866,0.1,96,2024,1.34,13,5476,0.19
937,0,0.1,0.635,88,708,1.52,24,1052,0.81,14,1410,0.36,13,1194,0.68,37,2930,0.36,3,2343,0.1
28765,0,0.1,1.198,59,132,5.45,2,197,0.36,2,264,0.27,1,625,0.1,28,1136,0.7,1,249,0.31
4981,0,0.1,0.53,30,224,1.63,8,317,0.89,1,360,0.1,2,602,0.21,8,1400,0.16,2,830,0.19
16258,0,0.1,0.589,30,212,1.73,3,325,0.33,1,360,0.1,4,496,0.5,12,718,0.47,4,762,0.41
32665,0,0.1,0.477,170,4106,0.5,128,5156,0.88,16,5762,0.1,66,5460,0.75,150,8677,0.49,16,8901,0.14
24697,0,0.099,0.906,85,879,1.18,61,1137,1.89,65,1735,1.34,11,1879,0.36,36,1831,0.56,2,1576,0.1
20672,0,0.099,0.591,57,609,1.14,14,842,0.59,16,886,0.65,14,1178,0.74,22,1880,0.33,2,1582,0.1
19071,0,0.099,0.815,16,478,0.41,5,653,0.27,4,657,0.22,34,574,3.69,5,691,0.2,3,2376,0.1
15730,0,0.098,1.277,29,204,1.73,5,240,0.74,1,364,0.1,1,506,0.12,28,221,3.58,11,617,1.39
26897,0,0.098,1.941,8,232,0.42,2,247,0.29,1,364,0.1,1,349,0.18,38,106,10.13,6,879,0.53
26175,0,0.098,0.578,235,3562,0.8,115,5239,0.78,8,732,0.39,3,1899,0.1,11,469,0.66,50,5291,0.74
25242,0,0.098,1.982,145,2264,0.78,114,3379,1.19,2,729,0.1,21,1404,0.93,7,31,6.38,58,1804,2.51
17607,0,0.098,0.682,42,330,1.55,4,501,0.28,25,630,1.42,9,983,0.57,14,2368,0.17,2,1589,0.1
13813,0,0.098,0.788,33,270,1.49,12,415,1.02,9,398,0.81,4,479,0.52,3,864,0.1,7,695,0.79
14078,0,0.098,0.632,15,226,0.81,17,405,1.48,4,613,0.23,2,614,0.2,58,1702,0.96,2,1592,0.1
19571,0,0.098,1.072,5,180,0.34,1,360,0.1,12,379,1.14,3,335,0.56,28,193,4.1,2,767,0.2
12290,0,0.098,0.459,59,711,1.01,15,1167,0.45,3,650,0.17,3,772,0.24,16,577,0.78,1,798,0.1
10463,0,0.098,0.529,25,255,1.2,6,406,0.52,4,459,0.31,2,500,0.25,22,777,0.8,1,799,0.1
22053,0,0.098,1.455,7,319,0.27,1,362,0.1,21,352,2.14,10,343,1.82,46,389,3.34,5,366,1.07
8369,0,0.098,0.864,13,287,0.55,1,362,0.1,7,250,1.0,3,246,0.76,10,157,1.8,4,322,0.97
16614,0,0.097,0.372,13,219,0.72,4,343,0.41,3,469,0.23,1,639,0.1,17,793,0.61,2,970,0.16
26700,0,0.097,0.634,24,258,1.13,6,328,0.65,1,368,0.1,13,485,1.67,3,866,0.1,2,965,0.16
13550,0,0.097,0.431,89,1116,0.97,26,1573,0.58,4,1473,0.1,17,2286,0.46,15,3514,0.12,11,2454,0.35
32527,0,0.097,0.521,153,1084,1.72,23,1442,0.56,15,1851,0.29,8,2349,0.21,18,5227,0.1,8,2596,0.24
6150,0,0.097,0.647,71,355,2.44,3,759,0.14,16,1002,0.57,2,1282,0.1,47,3180,0.42,4,1456,0.21
10121,0,0.097,1.426,37,762,0.59,5,800,0.22,2,742,0.1,5,952,0.33,68,300,6.41,19,1619,0.92
27297,0,0.096,0.671,25,218,1.4,21,455,1.63,5,409,0.44,1,648,0.1,17,1608,0.3,2,950,0.16
12008,0,0.096,1.443,14,250,0.68,5,333,0.53,1,373,0.1,1,435,0.14,38,163,6.59,6,755,0.62
8310,0,0.096,0.428,16,336,0.58,9,470,0.68,4,549,0.26,7,542,0.8,4,762,0.15,1,813,0.1
7271,0,0.096,0.47,207,3675,0.69,118,5549,0.75,13,4853,0.1,66,5124,0.8,97,7636,0.36,12,7366,0.13
28901,0,0.096,0.742,42,174,2.94,1,368,0.1,3,387,0.28,3,458,0.41,17,1145,0.42,3,763,0.31
30443,0,0.096,0.215,8,380,0.26,12,957,0.44,3,1125,0.1,2,691,0.18,21,4233,0.14,4,1808,0.17
26301,0,0.096,0.382,94,1191,0.96,37,2159,0.61,7,2088,0.12,4,2606,0.1,60,6202,0.27,13,4262,0.24
511,0,0.095,1.673,194,505,4.68,35,2260,0.55,2,751,0.1,13,1246,0.65,3,36,2.35,57,2605,1.71
7561,0,0.095,0.557,18,173,1.27,9,326,0.97,9,567,0.57,2,1311,0.1,38,3263,0.33,3,2239,0.1
19527,0,0.095,0.688,30,188,1.95,8,259,1.09,1,379,0.09,5,534,0.58,10,1237,0.23,2,832,0.19
28099,0,0.094,0.304,60,3022,0.24,20,2325,0.3,63,3781,0.6,8,5277,0.09,35,3248,0.3,6,1666,0.28
24957,0,0.094,1.227,3,96,0.38,1,249,0.14,1,380,0.09,2,424,0.29,29,129,6.35,1,818,0.1
22435,0,0.094,1.079,12,632,0.23,3,876,0.12,2,761,0.09,62,697,5.54,2,583,0.1,13,2597,0.39
13600,0,0.094,0.409,234,9922,0.29,67,12730,0.19,20,7614,0.09,134,6714,1.24,40,3650,0.31,42,9859,0.33
21900,0,0.094,1.577,31,338,1.12,3,281,0.38,1,381,0.09,2,434,0.29,23,102,6.37,11,709,1.21
469,0,0.094,0.68,20,145,1.68,6,323,0.66,2,357,0.2,3,358,0.52,18,551,0.92,1,832,0.09
17487,0,0.094,0.646,58,583,1.21,52,846,2.17,5,1915,0.09,4,2371,0.11,38,8691,0.12,6,2788,0.17
14089,0,0.094,0.472,76,611,1.52,11,833,0.47,8,832,0.34,6,1651,0.23,21,3219,0.18,2,1669,0.09
27058,0,0.093,0.399,157,2023,0.95,30,2524,0.42,7,2686,0.09,21,3473,0.38,61,5611,0.31,16,4967,0.25
9611,0,0.093,1.158,140,1691,1.01,9,3410,0.09,110,2507,1.57,20,3002,0.41,181,1716,2.98,65,5770,0.88
28285,0,0.093,0.68,51,401,1.55,7,493,0.5,8,453,0.63,1,669,0.09,11,266,1.17,2,1153,0.14
6705,0,0.093,0.499,31,253,1.49,2,308,0.23,7,389,0.65,4,624,0.4,7,1489,0.13,1,842,0.09
15825,0,0.093,0.685,48,575,1.02,1,381,0.09,15,592,0.91,7,549,0.79,40,965,1.17,1,621,0.13
27747,0,0.092,0.449,66,629,1.28,23,1057,0.77,10,1391,0.26,4,2182,0.11,38,5927,0.18,4,3391,0.09
16997,0,0.092,0.831,29,231,1.53,1,385,0.09,19,450,1.51,8,563,0.89,11,685,0.45,6,913,0.51
836,0,0.091,0.376,26,530,0.6,20,816,0.87,4,1281,0.11,8,1155,0.43,29,5135,0.16,3,2561,0.09
2854,0,0.091,0.673,55,1442,0.47,58,1543,1.33,8,2526,0.11,70,2677,1.63,59,4055,0.41,7,6018,0.09
22431,0,0.091,1.196,31,209,1.81,1,389,0.09,32,334,3.43,8,460,1.08,8,507,0.45,2,499,0.31
19537,0,0.091,0.6,41,219,2.28,5,303,0.58,2,361,0.2,1,687,0.09,11,1650,0.19,3,912,0.26
18839,0,0.09,0.841,21,738,0.35,9,914,0.35,5,1346,0.13,72,1153,3.89,12,1423,0.24,5,4321,0.09
19135,0,0.09,0.606,28,207,1.65,8,293,0.96,5,402,0.45,2,473,0.26,10,1257,0.22,1,865,0.09
1842,0,0.09,0.629,82,543,1.84,2,785,0.09,21,1056,0.71,10,1304,0.48,42,2447,0.49,5,2333,0.17
22865,0,0.09,0.577,19,218,1.06,1,394,0.09,4,247,0.58,5,407,0.77,4,461,0.25,4,433,0.72
4964,0,0.09,0.512,36,422,1.04,23,644,1.26,4,816,0.18,4,1067,0.23,26,2705,0.27,2,1743,0.09
18040,0,0.089,0.493,54,828,0.8,24,1198,0.71,3,1203,0.09,8,1158,0.43,18,1027,0.5,8,1425,0.44
10814,0,0.089,0.645,8,148,0.66,12,195,2.17,1,401,0.09,2,446,0.28,20,1180,0.48,2,827,0.19
31439,0,0.089,0.447,31,325,1.16,4,372,0.38,3,391,0.28,6,646,0.58,8,1148,0.2,1,874,0.09
8888,0,0.089,0.572,75,575,1.59,22,1022,0.76,27,1460,0.66,9,3671,0.15,47,7511,0.18,4,3499,0.09
27307,0,0.089,0.546,43,525,1.0,12,490,0.86,4,430,0.33,1,498,0.13,26,851,0.86,1,877,0.09
3651,0,0.089,1.689,8,204,0.48,3,228,0.46,1,403,0.09,56,391,8.92,2,596,0.09,2,1744,0.09
17426,0,0.089,0.492,40,594,0.82,18,571,1.11,4,1612,0.09,8,1589,0.31,66,4679,0.4,11,3966,0.22
29410,0,0.089,0.546,52,888,0.71,7,638,0.39,20,713,1.01,1,701,0.09,25,879,0.8,2,560,0.28
3520,0,0.089,1.014,17,315,0.66,4,1471,0.1,1,404,0.09,73,969,4.69,10,637,0.44,1,730,0.11
852,0,0.089,1.348,172,772,2.72,5,1991,0.09,39,966,1.45,16,622,1.6,19,949,0.57,12,561,1.67
18734,0,0.089,0.708,22,286,0.94,11,418,0.93,8,419,0.68,9,523,1.07,13,688,0.53,1,882,0.09
2828,0,0.088,0.513,114,1108,1.25,52,1928,0.95,19,2323,0.29,5,2836,0.11,102,7624,0.38,5,4415,0.09
32630,0,0.088,0.709,39,210,2.26,10,296,1.19,2,390,0.18,2,554,0.22,18,1704,0.3,1,886,0.09
24052,0,0.088,1.028,7,147,0.58,16,249,2.27,1,407,0.09,8,276,1.81,3,350,0.24,9,594,1.18
6412,0,0.088,0.758,67,871,0.94,16,903,0.63,18,517,1.25,3,657,0.28,37,768,1.36,1,889,0.09
19878,0,0.088,0.681,98,1227,0.97,48,1936,0.88,3,1225,0.09,6,920,0.41,16,364,1.24,5,784,0.5
20092,0,0.088,0.648,43,551,0.95,57,1028,1.96,12,1575,0.27,10,2332,0.27,72,5842,0.35,4,3562,0.09
63,0,0.088,1.924,11,329,0.41,1,403,0.09,1,371,0.1,3,513,0.36,50,142,9.95,8,984,0.63
6415,0,0.088,0.749,104,840,1.51,20,1323,0.53,45,1470,1.1,25,1811,0.86,42,2935,0.4,3,2676,0.09
3701,0,0.087,1.458,97,281,4.21,7,2831,0.09,23,370,2.23,3,225,0.83,3,462,0.18,3,194,1.21
20691,0,0.087,0.428,33,330,1.22,7,619,0.4,1,413,0.09,3,611,0.31,16,1122,0.4,2,1034,0.15
24435,0,0.087,1.598,183,1219,1.83,5,1084,0.16,3,1241,0.09,16,1191,0.84,88,413,6.02,16,1929,0.65
4354,0,0.086,0.415,87,1042,1.02,27,1458,0.65,26,2371,0.39,8,3214,0.16,63,9610,0.19,6,5418,0.09
1618,0,0.086,0.857,171,4281,0.49,69,3169,0.77,8,3329,0.09,91,3225,1.76,129,2229,1.64,22,4246,0.4
11822,0,0.086,0.558,48,432,1.35,13,666,0.69,20,1184,0.61,7,1482,0.29,56,4946,0.32,4,3633,0.09
32282,0,0.086,0.463,29,273,1.3,5,336,0.53,8,636,0.45,5,1362,0.23,12,3950,0.09,4,1641,0.19
28841,0,0.086,0.206,22,780,0.34,14,1636,0.3,4,1305,0.11,2,789,0.16,36,4345,0.23,2,1823,0.09
21135,0,0.085,0.556,97,2341,0.51,57,3255,0.62,6,2517,0.09,44,2264,1.21,39,2501,0.44,16,2631,0.47
20344,0,0.085,0.59,277,3802,0.89,198,5204,1.34,15,6308,0.09,47,7143,0.41,193,9773,0.56,32,9752,0.26
20642,0,0.085,0.616,67,415,1.97,12,633,0.67,22,1115,0.71,3,1292,0.14,10,3325,0.08,4,2556,0.12
20111,0,0.085,0.699,49,386,1.55,4,588,0.24,50,1005,1.78,4,1080,0.23,26,2380,0.31,2,1840,0.08
2891,0,0.085,0.583,23,586,0.48,48,1041,1.63,9,1438,0.22,17,1597,0.66,47,3188,0.42,3,2765,0.08
14096,0,0.084,0.432,4,84,0.58,7,219,1.13,3,221,0.49,1,493,0.13,8,1221,0.19,1,926,0.08
7265,0,0.084,1.371,66,334,2.41,7,355,0.7,1,427,0.08,25,585,2.66,22,300,2.07,2,513,0.3
8682,0,0.084,1.43,53,1042,0.62,6,1275,0.17,2,858,0.08,11,1143,0.6,70,339,5.84,35,2143,1.28
22729,0,0.083,0.801,161,1824,1.08,148,2505,2.09,32,3324,0.35,56,4097,0.85,81,6336,0.36,7,6553,0.08
22783,0,0.083,1.008,241,1913,1.54,42,3666,0.4,45,1361,1.19,44,1256,2.18,19,818,0.66,1,939,0.08
15726,0,0.083,0.514,10,106,1.15,2,142,0.5,2,195,0.37,2,265,0.47,1,340,0.08,2,303,0.52
17721,0,0.082,0.832,83,289,3.5,10,362,0.98,1,435,0.08,1,665,0.09,14,2203,0.18,2,1000,0.16
25098,0,0.082,0.759,35,1133,0.38,11,1621,0.24,6,1126,0.19,52,1085,2.99,22,917,0.68,4,3807,0.08
20746,0,0.082,0.541,58,757,0.93,32,1114,1.01,10,1678,0.21,29,2231,0.81,37,5440,0.19,4,3823,0.08
31056,0,0.082,0.492,58,691,1.02,21,947,0.78,6,593,0.36,4,834,0.3,4,1385,0.08,5,965,0.4
31917,0,0.082,0.514,29,237,1.49,8,352,0.8,4,510,0.28,3,678,0.28,8,2771,0.08,2,1025,0.15
845,0,0.081,1.847,50,320,1.91,15,401,1.32,3,547,0.2,1,767,0.08,81,342,6.69,12,1056,0.89
1973,0,0.081,0.549,21,181,1.41,3,338,0.31,6,364,0.59,4,512,0.49,2,697,0.08,4,772,0.4
26974,0,0.081,0.529,92,1181,0.95,27,1364,0.7,10,2051,0.17,28,2064,0.84,54,3615,0.42,4,3854,0.08
18683,0,0.081,0.708,34,239,1.73,4,391,0.36,6,297,0.72,7,396,1.1,2,701,0.08,2,632,0.25
7737,0,0.081,0.717,82,685,1.46,16,814,0.69,40,1368,1.05,21,1647,0.79,26,3302,0.22,3,2908,0.08
6589,0,0.08,0.456,132,2368,0.68,10,1978,0.18,62,2486,0.89,5,1877,0.17,71,2727,0.74,1,971,0.08
100,0,0.08,0.818,1850,12873,1.75,238,20378,0.41,1228,26845,1.64,353,38468,0.57,849,53348,0.45,37,36041,0.08
10593,0,0.08,1.231,35,1900,0.22,250,2264,3.9,22,4419,0.18,6,4685,0.08,371,3637,2.88,19,12113,0.12
6727,0,0.079,1.069,33,957,0.42,85,851,3.53,2,904,0.08,6,1067,0.35,41,707,1.64,7,1371,0.4
27719,0,0.079,0.375,69,966,0.87,15,885,0.6,8,1436,0.2,12,2001,0.37,19,4103,0.13,3,2954,0.08
30358,0,0.079,0.303,129,17352,0.09,61,27207,0.08,133,17730,0.27,293,26922,0.68,55,6432,0.24,78,13180,0.46
23044,0,0.079,0.506,17,209,0.99,13,303,1.51,1,454,0.08,1,356,0.17,7,1172,0.17,1,749,0.1
8518,0,0.079,1.382,159,681,2.85,48,1041,1.63,32,673,1.7,25,908,1.71,14,1237,0.32,1,990,0.08
24976,0,0.079,0.805,29,303,1.17,1,448,0.08,16,684,0.84,8,731,0.68,33,600,1.55,11,1693,0.51
17206,0,0.079,1.319,355,2303,1.88,16,7174,0.08,24,1141,0.75,46,609,4.7,3,271,0.31,1,418,0.19
16104,0,0.079,1.742,1,155,0.08,3,147,0.72,1,39,0.92,2,73,1.71,1,26,1.09,7,92,5.94
31610,0,0.079,0.553,158,2304,0.84,43,2023,0.75,49,2041,0.86,9,2685,0.21,92,4476,0.58,3,2983,0.08
24566,0,0.078,0.505,101,1369,0.9,24,1431,0.59,1,457,0.08,2,499,0.25,4,203,0.56,13,1551,0.65
11915,0,0.078,1.063,18,667,0.33,20,765,0.92,1,457,0.08,21,1131,1.16,25,292,2.42,19,1008,1.47
32390,0,0.078,0.745,59,621,1.16,3,762,0.14,2,314,0.23,1,794,0.08,8,312,0.72,39,1423,2.14
2095,0,0.078,0.751,24,397,0.74,28,459,2.15,4,432,0.33,7,426,1.02,2,721,0.08,2,868,0.18
16796,0,0.078,1.84,57,832,0.84,11,984,0.39,1,458,0.08,12,405,1.85,28,107,7.39,3,478,0.49
18864,0,0.078,0.576,51,584,1.06,22,819,0.95,1,459,0.08,1,356,0.17,11,459,0.68,3,458,0.51
4792,0,0.078,1.492,77,847,1.11,5,1638,0.11,45,1439,1.12,13,1679,0.48,183,854,6.06,3,3002,0.08
30670,0,0.077,1.152,125,958,1.59,10,536,0.66,15,1559,0.34,2,1415,0.09,139,946,4.15,3,3039,0.08
1022,0,0.077,1.327,358,3872,1.13,287,5821,1.74,1,442,0.08,1,809,0.08,8,48,4.71,4,1374,0.23
11990,0,0.077,7.92,44,124,4.33,10,107,3.3,5,41,4.37,1,814,0.08,1,3,9.42,2,6,26.03
23662,0,0.076,0.646,26,310,1.02,1,465,0.08,6,317,0.68,6,560,0.67,11,962,0.32,9,633,1.11
24279,0,0.076,0.65,36,279,1.57,1,467,0.08,15,549,0.98,2,810,0.15,27,745,1.02,1,819,0.1
6438,0,0.075,0.526,33,570,0.71,19,1242,0.54,2,950,0.08,8,717,0.69,43,1869,0.65,7,1113,0.49
1651,0,0.075,1.224,37,824,0.55,4,1069,0.13,3,1407,0.08,2,1652,0.08,185,839,6.23,13,3620,0.28
18926,0,0.075,0.617,11,219,0.61,14,411,1.2,3,556,0.19,14,624,1.4,8,1013,0.22,1,1036,0.08
2195,0,0.075,0.683,56,210,3.25,1,282,0.13,1,340,0.11,4,721,0.35,5,1877,0.08,2,797,0.2
8358,0,0.075,0.525,64,763,1.02,8,1034,0.27,45,1387,1.16,13,2259,0.36,39,4266,0.26,3,3117,0.08
19481,0,0.075,1.573,123,1594,0.94,103,3304,1.1,1,479,0.07,12,703,1.06,1,15,1.88,19,339,4.38
27679,0,0.075,0.588,35,238,1.79,7,392,0.63,1,479,0.07,6,678,0.55,13,1883,0.2,4,1109,0.28
22671,0,0.074,1.123,18,352,0.62,1,475,0.07,1,293,0.12,1,425,0.15,17,102,4.71,9,663,1.06
6028,0,0.074,0.881,7,286,0.3,1,426,0.08,4,449,0.32,3,352,0.53,40,284,3.98,1,1051,0.07
4128,0,0.074,0.751,123,653,2.3,26,880,1.04,2,967,0.07,13,1136,0.71,8,1530,0.15,4,1341,0.23
1054,0,0.074,0.407,8,383,0.25,10,446,0.79,6,600,0.36,9,928,0.6,21,1651,0.36,1,1054,0.07
16375,0,0.074,1.124,41,615,0.81,18,735,0.86,61,921,2.37,20,1069,1.17,46,894,1.45,1,1058,0.07
23112,0,0.074,6.215,5,37,1.65,1,88,0.4,2,108,0.66,38,189,12.52,1,383,0.07,67,238,21.98
31813,0,0.073,0.473,30,291,1.26,5,533,0.33,9,568,0.57,1,848,0.07,27,1727,0.44,3,1411,0.17
13674,0,0.073,0.826,74,247,3.65,6,462,0.46,6,491,0.44,2,937,0.13,19,2693,0.2,1,1073,0.07
15166,0,0.072,0.784,16,883,0.22,4,759,0.19,7,670,0.37,1,865,0.07,68,626,3.07,18,1804,0.78
9670,0,0.072,0.491,48,306,1.91,4,502,0.28,3,580,0.19,1,866,0.07,31,2282,0.38,2,1390,0.11
6514,0,0.072,0.695,281,1469,2.33,31,2255,0.49,87,3852,0.81,22,5352,0.26,77,10230,0.21,5,5432,0.07
28593,0,0.072,1.49,175,264,8.08,5,585,0.3,3,1034,0.1,5,1192,0.26,13,5113,0.07,3,1963,0.12
3261,0,0.072,0.6,45,572,0.96,4,546,0.26,15,743,0.72,4,802,0.31,48,1063,1.28,1,1090,0.07
6420,0,0.072,0.724,18,135,1.63,2,199,0.35,5,207,0.87,3,281,0.66,1,395,0.07,4,410,0.76
1745,0,0.071,0.554,15,200,0.91,10,293,1.21,3,375,0.29,1,872,0.07,9,1421,0.18,9,1053,0.67
35,0,0.071,0.517,19,256,0.9,8,401,0.7,5,501,0.36,9,615,0.91,7,1297,0.15,1,1096,0.07
236,0,0.071,0.422,25,258,1.18,10,540,0.65,2,597,0.12,2,618,0.2,19,1762,0.3,1,1097,0.07
29373,0,0.071,0.832,19,787,0.29,2,994,0.07,4,1038,0.14,67,994,4.2,8,1417,0.16,6,3524,0.13
12056,0,0.071,0.422,11,196,0.68,3,282,0.38,4,506,0.28,10,624,1.0,4,1596,0.07,2,1332,0.12
6536,0,0.071,0.499,32,269,1.45,4,384,0.37,8,469,0.61,3,668,0.28,4,1599,0.07,3,1099,0.21
17110,0,0.07,1.007,110,773,1.74,83,795,3.69,6,1281,0.17,1,888,0.07,11,1060,0.29,1,889,0.09
10330,0,0.07,0.912,54,557,1.18,11,598,0.65,61,1065,2.05,14,1391,0.63,6,2436,0.07,22,1933,0.89
9561,0,0.07,0.452,20,252,0.97,5,455,0.39,7,453,0.55,3,582,0.32,18,1233,0.41,1,1122,0.07
18769,0,0.07,0.62,61,552,1.35,33,867,1.34,12,1070,0.4,3,1196,0.16,19,1333,0.4,1,1123,0.07
20047,0,0.069,0.752,13,112,1.42,6,151,1.4,4,216,0.66,2,234,0.53,1,408,0.07,2,365,0.43
25291,0,0.069,0.65,121,2974,0.5,23,2338,0.35,5,2598,0.07,6,2890,0.13,143,1631,2.48,21,4297,0.38
20803,0,0.069,1.225,8,40,2.44,2,45,1.57,5,78,2.3,1,287,0.22,1,410,0.07,3,308,0.76
12716,0,0.069,0.599,22,145,1.85,1,210,0.17,6,262,0.82,1,407,0.15,2,821,0.07,4,583,0.54
4566,0,0.069,0.438,100,1527,0.8,50,2116,0.83,5,2615,0.07,12,2789,0.27,107,5515,0.55,7,4943,0.11
19485,0,0.068,1.115,35,191,2.23,2,519,0.14,1,531,0.07,1,736,0.08,22,189,3.29,10,888,0.88
8041,0,0.068,0.993,188,1247,1.84,53,1416,1.32,87,1589,1.96,16,2034,0.49,40,4098,0.28,2,2313,0.07
14056,0,0.067,1.017,15,587,0.31,2,600,0.12,6,506,0.43,43,544,4.92,1,421,0.07,5,1534,0.25
20188,0,0.067,0.909,98,324,3.69,2,539,0.13,29,895,1.16,5,1028,0.3,10,4210,0.07,2,1526,0.1
20467,0,0.067,0.519,203,1485,1.67,32,1956,0.58,37,2763,0.48,10,4078,0.15,59,9842,0.17,5,5819,0.07
31520,0,0.067,0.982,7,226,0.38,37,318,4.11,1,536,0.07,3,698,0.27,12,455,0.75,4,959,0.33
3530,0,0.067,0.745,35,341,1.25,1,529,0.07,36,898,1.44,10,1049,0.59,32,1507,0.6,12,1806,0.52
13340,0,0.067,0.724,20,371,0.66,41,521,2.78,2,1075,0.07,3,1067,0.18,46,2548,0.51,5,2475,0.16
17514,0,0.067,0.547,144,1019,1.72,45,1490,1.07,4,1686,0.09,2,1868,0.07,49,6168,0.22,4,2734,0.11
778,0,0.067,1.981,245,295,10.13,3,1120,0.09,9,454,0.71,1,832,0.07,49,1706,0.81,1,1172,0.07
16239,0,0.066,0.488,22,317,0.85,9,446,0.71,1,546,0.07,4,689,0.36,20,1191,0.47,8,1330,0.47
20525,0,0.065,0.611,19,224,1.03,11,262,1.48,5,354,0.51,1,374,0.17,1,432,0.07,2,380,0.41
17256,0,0.065,0.59,50,348,1.75,9,539,0.59,10,591,0.61,5,882,0.35,11,1772,0.18,1,1195,0.07
6160,0,0.065,0.745,65,1294,0.61,64,2344,0.96,2,1098,0.07,7,1213,0.36,43,600,2.03,9,1589,0.44
23753,0,0.065,1.039,49,396,1.51,9,369,0.86,20,1057,0.68,12,993,0.75,135,1609,2.37,3,3617,0.06
4632,0,0.065,0.293,14,204,0.84,1,193,0.18,7,535,0.47,2,1237,0.1,8,3495,0.06,2,1495,0.1
19980,0,0.064,0.515,15,210,0.87,13,250,1.84,2,594,0.12,2,1849,0.07,9,3960,0.06,5,2931,0.13
31232,0,0.064,0.426,30,297,1.23,7,365,0.68,1,558,0.06,1,745,0.08,33,2140,0.44,1,1216,0.06
6981,0,0.064,0.568,75,604,1.51,31,926,1.18,2,1117,0.06,6,1352,0.28,29,3515,0.23,4,2265,0.14
1600,0,0.064,0.55,22,273,0.98,9,305,1.04,5,503,0.36,7,672,0.65,12,1633,0.21,1,1217,0.06
16226,0,0.064,0.455,26,338,0.94,14,498,0.99,1,560,0.06,3,955,0.2,13,1400,0.26,4,1134,0.28
28831,0,0.064,0.553,30,284,1.29,12,360,1.18,1,562,0.06,2,670,0.19,22,1572,0.4,3,1140,0.21
23357,0,0.064,0.978,18,1430,0.15,4,2218,0.06,5,1038,0.17,17,2555,0.41,217,1308,4.69,12,2508,0.37
20791,0,0.064,0.544,58,445,1.59,11,519,0.75,10,707,0.51,1,980,0.06,12,2084,0.16,3,1230,0.19
19586,0,0.064,1.867,102,643,1.93,42,632,2.35,2,1129,0.06,3,1413,0.13,242,1064,6.43,8,2093,0.3
487,0,0.063,0.94,89,266,4.08,6,475,0.45,3,1075,0.1,13,1224,0.66,8,3571,0.06,7,1871,0.29
12896,0,0.063,0.545,58,464,1.52,8,585,0.48,9,576,0.56,6,906,0.41,11,1374,0.23,1,1234,0.06
15052,0,0.063,1.358,2,386,0.06,10,449,0.79,1,140,0.26,2,256,0.49,7,66,3.0,19,417,3.56
14487,0,0.063,1.507,20,521,0.47,2,758,0.09,1,499,0.07,68,512,8.27,1,448,0.06,2,2036,0.08
30938,0,0.063,0.768,9,131,0.84,8,150,1.88,4,210,0.68,4,263,0.95,1,448,0.06,1,406,0.19
32392,0,0.062,0.446,43,408,1.29,6,420,0.5,8,619,0.46,1,999,0.06,20,2275,0.25,2,1357,0.12
21828,0,0.062,0.469,121,1657,0.89,27,2689,0.35,103,4044,0.91,35,7963,0.27,312,27497,0.32,11,13829,0.06
20355,0,0.062,0.571,51,380,1.64,11,415,0.94,7,507,0.49,2,1037,0.12,16,2586,0.17,1,1264,0.06
23553,0,0.062,0.556,23,333,0.84,11,551,0.7,10,631,0.57,11,713,0.96,10,1438,0.2,1,1269,0.06
29958,0,0.061,1.787,64,491,1.59,24,799,1.06,43,364,4.24,7,844,0.52,1,460,0.06,80,1918,3.26
701,0,0.061,0.894,544,7803,0.85,323,11238,1.01,12,7026,0.06,302,8238,2.28,65,2884,0.64,67,10143,0.52
24221,0,0.061,1.293,1327,22376,0.72,22,12703,0.06,857,21757,1.41,246,24137,0.63,1509,21885,1.95,478,12527,2.98
11128,0,0.061,0.523,19,255,0.91,13,334,1.37,6,564,0.38,2,661,0.19,16,2027,0.22,1,1278,0.06
20677,0,0.061,0.869,26,510,0.62,24,630,1.35,1,587,0.06,1,851,0.07,36,442,2.3,14,1351,0.81
23509,0,0.061,0.417,25,348,0.88,8,481,0.59,1,588,0.06,2,719,0.17,17,1816,0.26,8,1159,0.54
20903,0,0.061,0.559,4,180,0.27,4,267,0.53,1,475,0.08,1,454,0.14,45,558,2.28,1,1281,0.06
11269,0,0.061,0.751,147,808,2.22,6,1214,0.17,63,1677,1.35,20,3052,0.41,53,5009,0.3,2,2576,0.06
27792,0,0.06,1.016,110,268,5.0,5,324,0.54,2,285,0.25,1,616,0.1,3,1403,0.06,1,581,0.13
9994,0,0.06,0.246,10,640,0.19,3,646,0.16,4,583,0.25,4,577,0.43,1,468,0.06,3,608,0.39
17065,0,0.06,0.41,194,2005,1.18,29,2297,0.45,26,1756,0.53,8,3087,0.16,11,3688,0.08,2,2614,0.06
3057,0,0.06,1.055,142,1787,0.97,114,1718,2.34,52,1555,1.2,18,2357,0.48,63,1385,1.29,3,3931,0.06
3664,0,0.06,0.609,39,356,1.34,1,593,0.06,12,474,0.91,9,751,0.75,8,1186,0.19,5,937,0.42
22720,0,0.059,0.728,23,186,1.51,18,319,1.99,10,820,0.44,3,3145,0.06,72,6904,0.29,4,4105,0.08
23784,0,0.059,0.85,72,203,4.32,2,393,0.18,1,445,0.08,3,669,0.28,24,3898,0.17,1,1317,0.06
1909,0,0.058,1.0,28,542,0.63,7,649,0.38,1,614,0.06,3,776,0.24,58,429,3.82,16,1434,0.87
19578,0,0.058,0.36,15,186,0.98,5,398,0.44,1,531,0.07,2,636,0.2,27,1863,0.41,1,1344,0.06
11261,0,0.058,0.273,43,642,0.82,7,724,0.34,5,1256,0.14,3,3220,0.06,51,7107,0.2,4,3970,0.08
4747,0,0.058,1.874,11,328,0.41,2,368,0.19,1,620,0.06,3,629,0.3,54,157,9.72,10,1371,0.57
25003,0,0.057,0.7,45,661,0.83,43,887,1.71,9,1103,0.29,13,1150,0.7,25,1172,0.6,1,1367,0.06
20412,0,0.057,1.191,22,459,0.58,1,503,0.07,1,630,0.06,3,795,0.24,77,374,5.82,8,1628,0.38
27799,0,0.057,1.005,158,1127,1.71,3,1872,0.06,30,1000,1.08,29,666,2.71,4,815,0.14,3,692,0.34
21925,0,0.055,0.587,25,564,0.54,30,853,1.24,2,1292,0.06,6,1475,0.25,131,2721,1.36,3,3212,0.07
15893,0,0.055,0.857,78,554,1.72,8,868,0.33,40,967,1.48,20,1203,1.04,27,1443,0.53,1,1411,0.06
21267,0,0.055,0.581,131,1291,1.24,77,2032,1.34,14,2313,0.22,12,2819,0.27,96,7238,0.37,3,4261,0.05
12938,0,0.055,0.368,66,1180,0.68,15,1390,0.38,9,1499,0.22,18,1774,0.63,24,2802,0.24,2,2843,0.05
11546,0,0.055,0.483,65,892,0.89,32,1426,0.79,12,1985,0.22,20,2131,0.58,45,3516,0.36,2,2855,0.05
3355,0,0.055,0.522,34,359,1.15,14,454,1.09,12,704,0.61,2,2281,0.05,24,4188,0.16,2,2548,0.06
10362,0,0.054,0.57,336,2517,1.63,38,3725,0.36,131,5270,0.89,37,9141,0.25,175,21344,0.23,8,11531,0.05
14259,0,0.054,0.733,194,3479,0.68,9,4338,0.07,3,1997,0.05,61,4050,0.94,6,2003,0.08,235,7140,2.57
17986,0,0.053,0.244,65,2349,0.34,25,2952,0.3,6,4022,0.05,15,2775,0.34,55,7077,0.22,16,5677,0.22
19409,0,0.053,1.141,35,223,1.91,1,389,0.09,65,797,2.92,14,709,1.23,26,1156,0.64,1,1464,0.05
32003,0,0.053,0.412,2,458,0.05,3,523,0.2,5,429,0.42,3,419,0.45,2,222,0.25,7,499,1.1
413,0,0.053,0.439,10,113,1.08,2,133,0.53,4,295,0.49,2,334,0.37,2,1063,0.05,1,684,0.11
19032,0,0.053,0.768,73,1353,0.66,3,1360,0.08,1,463,0.08,1,1178,0.05,18,511,1.0,71,2019,2.75
7945,0,0.053,0.366,14,194,0.88,1,223,0.16,5,350,0.51,6,736,0.51,3,1610,0.05,1,915,0.09
6133,0,0.053,1.02,29,958,0.37,2,1345,0.05,5,1359,0.13,90,1102,5.09,16,1288,0.35,7,4192,0.13
26216,0,0.052,1.128,16,90,2.17,6,126,1.68,16,310,1.85,2,223,0.56,1,546,0.05,2,339,0.46
107,0,0.052,0.599,69,791,1.06,30,1130,0.94,32,1623,0.71,13,1792,0.45,47,3466,0.38,2,3024,0.05
4196,0,0.051,0.329,20,487,0.5,13,748,0.61,2,1402,0.05,15,1396,0.67,17,5402,0.09,2,3049,0.05
27421,0,0.051,0.512,28,714,0.48,54,1355,1.41,3,2113,0.05,6,1661,0.22,116,3831,0.86,3,4175,0.06
12017,0,0.051,0.421,18,167,1.31,2,222,0.32,5,316,0.57,1,1226,0.05,12,2810,0.12,3,1537,0.15
21951,0,0.051,0.414,47,538,1.07,10,559,0.63,8,965,0.3,7,1126,0.39,5,2791,0.05,1,1544,0.05
30063,0,0.05,0.419,37,499,0.9,13,670,0.69,4,898,0.16,1,1242,0.05,39,2875,0.38,8,1869,0.33
15927,0,0.05,0.785,38,480,0.97,68,809,2.97,2,844,0.08,10,1163,0.54,7,1903,0.1,1,1576,0.05
4788,0,0.049,0.292,16,290,0.67,6,422,0.5,2,591,0.12,3,740,0.25,2,1144,0.05,2,997,0.16
17088,0,0.049,0.7,6,43,1.7,2,120,0.59,5,153,1.17,2,414,0.3,2,1148,0.05,3,601,0.39
27119,0,0.049,0.474,135,1964,0.84,112,3232,1.22,6,4422,0.05,16,5427,0.18,155,10396,0.42,12,7283,0.13
197,0,0.048,0.39,26,311,1.02,2,327,0.22,13,575,0.81,4,1578,0.16,9,2804,0.09,1,1627,0.05
1888,0,0.048,0.394,131,3999,0.4,64,4994,0.45,9,6739,0.05,65,6642,0.61,243,8562,0.8,8,11625,0.05
15140,0,0.048,1.212,34,802,0.52,19,1140,0.59,1,753,0.05,5,977,0.32,59,335,4.98,17,1615,0.82
20,0,0.048,0.901,16,682,0.29,5,863,0.2,1,753,0.05,48,688,4.35,10,909,0.31,7,2558,0.21
23026,0,0.047,0.356,29,605,0.58,13,543,0.85,4,980,0.15,5,1312,0.24,6,3573,0.05,6,1692,0.28
16572,0,0.047,0.58,50,501,1.22,23,666,1.22,12,919,0.47,3,3150,0.06,9,5386,0.05,22,3675,0.47
13698,0,0.047,0.39,50,951,0.64,17,1084,0.55,3,983,0.11,4,1935,0.13,6,3598,0.05,26,2356,0.86
1323,0,0.047,1.36,14,1039,0.16,1,754,0.05,63,962,2.35,52,882,3.67,37,569,1.84,3,2539,0.09
13493,0,0.046,0.64,75,469,1.95,7,707,0.35,26,886,1.05,5,1175,0.27,17,2719,0.18,1,1686,0.05
18005,0,0.046,0.485,78,1963,0.48,66,3649,0.64,6,781,0.28,1,1358,0.05,10,365,0.77,16,1813,0.69
20332,0,0.045,0.501,32,303,1.29,5,519,0.34,12,702,0.61,6,825,0.45,22,2353,0.26,1,1725,0.05
29843,0,0.045,0.265,9,199,0.55,5,371,0.48,2,579,0.12,1,1049,0.06,31,2609,0.34,1,1728,0.05
20911,0,0.045,0.658,46,603,0.93,40,1236,1.14,2,1588,0.05,8,1485,0.34,97,1971,1.39,4,3083,0.1
6055,0,0.044,1.19,27,537,0.61,1,720,0.05,1,809,0.04,4,931,0.27,68,346,5.55,15,1907,0.61
24426,0,0.044,1.251,46,688,0.82,58,788,2.6,12,623,0.69,7,764,0.57,33,335,2.78,1,1773,0.04
13990,0,0.044,1.179,29,574,0.62,2,771,0.09,1,821,0.04,4,1052,0.24,70,365,5.42,17,1996,0.66
2425,0,0.044,1.216,23,607,0.46,2,681,0.1,1,824,0.04,3,968,0.19,80,370,6.11,10,2033,0.38
31981,0,0.043,1.273,45,520,1.06,86,482,6.3,2,949,0.08,1,834,0.07,2,1300,0.04,1,869,0.09
31988,0,0.043,1.493,64,253,3.08,41,427,3.39,1,827,0.04,2,427,0.29,28,1131,0.7,19,1026,1.45
26824,0,0.043,0.595,56,619,1.1,23,817,0.99,1,829,0.04,13,868,0.93,10,791,0.36,2,1097,0.14
7104,0,0.043,0.536,12,279,0.52,32,556,2.03,4,900,0.16,1,936,0.07,33,2373,0.39,1,1819,0.04
30929,0,0.043,0.64,3731,41902,1.09,1621,58672,0.98,126,18761,0.24,176,22896,0.48,4,2640,0.04,195,15014,1.01
16887,0,0.043,1.245,34,2140,0.19,252,2294,3.88,14,3800,0.13,3,4386,0.04,404,3708,3.08,21,11296,0.15
10896,0,0.042,0.63,4,182,0.27,24,316,2.68,7,624,0.4,1,653,0.1,24,2356,0.29,1,1842,0.04
3580,0,0.042,0.742,242,1005,2.94,42,1952,0.76,7,1677,0.15,13,2500,0.32,7,4669,0.04,7,2251,0.24
24597,0,0.042,0.323,33,418,0.96,4,589,0.24,7,753,0.33,1,1471,0.04,37,3671,0.28,2,2109,0.07
11907,0,0.042,0.477,65,1285,0.62,5,1211,0.15,34,1537,0.79,5,1417,0.22,86,2333,1.04,1,1863,0.04
25490,0,0.042,0.353,19,401,0.58,9,551,0.58,7,696,0.36,1,1496,0.04,35,2801,0.35,5,1862,0.21
22999,0,0.041,0.473,81,735,1.34,20,978,0.72,4,1221,0.12,1,1508,0.04,58,3867,0.42,6,2503,0.19
32072,0,0.041,0.276,1,296,0.04,2,609,0.12,5,595,0.3,2,576,0.22,1,334,0.08,7,610,0.9
15935,0,0.041,0.343,67,1076,0.76,25,891,0.99,4,1460,0.1,3,1589,0.12,8,4507,0.05,1,1906,0.04
9544,0,0.04,1.051,13,691,0.23,1,872,0.04,4,938,0.15,74,858,5.37,11,982,0.32,8,3190,0.2
25234,0,0.04,0.553,59,430,1.67,16,780,0.72,19,1332,0.51,4,1410,0.18,26,3768,0.19,1,1929,0.04
29365,0,0.04,0.403,109,1849,0.72,29,2164,0.47,18,2505,0.26,37,3256,0.71,58,7362,0.22,3,5818,0.04
20209,0,0.04,0.957,26,323,0.98,44,364,4.27,6,889,0.24,2,1342,0.09,16,3817,0.12,1,1956,0.04
180,0,0.04,0.435,65,413,1.92,6,502,0.42,1,899,0.04,3,1737,0.11,12,4441,0.08,1,1802,0.04
29888,0,0.039,0.434,36,351,1.25,2,506,0.14,16,650,0.88,3,1762,0.11,23,3457,0.19,1,1978,0.04
9622,0,0.039,0.621,27,214,1.54,3,304,0.35,19,561,1.21,5,1322,0.24,44,3566,0.35,1,1987,0.04
30400,0,0.039,0.984,122,294,5.06,4,647,0.22,1,913,0.04,6,1258,0.3,8,4342,0.05,5,1638,0.24
16291,0,0.039,0.645,30,558,0.66,35,751,1.65,8,1582,0.18,21,1601,0.82,67,3551,0.53,2,3979,0.04
12595,0,0.039,0.923,28,652,0.52,1,903,0.04,20,1210,0.59,43,1941,1.38,37,801,1.31,85,3904,1.7
22448,0,0.038,0.23,19,1081,0.21,13,1627,0.28,1,936,0.04,1,1192,0.05,15,575,0.74,1,1441,0.05
23258,0,0.038,0.52,58,493,1.43,7,632,0.39,16,869,0.66,10,1518,0.41,25,3769,0.19,1,2048,0.04
14775,0,0.038,0.344,8,1420,0.07,17,2653,0.23,2,1882,0.04,12,1740,0.43,2,200,0.28,21,1612,1.02
6155,0,0.038,0.431,41,377,1.33,2,555,0.13,16,845,0.68,3,1705,0.11,41,3807,0.3,1,2054,0.04
6925,0,0.038,0.567,124,1735,0.87,53,2219,0.84,5,4081,0.04,53,4517,0.73,195,6284,0.88,4,8231,0.04
11535,0,0.038,2.048,148,543,3.32,54,797,2.39,3,1014,0.11,1,1654,0.04,116,585,5.6,22,2079,0.83
25662,0,0.037,0.294,17,228,0.91,6,366,0.58,1,778,0.05,1,1668,0.04,27,5440,0.14,2,3051,0.05
30783,0,0.037,1.094,96,329,3.56,13,579,0.79,11,438,0.9,6,487,0.77,1,759,0.04,4,617,0.51
32213,0,0.037,5.005,17,68,3.05,35,48,25.75,8,293,0.98,1,1690,0.04,18,2816,0.18,1,1901,0.04
31308,0,0.036,0.408,31,738,0.51,1,980,0.04,15,935,0.58,3,1163,0.16,36,2329,0.44,18,1930,0.73
1972,0,0.036,0.508,49,734,0.81,32,920,1.23,3,1044,0.1,9,1486,0.38,47,2695,0.49,1,2191,0.04
843,0,0.036,1.71,31,487,0.78,4,829,0.17,1,1009,0.04,7,1238,0.35,92,300,8.67,7,2100,0.26
5781,0,0.035,0.873,164,682,2.93,34,775,1.55,2,257,0.28,4,700,0.36,1,809,0.03,1,899,0.09
20787,0,0.034,1.202,50,869,0.7,4,1020,0.14,1,1041,0.03,6,1232,0.3,89,492,5.11,31,2624,0.92
27530,0,0.034,1.866,128,318,4.91,54,618,3.09,46,843,1.96,16,894,1.11,2,1643,0.03,1,802,0.1
4085,0,0.034,0.818,295,2984,1.21,159,5852,0.96,50,1675,1.07,57,2687,1.32,1,823,0.03,8,1965,0.32
13832,0,0.034,1.557,3,1075,0.03,278,1415,6.94,15,1655,0.32,2,2519,0.05,35,675,1.47,19,2777,0.53
21718,0,0.034,0.457,10,433,0.28,27,562,1.7,1,1066,0.03,1,1158,0.05,41,1996,0.58,3,2421,0.1
3597,0,0.033,0.264,9,264,0.42,3,277,0.38,1,1090,0.03,7,964,0.45,29,5469,0.15,5,2627,0.15
11843,0,0.033,0.391,73,1415,0.63,6,1023,0.21,16,576,1.0,2,2471,0.05,65,4237,0.43,4,9549,0.03
8450,0,0.033,0.343,52,575,1.1,12,843,0.5,6,1007,0.21,3,2022,0.09,15,3694,0.11,1,2392,0.03
32185,0,0.032,1.091,25,928,0.33,8,1234,0.23,1,1106,0.03,87,963,5.63,9,1126,0.23,5,3732,0.1
30244,0,0.032,0.379,12,467,0.31,26,644,1.43,1,1113,0.03,3,1219,0.15,29,2893,0.28,2,2367,0.07
4144,0,0.032,0.972,311,6696,0.57,83,10484,0.28,16,7058,0.08,515,7177,4.47,111,7805,0.4,10,24543,0.03
31980,0,0.032,0.382,33,1120,0.36,1,1120,0.03,11,677,0.58,11,782,0.88,3,609,0.14,4,1023,0.31
25407,0,0.031,0.825,79,838,1.15,4,613,0.23,54,835,2.32,1,1155,0.05,94,2272,1.17,1,2480,0.03
10570,0,0.031,0.427,69,3257,0.26,60,3604,0.59,3,3439,0.03,41,2941,0.87,40,4013,0.28,29,4238,0.53
20005,0,0.031,9.927,39,67,7.1,56,39,50.7,6,458,0.47,1,2012,0.03,34,3769,0.25,35,2702,1.01
21392,0,0.031,0.813,18,793,0.28,22,996,0.78,1,1162,0.03,3,1337,0.14,109,911,3.38,10,2927,0.27
19687,0,0.031,1.738,116,794,1.78,49,1091,1.59,3,1216,0.09,1,2041,0.03,161,722,6.3,20,2429,0.64
26148,0,0.03,0.822,41,2951,0.17,40,1339,1.05,2,2365,0.03,44,1851,1.48,55,991,1.57,9,1121,0.63
31043,0,0.03,1.174,128,1113,1.4,22,2065,0.38,1,1215,0.03,1,1972,0.03,61,499,3.45,53,2363,1.75
11413,0,0.029,0.66,67,654,1.25,15,488,1.09,9,977,0.33,10,946,0.66,2,1936,0.03,15,1928,0.61
29970,0,0.029,2.254,2,196,0.12,23,62,13.1,1,483,0.07,1,2173,0.03,9,4144,0.06,5,2827,0.14
19085,0,0.029,0.732,282,3842,0.89,36,4129,0.31,2,2506,0.03,45,4156,0.67,109,2135,1.44,88,6580,1.04
11690,0,0.028,0.446,69,814,1.03,17,1144,0.52,1,1263,0.03,11,1074,0.64,9,1263,0.2,5,1556,0.25
2857,0,0.028,0.695,3,1319,0.03,19,2462,0.27,1,1268,0.03,1,1258,0.05,1,762,0.04,42,874,3.75
18039,0,0.027,0.427,76,665,1.39,20,943,0.75,2,1096,0.07,3,1970,0.09,41,4951,0.23,1,2854,0.03
28523,0,0.027,1.222,191,1436,1.62,1,1297,0.03,37,1862,0.71,15,1833,0.51,128,873,4.14,13,3223,0.31
4351,0,0.027,1.518,307,1506,2.49,25,2461,0.36,38,1646,0.83,1,2296,0.03,127,905,3.97,67,3629,1.44
14283,0,0.027,0.547,56,1268,0.54,6,1011,0.21,53,2104,0.9,12,1784,0.42,177,4231,1.18,1,2905,0.03
4520,0,0.026,0.474,67,837,0.98,28,1084,0.91,12,1661,0.26,14,1932,0.45,34,4406,0.22,1,3000,0.03
13077,0,0.026,0.622,30,1062,0.34,18,1547,0.41,2,995,0.07,41,967,2.64,6,721,0.24,1,3007,0.03
32388,0,0.025,0.198,3,91,0.4,1,174,0.2,2,470,0.15,3,558,0.33,4,4475,0.03,1,1065,0.07
17548,0,0.024,0.587,55,1484,0.45,6,1296,0.16,72,3574,0.72,53,3604,0.92,176,4007,1.24,2,6383,0.02
8023,0,0.024,0.333,57,914,0.76,12,1848,0.23,4,2062,0.07,26,2550,0.64,5,5826,0.02,13,3631,0.28
19905,0,0.023,0.821,210,1705,1.5,32,1250,0.9,1,1576,0.02,14,1708,0.51,36,589,1.73,8,2428,0.26
6469,0,0.021,0.408,39,371,1.28,8,297,0.95,4,1008,0.14,2,4725,0.03,7,9220,0.02,2,5661,0.03
28492,0,0.02,0.33,41,396,1.26,5,419,0.42,2,615,0.12,3,1549,0.12,2,2825,0.02,1,1867,0.04
8524,0,0.02,0.64,206,1177,2.13,1,1799,0.02,78,2829,0.99,25,4038,0.39,45,4473,0.28,1,2783,0.03
11005,0,0.018,0.115,9,963,0.11,1,1921,0.02,1,942,0.04,1,1388,0.04,6,500,0.34,3,1756,0.13
5381,0,0.017,0.814,97,342,3.46,16,821,0.69,14,1705,0.29,5,1397,0.22,2,3247,0.02,6,2279,0.21
20451,0,0.017,0.18,42,4072,0.13,69,7818,0.31,7,14740,0.02,32,12033,0.17,103,7079,0.41,53,80733,0.05
19207,0,0.016,0.156,71,1320,0.66,2,1242,0.06,4,1366,0.1,1,3851,0.02,12,7620,0.04,3,4250,0.06
13751,0,0.016,1.438,175,272,7.84,5,1154,0.15,5,462,0.39,2,794,0.16,1,1789,0.02,1,1135,0.07
17144,0,0.015,0.857,301,2140,1.72,4,3165,0.04,327,5373,2.18,91,7069,0.8,111,8209,0.38,1,5279,0.01
9513,0,0.015,0.421,313,4635,0.82,56,5006,0.39,48,2790,0.62,1,4237,0.01,33,1506,0.62,4,5718,0.05
4629,0,0.015,0.923,180,8047,0.27,155,12162,0.45,1,2442,0.01,25,3491,0.45,72,1117,1.82,144,4440,2.53
19067,0,0.013,0.673,118,3211,0.45,88,4613,0.67,1,2734,0.01,11,3626,0.19,94,1393,1.91,41,3957,0.81
26762,0,0.013,1.845,588,3342,2.15,154,4128,1.32,23,4407,0.19,1,4904,0.01,777,3184,6.9,53,8046,0.51
5735,0,0.012,0.239,34,3791,0.11,2,5742,0.01,2,1699,0.04,3,1476,0.13,23,833,0.78,31,6649,0.36
11204,0,0.011,1.354,277,3424,0.99,42,2339,0.63,1,3138,0.01,35,3405,0.64,181,1063,4.81,82,6151,1.04
28757,0,0.011,0.07,12,4321,0.03,2,4039,0.02,46,5790,0.28,1,3866,0.02,5,2450,0.06,1,6942,0.01
2551,0,0.009,0.181,20,592,0.41,5,538,0.33,3,1021,0.11,5,1709,0.18,2,6089,0.01,1,1538,0.05
17806,0,0.009,0.868,173,1758,1.2,67,1281,1.85,10,802,0.45,6,1130,0.33,1,3049,0.01,41,2331,1.37
4339,0,0.009,0.201,19,2377,0.1,8,3627,0.08,2,7884,0.01,41,4424,0.58,69,27445,0.07,78,16191,0.38
443,0,0.008,1.291,1,1454,0.01,22,341,2.28,16,801,0.72,58,945,3.82,11,783,0.4,6,893,0.52
19703,0,0.007,1.601,7549,64979,1.42,2361,76905,1.08,1,4909,0.01,429,14688,1.82,82,1286,1.8,1012,22737,3.48
14391,0,0.007,1.077,182,2819,0.79,316,2368,4.71,46,3160,0.52,1,3324,0.02,1,4255,0.01,21,3928,0.42
20873,0,0.002,3.936,1,17,0.72,14,122,4.05,1022,4323,8.48,1,25778,0.0,67,190,9.97,11,2143,0.4
